2026/09/14 16:13:11.304, 13.25, 210, 0, 49, 60.00
2026/09/14 16:13:11.334, 13.25, 210, 0, 49, 60.00
2026/09/14 16:13:11.350, 13.25, 210, 0, 49, 60.00
2026/09/14 16:13:11.366, 13.25, 210, 0, 49, 60.00
2026/09/14 16:13:11.382, 13.27, 210, 0, 49, 60.00
2026/09/14 16:13:11.397, 13.27, 210, 0, 49, 60.00
2026/09/14 16:13:11.413, 13.27, 210, 0, 49, 60.00
2026/09/14 16:13:11.429, 13.27, 210, 0, 49, 60.00
2026/09/14 16:13:11.460, 13.27, 210, 0, 49, 60.00
2026/09/14 16:13:11.476, 13.27, 210, 0, 49, 60.00
2026/09/14 16:13:11.492, 13.27, 210, 0, 49, 60.00
2026/09/14 16:13:11.523, 13.27, 210, 0, 49, 60.00
2026/09/14 16:13:11.538, 13.27, 210, 0, 49, 60.00
2026/09/14 16:13:11.554, 13.27, 210, 0, 49, 60.00
2026/09/14 16:13:11.570, 13.27, 210, 0, 49, 60.00
2026/09/14 16:13:11.585, 13.33, 210, 0, 49, 60.00
2026/09/14 16:13:11.601, 13.33, 210, 0, 49, 60.00
2026/09/14 16:13:11.632, 13.33, 210, 0, 49, 60.00
2026/09/14 16:13:11.662, 13.33, 210, 0, 49, 60.00
2026/09/14 16:13:11.677, 13.32, 210, 0, 49, 60.00
2026/09/14 16:13:11.708, 13.32, 210, 1, 49, 60.00
2026/09/14 16:13:11.723, 13.32, 210, 1, 49, 60.00
2026/09/14 16:13:11.754, 13.32, 210, 1, 49, 60.00
2026/09/14 16:13:11.770, 13.32, 210, 1, 49, 60.00
2026/09/14 16:13:11.785, 13.37, 210, 1, 49, 60.00
2026/09/14 16:13:11.801, 13.37, 210, 1, 49, 60.00
2026/09/14 16:13:11.817, 13.37, 210, 1, 49, 60.00
2026/09/14 16:13:11.832, 13.37, 210, 1, 49, 60.00
2026/09/14 16:13:11.848, 13.37, 210, 1, 49, 60.00
2026/09/14 16:13:11.865, 13.37, 210, 1, 49, 60.00
2026/09/14 16:13:11.880, 13.35, 210, 1, 49, 60.00
2026/09/14 16:13:11.912, 13.35, 210, 1, 49, 60.00
2026/09/14 16:13:11.927, 13.35, 210, 1, 49, 60.00
2026/09/14 16:13:11.943, 13.35, 210, 1, 49, 60.00
2026/09/14 16:13:11.975, 13.35, 210, 1, 49, 60.00
2026/09/14 16:13:12.005, 13.47, 210, 1, 49, 60.00
2026/09/14 16:13:12.020, 13.47, 210, 1, 49, 60.00
2026/09/14 16:13:12.036, 13.47, 210, 1, 49, 60.00
2026/09/14 16:13:12.051, 13.47, 210, 1, 49, 60.00
2026/09/14 16:13:12.067, 13.47, 210, 1, 49, 60.00
2026/09/14 16:13:12.082, 13.47, 210, 0, 49, 60.00
2026/09/14 16:13:12.098, 13.47, 210, 0, 49, 60.00
2026/09/14 16:13:12.114, 13.47, 210, 0, 49, 60.00
2026/09/14 16:13:12.130, 13.47, 210, 0, 49, 60.00
2026/09/14 16:13:12.146, 13.47, 210, 0, 49, 60.00
2026/09/14 16:13:12.162, 13.47, 210, 0, 49, 60.00
2026/09/14 16:13:12.193, 13.53, 210, 0, 49, 60.00
2026/09/14 16:13:12.224, 13.53, 210, 0, 49, 60.00
2026/09/14 16:13:12.240, 13.53, 210, 0, 49, 60.00
2026/09/14 16:13:12.255, 13.53, 210, 0, 49, 60.00
2026/09/14 16:13:12.271, 13.53, 210, 0, 49, 60.00
2026/09/14 16:13:12.286, 13.64, 210, 2, 49, 60.00
2026/09/14 16:13:12.301, 13.64, 210, 2, 49, 60.00
2026/09/14 16:13:12.317, 13.64, 210, 2, 49, 60.00
2026/09/14 16:13:12.333, 13.64, 210, 2, 49, 60.00
2026/09/14 16:13:12.349, 13.64, 210, 2, 49, 60.00
2026/09/14 16:13:12.364, 13.64, 210, 2, 49, 60.00
2026/09/14 16:13:12.381, 13.72, 210, 2, 49, 60.00
2026/09/14 16:13:12.396, 13.72, 210, 2, 49, 60.00
2026/09/14 16:13:12.427, 13.72, 210, 2, 49, 60.00
2026/09/14 16:13:12.443, 13.72, 210, 2, 49, 60.00
2026/09/14 16:13:12.458, 13.72, 210, 2, 49, 60.00
2026/09/14 16:13:12.474, 13.72, 210, 2, 49, 60.00
2026/09/14 16:13:12.490, 13.74, 210, 0, 49, 60.00
2026/09/14 16:13:12.505, 13.74, 210, 0, 49, 60.00
2026/09/14 16:13:12.521, 13.74, 210, 0, 49, 60.00
2026/09/14 16:13:12.537, 13.74, 210, 0, 49, 60.00
2026/09/14 16:13:12.552, 13.74, 210, 0, 49, 60.00
2026/09/14 16:13:12.567, 13.74, 210, 0, 49, 60.00
2026/09/14 16:13:12.583, 13.76, 210, 0, 49, 60.00
2026/09/14 16:13:12.599, 13.76, 210, 0, 49, 60.00
2026/09/14 16:13:12.614, 13.76, 210, 0, 49, 60.00
2026/09/14 16:13:12.630, 13.76, 210, 0, 49, 60.00
2026/09/14 16:13:12.659, 13.76, 210, 0, 49, 60.00
2026/09/14 16:13:12.674, 13.76, 210, 0, 49, 60.00
2026/09/14 16:13:12.690, 13.72, 210, 0, 49, 60.00
2026/09/14 16:13:12.705, 13.72, 210, 0, 49, 60.00
2026/09/14 16:13:12.736, 13.72, 210, 0, 49, 60.00
2026/09/14 16:13:12.751, 13.72, 210, 0, 49, 60.00
2026/09/14 16:13:12.767, 13.72, 210, 0, 49, 60.00
2026/09/14 16:13:12.783, 13.78, 210, 0, 49, 60.00
2026/09/14 16:13:12.798, 13.78, 210, 0, 49, 60.00
2026/09/14 16:13:12.814, 13.78, 210, 0, 49, 60.00
2026/09/14 16:13:12.830, 13.78, 210, 0, 49, 60.00
2026/09/14 16:13:12.845, 13.78, 210, 0, 49, 60.00
2026/09/14 16:13:12.861, 13.78, 210, 0, 49, 60.00
2026/09/14 16:13:12.893, 13.78, 210, 2, 49, 60.00
2026/09/14 16:13:12.908, 13.78, 210, 2, 49, 60.00
2026/09/14 16:13:12.924, 13.78, 210, 2, 49, 60.00
2026/09/14 16:13:12.940, 13.78, 210, 2, 49, 60.00
2026/09/14 16:13:12.955, 13.78, 210, 2, 49, 60.00
2026/09/14 16:13:12.970, 13.78, 210, 2, 49, 60.00
2026/09/14 16:13:12.986, 13.80, 210, 2, 49, 60.00
2026/09/14 16:13:13.002, 13.80, 210, 2, 49, 60.00
2026/09/14 16:13:13.019, 13.80, 210, 2, 49, 60.00
2026/09/14 16:13:13.034, 13.80, 210, 2, 49, 60.00
2026/09/14 16:13:13.049, 13.80, 210, 2, 49, 60.00
2026/09/14 16:13:13.064, 13.80, 210, 2, 49, 60.00
2026/09/14 16:13:13.079, 13.78, 210, 0, 49, 60.00
2026/09/14 16:13:13.095, 13.78, 210, 0, 49, 60.00
2026/09/14 16:13:13.110, 13.78, 210, 0, 49, 60.00
2026/09/14 16:13:13.126, 13.78, 210, 0, 49, 60.00
2026/09/14 16:13:13.141, 13.78, 210, 0, 49, 60.00
2026/09/14 16:13:13.156, 13.78, 210, 0, 49, 60.00
2026/09/14 16:13:13.172, 13.78, 210, 0, 49, 60.00
2026/09/14 16:13:13.187, 13.80, 210, 0, 49, 60.00
2026/09/14 16:13:13.203, 13.80, 210, 0, 49, 60.00
2026/09/14 16:13:13.219, 13.80, 210, 0, 49, 60.00
2026/09/14 16:13:13.234, 13.80, 210, 0, 49, 60.00
2026/09/14 16:13:13.250, 13.80, 210, 0, 49, 60.00
2026/09/14 16:13:13.281, 13.73, 210, 1, 49, 60.00
2026/09/14 16:13:13.312, 13.73, 210, 1, 49, 60.00
2026/09/14 16:13:13.344, 13.73, 210, 1, 49, 60.00
2026/09/14 16:13:13.360, 13.73, 210, 1, 49, 60.00
2026/09/14 16:13:13.375, 13.70, 210, 1, 49, 60.00
2026/09/14 16:13:13.391, 13.70, 210, 1, 49, 60.00
2026/09/14 16:13:13.406, 13.70, 210, 1, 49, 60.00
2026/09/14 16:13:13.422, 13.70, 210, 1, 49, 60.00
2026/09/14 16:13:13.438, 13.70, 210, 1, 49, 60.00
2026/09/14 16:13:13.454, 13.70, 210, 1, 49, 60.00
2026/09/14 16:13:13.469, 13.70, 210, 1, 49, 60.00
2026/09/14 16:13:13.485, 13.73, 210, 1, 49, 60.00
2026/09/14 16:13:13.501, 13.73, 210, 1, 49, 60.00
2026/09/14 16:13:13.516, 13.73, 210, 1, 49, 60.00
2026/09/14 16:13:13.532, 13.73, 210, 1, 49, 60.00
2026/09/14 16:13:13.548, 13.73, 210, 1, 49, 60.00
2026/09/14 16:13:13.563, 13.73, 210, 1, 49, 60.00
2026/09/14 16:13:13.579, 13.73, 210, 1, 49, 60.00
2026/09/14 16:13:13.595, 13.73, 210, 1, 49, 60.00
2026/09/14 16:13:13.610, 13.73, 210, 1, 49, 60.00
2026/09/14 16:13:13.626, 13.73, 210, 1, 49, 60.00
2026/09/14 16:13:13.641, 13.73, 210, 1, 49, 60.00
2026/09/14 16:13:13.657, 13.73, 210, 1, 49, 60.00
2026/09/14 16:13:13.673, 13.73, 210, 1, 49, 60.00
2026/09/14 16:13:13.688, 13.73, 210, 0, 49, 60.00
2026/09/14 16:13:13.704, 13.73, 210, 0, 49, 60.00
2026/09/14 16:13:13.720, 13.73, 210, 0, 49, 60.00
2026/09/14 16:13:13.751, 13.73, 210, 0, 49, 60.00
2026/09/14 16:13:13.767, 13.73, 210, 0, 49, 60.00
2026/09/14 16:13:13.797, 13.76, 210, 0, 49, 60.00
2026/09/14 16:13:13.828, 13.76, 210, 0, 49, 60.00
2026/09/14 16:13:13.859, 13.76, 210, 0, 49, 60.00
2026/09/14 16:13:13.875, 13.69, 210, 0, 49, 60.00
2026/09/14 16:13:13.905, 13.69, 210, 2, 49, 60.00
2026/09/14 16:13:13.920, 13.69, 210, 2, 49, 60.00
2026/09/14 16:13:13.936, 13.69, 210, 2, 49, 60.00
2026/09/14 16:13:13.952, 13.69, 210, 2, 49, 60.00
2026/09/14 16:13:13.967, 13.69, 210, 2, 49, 60.00
2026/09/14 16:13:13.983, 13.65, 210, 2, 49, 60.00
2026/09/14 16:13:13.998, 13.65, 210, 2, 49, 60.00
2026/09/14 16:13:14.013, 13.65, 210, 2, 49, 60.00
2026/09/14 16:13:14.045, 13.65, 210, 2, 49, 60.00
2026/09/14 16:13:14.060, 13.65, 210, 2, 49, 60.00
2026/09/14 16:13:14.076, 13.65, 210, 2, 49, 60.00
2026/09/14 16:13:14.091, 13.65, 210, 0, 49, 60.00
2026/09/14 16:13:14.107, 13.65, 210, 0, 49, 60.00
2026/09/14 16:13:14.123, 13.65, 210, 0, 49, 60.00
2026/09/14 16:13:14.138, 13.65, 210, 0, 49, 60.00
2026/09/14 16:13:14.154, 13.65, 210, 0, 49, 60.00
2026/09/14 16:13:14.169, 13.65, 210, 0, 49, 60.00
2026/09/14 16:13:14.185, 13.66, 210, 0, 49, 60.00
2026/09/14 16:13:14.201, 13.66, 210, 0, 49, 60.00
2026/09/14 16:13:14.216, 13.66, 210, 0, 49, 60.00
2026/09/14 16:13:14.232, 13.66, 210, 0, 49, 60.00
2026/09/14 16:13:14.263, 13.66, 210, 0, 49, 60.00
2026/09/14 16:13:14.279, 13.67, 210, 0, 49, 60.00
2026/09/14 16:13:14.295, 13.67, 210, 0, 49, 60.00
2026/09/14 16:13:14.311, 13.67, 210, 0, 49, 60.00
2026/09/14 16:13:14.327, 13.67, 210, 0, 49, 60.00
2026/09/14 16:13:14.343, 13.67, 210, 0, 49, 60.00
2026/09/14 16:13:14.375, 13.71, 210, 0, 49, 60.00
2026/09/14 16:13:14.405, 13.71, 210, 0, 49, 60.00
2026/09/14 16:13:14.435, 13.71, 210, 0, 49, 60.00
2026/09/14 16:13:14.466, 13.71, 210, 0, 49, 60.00
2026/09/14 16:13:14.482, 13.68, 210, 1, 49, 60.00
2026/09/14 16:13:14.498, 13.68, 210, 1, 49, 60.00
2026/09/14 16:13:14.514, 13.68, 210, 1, 49, 60.00
2026/09/14 16:13:14.530, 13.68, 210, 1, 49, 60.00
2026/09/14 16:13:14.545, 13.68, 210, 1, 49, 60.00
2026/09/14 16:13:14.561, 13.68, 210, 1, 49, 60.00
2026/09/14 16:13:14.576, 13.67, 210, 1, 49, 60.00
2026/09/14 16:13:14.592, 13.67, 210, 1, 49, 60.00
2026/09/14 16:13:14.608, 13.67, 210, 1, 49, 60.00
2026/09/14 16:13:14.623, 13.67, 210, 1, 49, 60.00
2026/09/14 16:13:14.638, 13.67, 210, 1, 49, 60.00
2026/09/14 16:13:14.653, 13.67, 210, 1, 49, 60.00
2026/09/14 16:13:14.669, 13.67, 210, 1, 49, 60.00
2026/09/14 16:13:14.684, 13.66, 210, 0, 49, 60.00
2026/09/14 16:13:14.716, 13.66, 210, 0, 49, 60.00
2026/09/14 16:13:14.732, 13.66, 210, 0, 49, 60.00
2026/09/14 16:13:14.747, 13.66, 210, 0, 49, 60.00
2026/09/14 16:13:14.763, 13.66, 210, 0, 49, 60.00
2026/09/14 16:13:14.778, 13.72, 210, 0, 49, 60.00
2026/09/14 16:13:14.809, 13.72, 210, 0, 49, 60.00
2026/09/14 16:13:14.825, 13.72, 210, 0, 49, 60.00
2026/09/14 16:13:14.841, 13.72, 210, 0, 49, 60.00
2026/09/14 16:13:14.857, 13.72, 210, 0, 49, 60.00
2026/09/14 16:13:14.872, 13.72, 210, 0, 49, 60.00
2026/09/14 16:13:14.903, 13.68, 210, 2, 49, 60.00
2026/09/14 16:13:14.919, 13.68, 210, 2, 49, 60.00
2026/09/14 16:13:14.934, 13.68, 210, 2, 49, 60.00
2026/09/14 16:13:14.950, 13.68, 210, 2, 49, 60.00
2026/09/14 16:13:14.966, 13.68, 210, 2, 49, 60.00
2026/09/14 16:13:14.981, 13.74, 210, 2, 49, 60.00
2026/09/14 16:13:14.997, 13.74, 210, 2, 49, 60.00
2026/09/14 16:13:15.012, 13.74, 210, 2, 49, 60.00
2026/09/14 16:13:15.027, 13.74, 210, 2, 49, 60.00
2026/09/14 16:13:15.058, 13.74, 210, 2, 49, 60.00
2026/09/14 16:13:15.073, 13.74, 210, 2, 49, 60.00
2026/09/14 16:13:15.104, 13.81, 210, 2, 49, 60.00
2026/09/14 16:13:15.120, 13.81, 210, 2, 49, 60.00
2026/09/14 16:13:15.135, 13.81, 210, 2, 49, 60.00
2026/09/14 16:13:15.166, 13.81, 210, 2, 49, 60.00
2026/09/14 16:13:15.182, 13.82, 210, 2, 49, 60.00
2026/09/14 16:13:15.198, 13.82, 210, 2, 49, 60.00
2026/09/14 16:13:15.213, 13.82, 210, 2, 49, 60.00
2026/09/14 16:13:15.230, 13.82, 210, 2, 49, 60.00
2026/09/14 16:13:15.245, 13.82, 210, 2, 49, 60.00
2026/09/14 16:13:15.261, 13.82, 210, 2, 49, 60.00
2026/09/14 16:13:15.277, 13.82, 210, 2, 49, 60.00
2026/09/14 16:13:15.293, 13.90, 210, 1, 49, 60.00
2026/09/14 16:13:15.308, 13.90, 210, 1, 49, 60.00
2026/09/14 16:13:15.324, 13.90, 210, 1, 49, 60.00
2026/09/14 16:13:15.355, 13.90, 210, 1, 49, 60.00
2026/09/14 16:13:15.370, 13.90, 210, 1, 49, 60.00
2026/09/14 16:13:15.387, 13.91, 210, 1, 49, 60.00
2026/09/14 16:13:15.418, 13.91, 210, 1, 49, 60.00
2026/09/14 16:13:15.433, 13.91, 210, 1, 49, 60.00
2026/09/14 16:13:15.464, 13.91, 210, 1, 49, 60.00
2026/09/14 16:13:15.480, 13.97, 210, 3, 49, 60.00
2026/09/14 16:13:15.510, 13.97, 210, 3, 49, 60.00
2026/09/14 16:13:15.526, 13.97, 210, 3, 49, 60.00
2026/09/14 16:13:15.542, 13.97, 210, 3, 49, 60.00
2026/09/14 16:13:15.557, 13.97, 210, 3, 49, 60.00
2026/09/14 16:13:15.573, 13.97, 210, 3, 49, 60.00
2026/09/14 16:13:15.604, 14.03, 210, 3, 49, 60.00
2026/09/14 16:13:15.635, 14.03, 210, 3, 49, 60.00
2026/09/14 16:13:15.650, 14.03, 210, 3, 49, 60.00
2026/09/14 16:13:15.665, 14.03, 210, 3, 49, 60.00
2026/09/14 16:13:15.682, 14.07, 210, 1, 49, 60.00
2026/09/14 16:13:15.712, 14.07, 210, 1, 49, 60.00
2026/09/14 16:13:15.728, 14.07, 210, 1, 49, 60.00
2026/09/14 16:13:15.759, 14.07, 210, 1, 49, 60.00
2026/09/14 16:13:15.775, 14.12, 210, 1, 49, 60.00
2026/09/14 16:13:15.790, 14.12, 210, 1, 49, 60.00
2026/09/14 16:13:15.806, 14.12, 210, 1, 49, 60.00
2026/09/14 16:13:15.822, 14.12, 210, 1, 49, 60.00
2026/09/14 16:13:15.837, 14.12, 210, 1, 49, 60.00
2026/09/14 16:13:15.853, 14.12, 210, 1, 49, 60.00
2026/09/14 16:13:15.868, 14.12, 210, 1, 49, 60.00
2026/09/14 16:13:15.884, 14.04, 210, 2, 49, 60.00
2026/09/14 16:13:15.915, 14.04, 210, 2, 49, 60.00
2026/09/14 16:13:15.931, 14.04, 210, 2, 49, 60.00
2026/09/14 16:13:15.946, 14.04, 210, 2, 49, 60.00
2026/09/14 16:13:15.962, 14.04, 210, 2, 49, 60.00
2026/09/14 16:13:15.978, 14.09, 210, 2, 49, 60.00
2026/09/14 16:13:16.009, 14.09, 210, 2, 49, 60.00
2026/09/14 16:13:16.024, 14.09, 210, 2, 49, 60.00
2026/09/14 16:13:16.055, 14.09, 210, 2, 48, 60.00
2026/09/14 16:13:16.086, 14.09, 210, 1, 48, 60.00
2026/09/14 16:13:16.102, 14.09, 210, 1, 48, 60.00
2026/09/14 16:13:16.118, 14.09, 210, 1, 48, 60.00
2026/09/14 16:13:16.134, 14.09, 210, 1, 48, 60.00
2026/09/14 16:13:16.164, 14.09, 210, 1, 48, 60.00
2026/09/14 16:13:16.180, 14.06, 210, 1, 48, 60.00
2026/09/14 16:13:16.195, 14.06, 210, 1, 48, 60.00
2026/09/14 16:13:16.211, 14.06, 210, 1, 48, 60.00
2026/09/14 16:13:16.226, 14.06, 210, 1, 48, 60.00
2026/09/14 16:13:16.241, 14.06, 210, 1, 48, 60.00
2026/09/14 16:13:16.257, 14.06, 210, 1, 48, 60.00
2026/09/14 16:13:16.273, 14.06, 210, 1, 48, 60.00
2026/09/14 16:13:16.288, 14.03, 210, 0, 48, 60.00
2026/09/14 16:13:16.304, 14.03, 210, 0, 48, 60.00
2026/09/14 16:13:16.320, 14.03, 210, 0, 48, 60.00
2026/09/14 16:13:16.337, 14.03, 210, 0, 48, 60.00
2026/09/14 16:13:16.352, 14.03, 210, 0, 48, 60.00
2026/09/14 16:13:16.368, 14.03, 210, 0, 48, 60.00
2026/09/14 16:13:16.383, 13.95, 210, 0, 48, 60.00
2026/09/14 16:13:16.415, 13.95, 210, 0, 48, 60.00
2026/09/14 16:13:16.430, 13.95, 210, 0, 48, 60.00
2026/09/14 16:13:16.446, 13.95, 210, 0, 48, 60.00
2026/09/14 16:13:16.462, 13.95, 210, 0, 48, 60.00
2026/09/14 16:13:16.478, 13.91, 210, 0, 48, 60.00
2026/09/14 16:13:16.493, 13.91, 210, 0, 48, 60.00
2026/09/14 16:13:16.509, 13.91, 210, 0, 48, 60.00
2026/09/14 16:13:16.541, 13.91, 210, 0, 48, 60.00
2026/09/14 16:13:16.572, 13.91, 210, 0, 48, 60.00
2026/09/14 16:13:16.604, 13.84, 210, 0, 48, 60.00
2026/09/14 16:13:16.620, 13.84, 210, 0, 48, 60.00
2026/09/14 16:13:16.636, 13.84, 210, 0, 48, 60.00
2026/09/14 16:13:16.652, 13.84, 210, 0, 48, 60.00
2026/09/14 16:13:16.668, 13.84, 210, 0, 48, 60.00
2026/09/14 16:13:16.683, 13.82, 210, 2, 48, 60.00
2026/09/14 16:13:16.699, 13.82, 210, 2, 48, 60.00
2026/09/14 16:13:16.715, 13.82, 210, 2, 48, 60.00
2026/09/14 16:13:16.730, 13.82, 210, 2, 48, 60.00
2026/09/14 16:13:16.746, 13.82, 210, 2, 48, 60.00
2026/09/14 16:13:16.761, 13.82, 210, 2, 48, 60.00
2026/09/14 16:13:16.777, 13.82, 210, 2, 48, 60.00
2026/09/14 16:13:16.792, 13.82, 210, 2, 48, 60.00
2026/09/14 16:13:16.808, 13.82, 210, 2, 48, 60.00
2026/09/14 16:13:16.824, 13.82, 210, 2, 48, 60.00
2026/09/14 16:13:16.854, 13.82, 210, 2, 48, 60.00
2026/09/14 16:13:16.870, 13.82, 210, 2, 48, 60.00
2026/09/14 16:13:16.885, 13.76, 210, 1, 48, 60.00
2026/09/14 16:13:16.900, 13.76, 210, 1, 48, 60.00
2026/09/14 16:13:16.916, 13.76, 210, 1, 48, 60.00
2026/09/14 16:13:16.932, 13.76, 210, 1, 48, 60.00
2026/09/14 16:13:16.947, 13.76, 210, 1, 48, 60.00
2026/09/14 16:13:16.963, 13.76, 210, 1, 48, 60.00
2026/09/14 16:13:16.995, 13.80, 210, 1, 48, 60.00
2026/09/14 16:13:17.010, 13.80, 210, 1, 48, 60.00
2026/09/14 16:13:17.026, 13.80, 210, 1, 48, 60.00
2026/09/14 16:13:17.043, 13.80, 210, 1, 48, 60.00
2026/09/14 16:13:17.058, 13.80, 210, 1, 48, 60.00
2026/09/14 16:13:17.073, 13.76, 210, 1, 48, 60.00
2026/09/14 16:13:17.090, 13.76, 210, 0, 48, 60.00
2026/09/14 16:13:17.121, 13.76, 210, 0, 48, 60.00
2026/09/14 16:13:17.152, 13.76, 210, 0, 48, 60.00
2026/09/14 16:13:17.167, 13.76, 210, 0, 48, 60.00
2026/09/14 16:13:17.183, 13.76, 210, 0, 48, 60.00
2026/09/14 16:13:17.199, 13.76, 210, 0, 48, 60.00
2026/09/14 16:13:17.215, 13.76, 210, 0, 48, 60.00
2026/09/14 16:13:17.230, 13.76, 210, 0, 48, 60.00
2026/09/14 16:13:17.245, 13.76, 210, 0, 48, 60.00
2026/09/14 16:13:17.262, 13.76, 210, 0, 48, 60.00
2026/09/14 16:13:17.277, 13.77, 210, 1, 48, 60.00
2026/09/14 16:13:17.293, 13.77, 210, 1, 48, 60.00
2026/09/14 16:13:17.308, 13.77, 210, 1, 48, 60.00
2026/09/14 16:13:17.324, 13.77, 210, 1, 48, 60.00
2026/09/14 16:13:17.355, 13.77, 210, 1, 48, 60.00
2026/09/14 16:13:17.371, 13.77, 210, 1, 48, 60.00
2026/09/14 16:13:17.386, 13.77, 210, 1, 48, 60.00
2026/09/14 16:13:17.402, 13.77, 210, 1, 48, 60.00
2026/09/14 16:13:17.432, 13.77, 210, 1, 48, 60.00
2026/09/14 16:13:17.464, 13.77, 210, 1, 48, 60.00
2026/09/14 16:13:17.480, 13.77, 210, 0, 48, 60.00
2026/09/14 16:13:17.510, 13.77, 210, 0, 48, 60.00
2026/09/14 16:13:17.526, 13.77, 210, 0, 48, 60.00
2026/09/14 16:13:17.541, 13.77, 210, 0, 48, 60.00
2026/09/14 16:13:17.557, 13.77, 210, 0, 48, 60.00
2026/09/14 16:13:17.572, 13.77, 210, 0, 48, 60.00
2026/09/14 16:13:17.588, 13.75, 210, 0, 48, 60.00
2026/09/14 16:13:17.604, 13.75, 210, 0, 48, 60.00
2026/09/14 16:13:17.619, 13.75, 210, 0, 48, 60.00
2026/09/14 16:13:17.636, 13.75, 210, 0, 48, 60.00
2026/09/14 16:13:17.652, 13.75, 210, 0, 48, 60.00
2026/09/14 16:13:17.682, 13.75, 210, 1, 48, 60.00
2026/09/14 16:13:17.698, 13.75, 210, 1, 48, 60.00
2026/09/14 16:13:17.713, 13.75, 210, 1, 48, 60.00
2026/09/14 16:13:17.729, 13.75, 210, 1, 48, 60.00
2026/09/14 16:13:17.760, 13.75, 210, 1, 48, 60.00
2026/09/14 16:13:17.775, 13.76, 210, 1, 48, 60.00
2026/09/14 16:13:17.791, 13.76, 210, 1, 48, 60.00
2026/09/14 16:13:17.806, 13.76, 210, 1, 48, 60.00
2026/09/14 16:13:17.822, 13.76, 210, 1, 48, 60.00
2026/09/14 16:13:17.837, 13.76, 210, 1, 48, 60.00
2026/09/14 16:13:17.854, 13.76, 210, 1, 48, 60.00
2026/09/14 16:13:17.884, 13.71, 210, 1, 48, 60.00
2026/09/14 16:13:17.916, 13.71, 210, 1, 48, 60.00
2026/09/14 16:13:17.931, 13.71, 210, 1, 48, 60.00
2026/09/14 16:13:17.947, 13.71, 210, 1, 48, 60.00
2026/09/14 16:13:17.963, 13.71, 210, 1, 48, 60.00
2026/09/14 16:13:17.978, 13.74, 210, 1, 48, 60.00
2026/09/14 16:13:17.993, 13.74, 210, 1, 48, 60.00
2026/09/14 16:13:18.009, 13.74, 210, 1, 48, 60.00
2026/09/14 16:13:18.024, 13.74, 210, 1, 48, 60.00
2026/09/14 16:13:18.040, 13.74, 210, 1, 48, 60.00
2026/09/14 16:13:18.056, 13.74, 210, 1, 48, 60.00
2026/09/14 16:13:18.071, 13.74, 210, 1, 48, 60.00
2026/09/14 16:13:18.087, 13.69, 210, 0, 48, 60.00
2026/09/14 16:13:18.102, 13.69, 210, 0, 48, 60.00
2026/09/14 16:13:18.118, 13.69, 210, 0, 48, 60.00
2026/09/14 16:13:18.150, 13.69, 210, 0, 48, 60.00
2026/09/14 16:13:18.165, 13.69, 210, 0, 48, 60.00
2026/09/14 16:13:18.196, 13.68, 210, 0, 48, 60.00
2026/09/14 16:13:18.227, 13.68, 210, 0, 48, 60.00
2026/09/14 16:13:18.243, 13.68, 210, 0, 48, 60.00
2026/09/14 16:13:18.258, 13.68, 210, 0, 48, 60.00
2026/09/14 16:13:18.274, 13.67, 210, 0, 48, 60.00
2026/09/14 16:13:18.290, 13.67, 210, 1, 48, 60.00
2026/09/14 16:13:18.306, 13.67, 210, 1, 48, 60.00
2026/09/14 16:13:18.321, 13.67, 210, 1, 48, 60.00
2026/09/14 16:13:18.352, 13.67, 210, 1, 48, 60.00
2026/09/14 16:13:18.382, 13.64, 210, 1, 48, 60.00
2026/09/14 16:13:18.398, 13.64, 210, 1, 48, 60.00
2026/09/14 16:13:18.414, 13.64, 210, 1, 48, 60.00
2026/09/14 16:13:18.430, 13.64, 210, 1, 48, 60.00
2026/09/14 16:13:18.446, 13.64, 210, 1, 48, 60.00
2026/09/14 16:13:18.462, 13.64, 210, 1, 48, 60.00
2026/09/14 16:13:18.478, 13.65, 210, 0, 48, 60.00
2026/09/14 16:13:18.493, 13.65, 210, 0, 48, 60.00
2026/09/14 16:13:18.509, 13.65, 210, 0, 48, 60.00
2026/09/14 16:13:18.524, 13.65, 210, 0, 48, 60.00
2026/09/14 16:13:18.540, 13.65, 210, 0, 48, 60.00
2026/09/14 16:13:18.556, 13.65, 210, 0, 48, 60.00
2026/09/14 16:13:18.572, 13.65, 210, 0, 48, 60.00
2026/09/14 16:13:18.587, 13.62, 210, 0, 48, 60.00
2026/09/14 16:13:18.603, 13.62, 210, 0, 48, 60.00
2026/09/14 16:13:18.619, 13.62, 210, 0, 48, 60.00
2026/09/14 16:13:18.635, 13.62, 210, 0, 48, 60.00
2026/09/14 16:13:18.650, 13.62, 210, 0, 48, 60.00
2026/09/14 16:13:18.666, 13.62, 210, 0, 48, 60.00
2026/09/14 16:13:18.681, 13.65, 210, 0, 48, 60.00
2026/09/14 16:13:18.697, 13.65, 210, 0, 48, 60.00
2026/09/14 16:13:18.712, 13.65, 210, 0, 48, 60.00
2026/09/14 16:13:18.727, 13.65, 210, 0, 48, 60.00
2026/09/14 16:13:18.759, 13.65, 210, 0, 48, 60.00
2026/09/14 16:13:18.790, 13.65, 210, 0, 48, 60.00
2026/09/14 16:13:18.820, 13.65, 210, 0, 48, 60.00
2026/09/14 16:13:18.852, 13.65, 210, 0, 48, 60.00
2026/09/14 16:13:18.868, 13.65, 210, 0, 48, 60.00
2026/09/14 16:13:18.884, 13.59, 210, 2, 48, 60.00
2026/09/14 16:13:18.899, 13.59, 210, 2, 48, 60.00
2026/09/14 16:13:18.915, 13.59, 210, 2, 48, 60.00
2026/09/14 16:13:18.930, 13.59, 210, 2, 48, 60.00
2026/09/14 16:13:18.946, 13.59, 210, 2, 48, 60.00
2026/09/14 16:13:18.962, 13.59, 210, 2, 48, 60.00
2026/09/14 16:13:18.977, 13.60, 210, 2, 48, 60.00
2026/09/14 16:13:18.993, 13.60, 210, 2, 48, 60.00
2026/09/14 16:13:19.009, 13.60, 210, 2, 48, 60.00
2026/09/14 16:13:19.024, 13.60, 210, 2, 48, 60.00
2026/09/14 16:13:19.054, 13.60, 210, 2, 48, 60.00
2026/09/14 16:13:19.070, 13.60, 210, 2, 48, 60.00
2026/09/14 16:13:19.085, 13.56, 210, 0, 48, 60.00
2026/09/14 16:13:19.101, 13.56, 210, 0, 48, 60.00
2026/09/14 16:13:19.117, 13.56, 210, 0, 48, 60.00
2026/09/14 16:13:19.133, 13.56, 210, 0, 48, 60.00
2026/09/14 16:13:19.149, 13.56, 210, 0, 48, 60.00
2026/09/14 16:13:19.165, 13.56, 210, 0, 48, 60.00
2026/09/14 16:13:19.180, 13.57, 210, 0, 48, 60.00
2026/09/14 16:13:19.196, 13.57, 210, 0, 48, 60.00
2026/09/14 16:13:19.211, 13.57, 210, 0, 48, 60.00
2026/09/14 16:13:19.226, 13.57, 210, 0, 48, 60.00
2026/09/14 16:13:19.257, 13.57, 210, 0, 48, 60.00
2026/09/14 16:13:19.273, 13.52, 210, 0, 48, 60.00
2026/09/14 16:13:19.319, 13.52, 210, 0, 48, 60.00
2026/09/14 16:13:19.336, 13.52, 210, 0, 48, 60.00
2026/09/14 16:13:19.365, 13.52, 210, 0, 48, 60.00
2026/09/14 16:13:19.381, 13.55, 210, 0, 48, 60.00
2026/09/14 16:13:19.396, 13.55, 210, 0, 48, 60.00
2026/09/14 16:13:19.428, 13.55, 210, 0, 48, 60.00
2026/09/14 16:13:19.444, 13.55, 210, 0, 48, 60.00
2026/09/14 16:13:19.459, 13.55, 210, 0, 48, 60.00
2026/09/14 16:13:19.475, 13.57, 210, 0, 48, 60.00
2026/09/14 16:13:19.491, 13.57, 210, 1, 48, 60.00
2026/09/14 16:13:19.507, 13.57, 210, 1, 48, 60.00
2026/09/14 16:13:19.523, 13.57, 210, 1, 48, 60.00
2026/09/14 16:13:19.553, 13.57, 210, 1, 48, 60.00
2026/09/14 16:13:19.569, 13.57, 210, 1, 48, 60.00
2026/09/14 16:13:19.600, 13.56, 210, 1, 48, 60.00
2026/09/14 16:13:19.615, 13.56, 210, 1, 48, 60.00
2026/09/14 16:13:19.632, 13.56, 210, 1, 48, 60.00
2026/09/14 16:13:19.647, 13.56, 210, 1, 48, 60.00
2026/09/14 16:13:19.663, 13.56, 210, 1, 48, 60.00
2026/09/14 16:13:19.694, 13.56, 210, 0, 48, 60.00
2026/09/14 16:13:19.709, 13.56, 210, 0, 48, 60.00
2026/09/14 16:13:19.725, 13.56, 210, 0, 48, 60.00
2026/09/14 16:13:19.757, 13.56, 210, 0, 48, 60.00
2026/09/14 16:13:19.773, 13.58, 210, 0, 48, 60.00
2026/09/14 16:13:19.804, 13.58, 210, 0, 48, 60.00
2026/09/14 16:13:19.819, 13.58, 210, 0, 48, 60.00
2026/09/14 16:13:19.851, 13.58, 210, 0, 48, 60.00
2026/09/14 16:13:19.882, 13.60, 210, 2, 48, 60.00
2026/09/14 16:13:19.898, 13.60, 210, 2, 48, 60.00
2026/09/14 16:13:19.914, 13.60, 210, 2, 48, 60.00
2026/09/14 16:13:19.930, 13.60, 210, 2, 48, 60.00
2026/09/14 16:13:19.945, 13.60, 210, 2, 48, 60.00
2026/09/14 16:13:19.960, 13.60, 210, 2, 48, 60.00
2026/09/14 16:13:19.976, 13.66, 210, 2, 48, 60.00
2026/09/14 16:13:20.007, 13.66, 210, 2, 48, 60.00
2026/09/14 16:13:20.023, 13.66, 210, 2, 48, 60.00
2026/09/14 16:13:20.054, 13.66, 210, 2, 48, 60.00
2026/09/14 16:13:20.085, 13.69, 210, 1, 48, 60.00
2026/09/14 16:13:20.116, 13.69, 210, 1, 48, 60.00
2026/09/14 16:13:20.132, 13.69, 210, 1, 48, 60.00
2026/09/14 16:13:20.148, 13.69, 210, 1, 48, 60.00
2026/09/14 16:13:20.163, 13.69, 210, 1, 48, 60.00
2026/09/14 16:13:20.178, 13.77, 210, 1, 48, 60.00
2026/09/14 16:13:20.209, 13.77, 210, 1, 48, 60.00
2026/09/14 16:13:20.225, 13.77, 210, 1, 48, 60.00
2026/09/14 16:13:20.256, 13.77, 210, 1, 48, 60.00
2026/09/14 16:13:20.272, 13.77, 210, 1, 48, 60.00
2026/09/14 16:13:20.287, 13.78, 210, 1, 48, 60.00
2026/09/14 16:13:20.303, 13.78, 210, 1, 48, 60.00
2026/09/14 16:13:20.319, 13.78, 210, 1, 48, 60.00
2026/09/14 16:13:20.335, 13.78, 210, 1, 48, 60.00
2026/09/14 16:13:20.350, 13.78, 210, 1, 48, 60.00
2026/09/14 16:13:20.366, 13.78, 210, 1, 48, 60.00
2026/09/14 16:13:20.397, 13.89, 210, 1, 48, 60.00
2026/09/14 16:13:20.427, 13.89, 210, 1, 48, 60.00
2026/09/14 16:13:20.459, 13.89, 210, 1, 48, 60.00
2026/09/14 16:13:20.475, 13.86, 210, 1, 48, 60.00
2026/09/14 16:13:20.507, 13.86, 210, 2, 48, 60.00
2026/09/14 16:13:20.523, 13.86, 210, 2, 48, 60.00
2026/09/14 16:13:20.539, 13.86, 210, 2, 48, 60.00
2026/09/14 16:13:20.555, 13.86, 210, 2, 48, 60.00
2026/09/14 16:13:20.570, 13.86, 210, 2, 48, 60.00
2026/09/14 16:13:20.586, 13.90, 210, 2, 48, 60.00
2026/09/14 16:13:20.602, 13.90, 210, 2, 48, 60.00
2026/09/14 16:13:20.618, 13.90, 210, 2, 48, 60.00
2026/09/14 16:13:20.633, 13.90, 210, 2, 48, 60.00
2026/09/14 16:13:20.665, 13.90, 210, 2, 48, 60.00
2026/09/14 16:13:20.680, 13.98, 210, 1, 48, 60.00
2026/09/14 16:13:20.710, 13.98, 210, 1, 48, 60.00
2026/09/14 16:13:20.742, 13.98, 210, 1, 48, 60.00
2026/09/14 16:13:20.773, 14.06, 210, 1, 48, 60.00
2026/09/14 16:13:20.803, 14.06, 210, 1, 48, 60.00
2026/09/14 16:13:20.819, 14.06, 210, 1, 48, 60.00
2026/09/14 16:13:20.835, 14.06, 210, 1, 48, 60.00
2026/09/14 16:13:20.850, 14.06, 210, 1, 48, 60.00
2026/09/14 16:13:20.866, 14.06, 210, 1, 48, 60.00
2026/09/14 16:13:20.882, 14.02, 210, 2, 48, 60.00
2026/09/14 16:13:20.913, 14.02, 210, 2, 48, 60.00
2026/09/14 16:13:20.944, 14.02, 210, 2, 48, 60.00
2026/09/14 16:13:20.976, 14.02, 210, 2, 48, 60.00
2026/09/14 16:13:21.007, 14.02, 210, 2, 48, 60.00
2026/09/14 16:13:21.038, 14.02, 210, 2, 48, 60.00
2026/09/14 16:13:21.055, 14.02, 210, 2, 48, 60.00
2026/09/14 16:13:21.070, 14.02, 210, 2, 48, 60.00
2026/09/14 16:13:21.086, 14.01, 210, 2, 48, 60.00
2026/09/14 16:13:21.117, 14.01, 210, 2, 48, 60.00
2026/09/14 16:13:21.133, 14.01, 210, 2, 48, 60.00
2026/09/14 16:13:21.148, 14.01, 210, 2, 48, 60.00
2026/09/14 16:13:21.164, 14.01, 210, 2, 48, 60.00
2026/09/14 16:13:21.179, 13.97, 210, 2, 48, 60.00
2026/09/14 16:13:21.194, 13.97, 210, 2, 48, 60.00
2026/09/14 16:13:21.209, 13.97, 210, 2, 48, 60.00
2026/09/14 16:13:21.239, 13.97, 210, 2, 48, 60.00
2026/09/14 16:13:21.255, 13.97, 210, 2, 48, 60.00
2026/09/14 16:13:21.271, 13.97, 210, 2, 48, 60.00
2026/09/14 16:13:21.286, 13.91, 210, 0, 48, 60.00
2026/09/14 16:13:21.302, 13.91, 210, 0, 48, 60.00
2026/09/14 16:13:21.318, 13.91, 210, 0, 48, 60.00
2026/09/14 16:13:21.333, 13.91, 210, 0, 48, 60.00
2026/09/14 16:13:21.349, 13.91, 210, 0, 48, 60.00
2026/09/14 16:13:21.365, 13.91, 210, 0, 48, 60.00
2026/09/14 16:13:21.380, 13.91, 210, 0, 48, 60.00
2026/09/14 16:13:21.411, 13.91, 210, 0, 48, 60.00
2026/09/14 16:13:21.427, 13.91, 210, 0, 48, 60.00
2026/09/14 16:13:21.443, 13.91, 210, 0, 48, 60.00
2026/09/14 16:13:21.458, 13.91, 210, 0, 48, 60.00
2026/09/14 16:13:21.490, 13.82, 210, 1, 48, 60.00
2026/09/14 16:13:21.521, 13.82, 210, 1, 48, 60.00
2026/09/14 16:13:21.537, 13.82, 210, 1, 48, 60.00
2026/09/14 16:13:21.569, 13.82, 210, 1, 48, 60.00
2026/09/14 16:13:21.584, 13.81, 210, 1, 48, 60.00
2026/09/14 16:13:21.615, 13.81, 210, 1, 48, 60.00
2026/09/14 16:13:21.631, 13.81, 210, 1, 48, 60.00
2026/09/14 16:13:21.648, 13.81, 210, 1, 48, 60.00
2026/09/14 16:13:21.663, 13.81, 210, 1, 48, 60.00
2026/09/14 16:13:21.679, 13.77, 210, 0, 48, 60.00
2026/09/14 16:13:21.695, 13.77, 210, 0, 48, 60.00
2026/09/14 16:13:21.711, 13.77, 210, 0, 48, 60.00
2026/09/14 16:13:21.742, 13.77, 210, 0, 48, 60.00
2026/09/14 16:13:21.758, 13.77, 210, 0, 48, 60.00
2026/09/14 16:13:21.788, 13.72, 210, 0, 48, 60.00
2026/09/14 16:13:21.804, 13.72, 210, 0, 48, 60.00
2026/09/14 16:13:21.820, 13.72, 210, 0, 48, 60.00
2026/09/14 16:13:21.835, 13.72, 210, 0, 48, 60.00
2026/09/14 16:13:21.866, 13.72, 210, 0, 48, 60.00
2026/09/14 16:13:21.882, 13.66, 210, 1, 48, 60.00
2026/09/14 16:13:21.897, 13.66, 210, 1, 48, 60.00
2026/09/14 16:13:21.913, 13.66, 210, 1, 48, 60.00
2026/09/14 16:13:21.928, 13.66, 210, 1, 48, 60.00
2026/09/14 16:13:21.944, 13.66, 210, 1, 48, 60.00
2026/09/14 16:13:21.960, 13.66, 210, 1, 48, 60.00
2026/09/14 16:13:21.975, 13.65, 210, 1, 48, 60.00
2026/09/14 16:13:22.006, 13.65, 210, 1, 48, 60.00
2026/09/14 16:13:22.038, 13.65, 210, 1, 48, 60.00
2026/09/14 16:13:22.054, 13.65, 210, 1, 48, 60.00
2026/09/14 16:13:22.085, 13.62, 210, 1, 48, 60.00
2026/09/14 16:13:22.101, 13.62, 210, 1, 48, 60.00
2026/09/14 16:13:22.116, 13.62, 210, 1, 48, 60.00
2026/09/14 16:13:22.132, 13.62, 210, 1, 48, 60.00
2026/09/14 16:13:22.148, 13.62, 210, 1, 48, 60.00
2026/09/14 16:13:22.164, 13.62, 210, 1, 48, 60.00
2026/09/14 16:13:22.180, 13.64, 210, 1, 48, 60.00
2026/09/14 16:13:22.196, 13.64, 210, 1, 48, 60.00
2026/09/14 16:13:22.211, 13.64, 210, 1, 48, 60.00
2026/09/14 16:13:22.228, 13.64, 210, 1, 48, 60.00
2026/09/14 16:13:22.243, 13.64, 210, 1, 48, 60.00
2026/09/14 16:13:22.259, 13.64, 210, 1, 48, 60.00
2026/09/14 16:13:22.275, 13.61, 210, 1, 48, 60.00
2026/09/14 16:13:22.305, 13.61, 210, 0, 48, 60.00
2026/09/14 16:13:22.321, 13.61, 210, 0, 48, 60.00
2026/09/14 16:13:22.336, 13.61, 210, 0, 48, 60.00
2026/09/14 16:13:22.351, 13.61, 210, 0, 48, 60.00
2026/09/14 16:13:22.367, 13.61, 210, 0, 48, 60.00
2026/09/14 16:13:22.383, 13.63, 210, 0, 48, 60.00
2026/09/14 16:13:22.399, 13.63, 210, 0, 48, 60.00
2026/09/14 16:13:22.416, 13.63, 210, 0, 48, 60.00
2026/09/14 16:13:22.432, 13.63, 210, 0, 48, 60.00
2026/09/14 16:13:22.448, 13.63, 210, 0, 48, 60.00
2026/09/14 16:13:22.464, 13.63, 210, 0, 48, 60.00
2026/09/14 16:13:22.495, 13.65, 210, 0, 48, 60.00
2026/09/14 16:13:22.511, 13.65, 210, 0, 48, 60.00
2026/09/14 16:13:22.526, 13.65, 210, 0, 48, 60.00
2026/09/14 16:13:22.543, 13.65, 210, 0, 48, 60.00
2026/09/14 16:13:22.559, 13.65, 210, 0, 48, 60.00
2026/09/14 16:13:22.590, 13.66, 210, 0, 48, 60.00
2026/09/14 16:13:22.605, 13.66, 210, 0, 48, 60.00
2026/09/14 16:13:22.621, 13.66, 210, 0, 48, 60.00
2026/09/14 16:13:22.652, 13.66, 210, 0, 48, 60.00
2026/09/14 16:13:22.667, 13.66, 210, 0, 48, 60.00
2026/09/14 16:13:22.682, 13.68, 210, 1, 48, 60.00
2026/09/14 16:13:22.698, 13.68, 210, 1, 48, 60.00
2026/09/14 16:13:22.713, 13.68, 210, 1, 48, 60.00
2026/09/14 16:13:22.729, 13.68, 210, 1, 48, 60.00
2026/09/14 16:13:22.745, 13.68, 210, 1, 48, 60.00
2026/09/14 16:13:22.776, 13.70, 210, 1, 48, 60.00
2026/09/14 16:13:22.807, 13.70, 210, 1, 48, 60.00
2026/09/14 16:13:22.837, 13.70, 210, 1, 48, 60.00
2026/09/14 16:13:22.852, 13.70, 210, 1, 48, 60.00
2026/09/14 16:13:22.868, 13.70, 210, 1, 48, 60.00
2026/09/14 16:13:22.884, 13.68, 210, 1, 48, 60.00
2026/09/14 16:13:22.899, 13.68, 210, 1, 48, 60.00
2026/09/14 16:13:22.914, 13.68, 210, 1, 47, 60.00
2026/09/14 16:13:22.946, 13.68, 210, 1, 47, 60.00
2026/09/14 16:13:22.962, 13.68, 210, 1, 47, 60.00
2026/09/14 16:13:22.978, 13.70, 210, 1, 47, 60.00
2026/09/14 16:13:22.993, 13.70, 210, 1, 47, 60.00
2026/09/14 16:13:23.008, 13.70, 210, 1, 47, 60.00
2026/09/14 16:13:23.024, 13.70, 210, 1, 47, 60.00
2026/09/14 16:13:23.040, 13.70, 210, 1, 47, 60.00
2026/09/14 16:13:23.056, 13.70, 210, 1, 47, 60.00
2026/09/14 16:13:23.071, 13.70, 210, 1, 47, 60.00
2026/09/14 16:13:23.087, 13.70, 210, 0, 47, 60.00
2026/09/14 16:13:23.118, 13.70, 210, 0, 47, 60.00
2026/09/14 16:13:23.149, 13.70, 210, 0, 47, 60.00
2026/09/14 16:13:23.165, 13.70, 210, 0, 47, 60.00
2026/09/14 16:13:23.180, 13.75, 210, 0, 47, 60.00
2026/09/14 16:13:23.196, 13.75, 210, 0, 47, 60.00
2026/09/14 16:13:23.227, 13.75, 210, 0, 47, 60.00
2026/09/14 16:13:23.257, 13.75, 210, 0, 47, 60.00
2026/09/14 16:13:23.272, 13.69, 210, 0, 47, 60.00
2026/09/14 16:13:23.303, 13.69, 210, 2, 47, 60.00
2026/09/14 16:13:23.318, 13.69, 210, 2, 47, 60.00
2026/09/14 16:13:23.349, 13.69, 210, 2, 47, 60.00
2026/09/14 16:13:23.365, 13.69, 210, 2, 47, 60.00
2026/09/14 16:13:23.396, 13.72, 210, 2, 47, 60.00
2026/09/14 16:13:23.426, 13.72, 210, 2, 47, 60.00
2026/09/14 16:13:23.457, 13.72, 210, 2, 47, 60.00
2026/09/14 16:13:23.473, 13.67, 210, 2, 47, 60.00
2026/09/14 16:13:23.490, 13.67, 210, 0, 47, 60.00
2026/09/14 16:13:23.505, 13.67, 210, 0, 47, 60.00
2026/09/14 16:13:23.536, 13.67, 210, 0, 47, 60.00
2026/09/14 16:13:23.567, 13.67, 210, 0, 47, 60.00
2026/09/14 16:13:23.582, 13.61, 210, 0, 47, 60.00
2026/09/14 16:13:23.598, 13.61, 210, 0, 47, 60.00
2026/09/14 16:13:23.614, 13.61, 210, 0, 47, 60.00
2026/09/14 16:13:23.630, 13.61, 210, 0, 47, 60.00
2026/09/14 16:13:23.646, 13.61, 210, 0, 47, 60.00
2026/09/14 16:13:23.662, 13.61, 210, 0, 47, 60.00
2026/09/14 16:13:23.692, 13.62, 210, 1, 47, 60.00
2026/09/14 16:13:23.708, 13.62, 210, 1, 47, 60.00
2026/09/14 16:13:23.724, 13.62, 210, 1, 47, 60.00
2026/09/14 16:13:23.755, 13.62, 210, 1, 47, 60.00
2026/09/14 16:13:23.785, 13.64, 210, 1, 47, 60.00
2026/09/14 16:13:23.816, 13.64, 210, 1, 47, 60.00
2026/09/14 16:13:23.847, 13.64, 210, 1, 47, 60.00
2026/09/14 16:13:23.863, 13.64, 210, 1, 47, 60.00
2026/09/14 16:13:23.894, 13.61, 210, 1, 47, 60.00
2026/09/14 16:13:23.909, 13.61, 210, 1, 47, 60.00
2026/09/14 16:13:23.925, 13.61, 210, 1, 47, 60.00
2026/09/14 16:13:23.956, 13.61, 210, 1, 47, 60.00
2026/09/14 16:13:23.971, 13.59, 210, 1, 47, 60.00
2026/09/14 16:13:23.987, 13.59, 210, 1, 47, 60.00
2026/09/14 16:13:24.002, 13.59, 210, 1, 47, 60.00
2026/09/14 16:13:24.018, 13.59, 210, 1, 47, 60.00
2026/09/14 16:13:24.033, 13.59, 210, 1, 47, 60.00
2026/09/14 16:13:24.064, 13.59, 210, 1, 47, 60.00
2026/09/14 16:13:24.080, 13.57, 210, 0, 47, 60.00
2026/09/14 16:13:24.095, 13.57, 210, 0, 47, 60.00
2026/09/14 16:13:24.110, 13.57, 210, 0, 47, 60.00
2026/09/14 16:13:24.126, 13.57, 210, 0, 47, 60.00
2026/09/14 16:13:24.156, 13.57, 210, 0, 47, 60.00
2026/09/14 16:13:24.171, 13.55, 210, 0, 47, 60.00
2026/09/14 16:13:24.187, 13.55, 210, 0, 47, 60.00
2026/09/14 16:13:24.203, 13.55, 210, 0, 47, 60.00
2026/09/14 16:13:24.218, 13.55, 210, 0, 47, 60.00
2026/09/14 16:13:24.251, 13.55, 210, 0, 47, 60.00
2026/09/14 16:13:24.281, 13.50, 210, 1, 47, 60.00
2026/09/14 16:13:24.312, 13.50, 210, 1, 47, 60.00
2026/09/14 16:13:24.343, 13.50, 210, 1, 47, 60.00
2026/09/14 16:13:24.358, 13.50, 210, 1, 47, 60.00
2026/09/14 16:13:24.374, 13.53, 210, 1, 47, 60.00
2026/09/14 16:13:24.406, 13.53, 210, 1, 47, 60.00
2026/09/14 16:13:24.437, 13.53, 210, 1, 47, 60.00
2026/09/14 16:13:24.467, 13.53, 210, 1, 47, 60.00
2026/09/14 16:13:24.483, 13.51, 210, 0, 47, 60.00
2026/09/14 16:13:24.498, 13.51, 210, 0, 47, 60.00
2026/09/14 16:13:24.514, 13.51, 210, 0, 47, 60.00
2026/09/14 16:13:24.544, 13.51, 210, 0, 47, 60.00
2026/09/14 16:13:24.559, 13.51, 210, 0, 47, 60.00
2026/09/14 16:13:24.575, 13.55, 210, 0, 47, 60.00
2026/09/14 16:13:24.606, 13.55, 210, 0, 47, 60.00
2026/09/14 16:13:24.622, 13.55, 210, 0, 47, 60.00
2026/09/14 16:13:24.638, 13.55, 210, 0, 47, 60.00
2026/09/14 16:13:24.654, 13.55, 210, 0, 47, 60.00
2026/09/14 16:13:24.669, 13.55, 210, 0, 47, 60.00
2026/09/14 16:13:24.684, 13.56, 210, 0, 47, 60.00
2026/09/14 16:13:24.700, 13.56, 210, 0, 47, 60.00
2026/09/14 16:13:24.716, 13.56, 210, 0, 47, 60.00
2026/09/14 16:13:24.731, 13.56, 210, 0, 47, 60.00
2026/09/14 16:13:24.762, 13.56, 210, 0, 47, 60.00
2026/09/14 16:13:24.778, 13.60, 210, 0, 47, 60.00
2026/09/14 16:13:24.809, 13.60, 210, 0, 47, 60.00
2026/09/14 16:13:24.825, 13.60, 210, 0, 47, 60.00
2026/09/14 16:13:24.856, 13.60, 210, 0, 47, 60.00
2026/09/14 16:13:24.888, 13.58, 210, 2, 47, 60.00
2026/09/14 16:13:24.918, 13.58, 210, 2, 47, 60.00
2026/09/14 16:13:24.934, 13.58, 210, 2, 47, 60.00
2026/09/14 16:13:24.950, 13.58, 210, 2, 47, 60.00
2026/09/14 16:13:24.981, 13.65, 210, 2, 47, 60.00
2026/09/14 16:13:24.997, 13.65, 210, 2, 47, 60.00
2026/09/14 16:13:25.013, 13.65, 210, 2, 47, 60.00
2026/09/14 16:13:25.044, 13.65, 210, 2, 47, 60.00
2026/09/14 16:13:25.059, 13.65, 210, 2, 47, 60.00
2026/09/14 16:13:25.089, 13.67, 210, 1, 47, 60.00
2026/09/14 16:13:25.105, 13.67, 210, 1, 47, 60.00
2026/09/14 16:13:25.135, 13.67, 210, 1, 47, 60.00
2026/09/14 16:13:25.151, 13.67, 210, 1, 47, 60.00
2026/09/14 16:13:25.184, 13.72, 210, 1, 47, 60.00
2026/09/14 16:13:25.214, 13.72, 210, 1, 47, 60.00
2026/09/14 16:13:25.230, 13.72, 210, 1, 47, 60.00
2026/09/14 16:13:25.261, 13.72, 210, 1, 47, 60.00
2026/09/14 16:13:25.292, 13.78, 210, 2, 47, 60.00
2026/09/14 16:13:25.308, 13.78, 210, 2, 47, 60.00
2026/09/14 16:13:25.338, 13.78, 210, 2, 47, 60.00
2026/09/14 16:13:25.370, 13.78, 210, 2, 47, 60.00
2026/09/14 16:13:25.401, 13.84, 210, 2, 47, 60.00
2026/09/14 16:13:25.416, 13.84, 210, 2, 47, 60.00
2026/09/14 16:13:25.448, 13.84, 210, 2, 47, 60.00
2026/09/14 16:13:25.480, 13.90, 210, 2, 47, 60.00
2026/09/14 16:13:25.495, 13.90, 210, 2, 47, 60.00
2026/09/14 16:13:25.526, 13.90, 210, 2, 47, 60.00
2026/09/14 16:13:25.557, 13.90, 210, 2, 47, 60.00
2026/09/14 16:13:25.573, 13.90, 210, 2, 47, 60.00
2026/09/14 16:13:25.604, 13.92, 210, 2, 47, 60.00
2026/09/14 16:13:25.633, 13.92, 210, 2, 47, 60.00
2026/09/14 16:13:25.649, 13.92, 210, 2, 47, 60.00
2026/09/14 16:13:25.681, 13.98, 210, 1, 47, 60.00
2026/09/14 16:13:25.697, 13.98, 210, 1, 47, 60.00
2026/09/14 16:13:25.728, 13.98, 210, 1, 47, 60.00
2026/09/14 16:13:25.760, 13.98, 210, 1, 47, 60.00
2026/09/14 16:13:25.776, 13.96, 210, 1, 47, 60.00
2026/09/14 16:13:25.791, 13.96, 210, 1, 47, 60.00
2026/09/14 16:13:25.807, 13.96, 210, 1, 47, 60.00
2026/09/14 16:13:25.823, 13.96, 210, 1, 47, 60.00
2026/09/14 16:13:25.840, 13.96, 210, 1, 47, 60.00
2026/09/14 16:13:25.855, 13.96, 210, 1, 47, 60.00
2026/09/14 16:13:25.871, 13.96, 210, 1, 47, 60.00
2026/09/14 16:13:25.902, 13.98, 210, 2, 47, 60.00
2026/09/14 16:13:25.933, 13.98, 210, 2, 47, 60.00
2026/09/14 16:13:25.948, 13.98, 210, 2, 47, 60.00
2026/09/14 16:13:25.978, 13.94, 210, 2, 47, 60.00
2026/09/14 16:13:26.009, 13.94, 210, 2, 47, 60.00
2026/09/14 16:13:26.025, 13.94, 210, 2, 47, 60.00
2026/09/14 16:13:26.056, 13.94, 210, 2, 47, 60.00
2026/09/14 16:13:26.072, 13.89, 210, 2, 47, 60.00
2026/09/14 16:13:26.103, 13.89, 210, 0, 47, 60.00
2026/09/14 16:13:26.133, 13.89, 210, 0, 47, 60.00
2026/09/14 16:13:26.148, 13.89, 210, 0, 47, 60.00
2026/09/14 16:13:26.164, 13.89, 210, 0, 47, 60.00
2026/09/14 16:13:26.180, 13.87, 210, 0, 47, 60.00
2026/09/14 16:13:26.195, 13.87, 210, 0, 47, 60.00
2026/09/14 16:13:26.210, 13.87, 210, 0, 47, 60.00
2026/09/14 16:13:26.227, 13.87, 210, 0, 47, 60.00
2026/09/14 16:13:26.242, 13.87, 210, 0, 47, 60.00
2026/09/14 16:13:26.258, 13.87, 210, 0, 47, 60.00
2026/09/14 16:13:26.273, 13.84, 210, 0, 47, 60.00
2026/09/14 16:13:26.290, 13.84, 210, 0, 47, 60.00
2026/09/14 16:13:26.306, 13.84, 210, 0, 47, 60.00
2026/09/14 16:13:26.321, 13.84, 210, 0, 47, 60.00
2026/09/14 16:13:26.337, 13.84, 210, 0, 47, 60.00
2026/09/14 16:13:26.354, 13.84, 210, 0, 47, 60.00
2026/09/14 16:13:26.370, 13.84, 210, 0, 47, 60.00
2026/09/14 16:13:26.386, 13.79, 210, 0, 47, 60.00
2026/09/14 16:13:26.403, 13.79, 210, 0, 47, 60.00
2026/09/14 16:13:26.418, 13.79, 210, 0, 47, 60.00
2026/09/14 16:13:26.449, 13.79, 210, 0, 47, 60.00
2026/09/14 16:13:26.480, 13.79, 210, 1, 47, 60.00
2026/09/14 16:13:26.510, 13.79, 210, 1, 47, 60.00
2026/09/14 16:13:26.526, 13.79, 210, 1, 47, 60.00
2026/09/14 16:13:26.557, 13.79, 210, 1, 47, 60.00
2026/09/14 16:13:26.588, 13.77, 210, 1, 47, 60.00
2026/09/14 16:13:26.604, 13.77, 210, 1, 47, 60.00
2026/09/14 16:13:26.620, 13.77, 210, 1, 47, 60.00
2026/09/14 16:13:26.651, 13.77, 210, 1, 47, 60.00
2026/09/14 16:13:26.667, 13.77, 210, 1, 47, 60.00
2026/09/14 16:13:26.682, 13.74, 210, 0, 47, 60.00
2026/09/14 16:13:26.698, 13.74, 210, 0, 47, 60.00
2026/09/14 16:13:26.714, 13.74, 210, 0, 47, 60.00
2026/09/14 16:13:26.730, 13.74, 210, 0, 47, 60.00
2026/09/14 16:13:26.762, 13.74, 210, 0, 47, 60.00
2026/09/14 16:13:26.778, 13.71, 210, 0, 47, 60.00
2026/09/14 16:13:26.793, 13.71, 210, 0, 47, 60.00
2026/09/14 16:13:26.809, 13.71, 210, 0, 47, 60.00
2026/09/14 16:13:26.824, 13.71, 210, 0, 47, 60.00
2026/09/14 16:13:26.856, 13.71, 210, 0, 47, 60.00
2026/09/14 16:13:26.872, 13.72, 210, 0, 47, 60.00
2026/09/14 16:13:26.903, 13.72, 210, 2, 47, 60.00
2026/09/14 16:13:26.919, 13.72, 210, 2, 47, 60.00
2026/09/14 16:13:26.935, 13.72, 210, 2, 47, 60.00
2026/09/14 16:13:26.965, 13.72, 210, 2, 47, 60.00
2026/09/14 16:13:26.995, 13.70, 210, 2, 47, 60.00
2026/09/14 16:13:27.026, 13.70, 210, 2, 47, 60.00
2026/09/14 16:13:27.057, 13.70, 210, 2, 47, 60.00
2026/09/14 16:13:27.088, 13.69, 210, 2, 47, 60.00
2026/09/14 16:13:27.118, 13.69, 210, 2, 47, 60.00
2026/09/14 16:13:27.133, 13.69, 210, 2, 47, 60.00
2026/09/14 16:13:27.149, 13.69, 210, 2, 47, 60.00
2026/09/14 16:13:27.165, 13.69, 210, 2, 47, 60.00
2026/09/14 16:13:27.196, 13.70, 210, 2, 47, 60.00
2026/09/14 16:13:27.211, 13.70, 210, 2, 47, 60.00
2026/09/14 16:13:27.227, 13.70, 210, 2, 47, 60.00
2026/09/14 16:13:27.257, 13.70, 210, 2, 47, 60.00
2026/09/14 16:13:27.287, 13.70, 210, 1, 47, 60.00
2026/09/14 16:13:27.303, 13.70, 210, 1, 47, 60.00
2026/09/14 16:13:27.334, 13.70, 210, 1, 47, 60.00
2026/09/14 16:13:27.350, 13.70, 210, 1, 47, 60.00
2026/09/14 16:13:27.366, 13.70, 210, 1, 47, 60.00
2026/09/14 16:13:27.396, 13.70, 210, 1, 47, 60.00
2026/09/14 16:13:27.412, 13.70, 210, 1, 47, 60.00
2026/09/14 16:13:27.428, 13.70, 210, 1, 47, 60.00
2026/09/14 16:13:27.443, 13.70, 210, 1, 47, 60.00
2026/09/14 16:13:27.458, 13.70, 210, 1, 47, 60.00
2026/09/14 16:13:27.475, 13.68, 210, 0, 47, 60.00
2026/09/14 16:13:27.508, 13.68, 210, 0, 47, 60.00
2026/09/14 16:13:27.523, 13.68, 210, 0, 47, 60.00
2026/09/14 16:13:27.556, 13.68, 210, 0, 47, 60.00
2026/09/14 16:13:27.586, 13.64, 210, 0, 47, 60.00
2026/09/14 16:13:27.602, 13.64, 210, 0, 47, 60.00
2026/09/14 16:13:27.632, 13.64, 210, 0, 47, 60.00
2026/09/14 16:13:27.662, 13.64, 210, 0, 47, 60.00
2026/09/14 16:13:27.678, 13.61, 210, 1, 47, 60.00
2026/09/14 16:13:27.693, 13.61, 210, 1, 47, 60.00
2026/09/14 16:13:27.709, 13.61, 210, 1, 47, 60.00
2026/09/14 16:13:27.740, 13.61, 210, 1, 47, 60.00
2026/09/14 16:13:27.772, 13.63, 210, 1, 47, 60.00
2026/09/14 16:13:27.787, 13.63, 210, 1, 47, 60.00
2026/09/14 16:13:27.817, 13.63, 210, 1, 47, 60.00
2026/09/14 16:13:27.833, 13.63, 210, 1, 47, 60.00
2026/09/14 16:13:27.849, 13.63, 210, 1, 47, 60.00
2026/09/14 16:13:27.865, 13.63, 210, 1, 47, 60.00
2026/09/14 16:13:27.881, 13.60, 210, 1, 47, 60.00
2026/09/14 16:13:27.897, 13.60, 210, 1, 47, 60.00
2026/09/14 16:13:27.912, 13.60, 210, 1, 47, 60.00
2026/09/14 16:13:27.927, 13.60, 210, 1, 47, 60.00
2026/09/14 16:13:27.943, 13.60, 210, 1, 47, 60.00
2026/09/14 16:13:27.974, 13.57, 210, 1, 47, 60.00
2026/09/14 16:13:28.005, 13.57, 210, 1, 47, 60.00
2026/09/14 16:13:28.021, 13.57, 210, 1, 47, 60.00
2026/09/14 16:13:28.037, 13.57, 210, 1, 47, 60.00
2026/09/14 16:13:28.052, 13.57, 210, 1, 47, 60.00
2026/09/14 16:13:28.084, 13.58, 210, 2, 47, 60.00
2026/09/14 16:13:28.116, 13.58, 210, 2, 47, 60.00
2026/09/14 16:13:28.147, 13.58, 210, 2, 47, 60.00
2026/09/14 16:13:28.163, 13.58, 210, 2, 47, 60.00
2026/09/14 16:13:28.195, 13.59, 210, 2, 47, 60.00
2026/09/14 16:13:28.211, 13.59, 210, 2, 47, 60.00
2026/09/14 16:13:28.227, 13.59, 210, 2, 47, 60.00
2026/09/14 16:13:28.258, 13.59, 210, 2, 47, 60.00
2026/09/14 16:13:28.274, 13.58, 210, 2, 47, 60.00
2026/09/14 16:13:28.305, 13.58, 210, 2, 47, 60.00
2026/09/14 16:13:28.320, 13.58, 210, 2, 47, 60.00
2026/09/14 16:13:28.351, 13.58, 210, 2, 47, 60.00
2026/09/14 16:13:28.367, 13.58, 210, 2, 47, 60.00
2026/09/14 16:13:28.383, 13.54, 210, 2, 47, 60.00
2026/09/14 16:13:28.398, 13.54, 210, 2, 47, 60.00
2026/09/14 16:13:28.429, 13.54, 210, 2, 47, 60.00
2026/09/14 16:13:28.445, 13.54, 210, 2, 47, 60.00
2026/09/14 16:13:28.462, 13.54, 210, 2, 47, 60.00
2026/09/14 16:13:28.477, 13.54, 210, 0, 47, 60.00
2026/09/14 16:13:28.493, 13.54, 210, 0, 47, 60.00
2026/09/14 16:13:28.509, 13.54, 210, 0, 47, 60.00
2026/09/14 16:13:28.540, 13.54, 210, 0, 47, 60.00
2026/09/14 16:13:28.556, 13.54, 210, 0, 47, 60.00
2026/09/14 16:13:28.572, 13.55, 210, 0, 47, 60.00
2026/09/14 16:13:28.603, 13.55, 210, 0, 47, 60.00
2026/09/14 16:13:28.635, 13.55, 210, 0, 47, 60.00
2026/09/14 16:13:28.666, 13.55, 210, 0, 47, 60.00
2026/09/14 16:13:28.697, 13.55, 210, 2, 47, 60.00
2026/09/14 16:13:28.728, 13.55, 210, 2, 47, 60.00
2026/09/14 16:13:28.759, 13.55, 210, 2, 47, 60.00
2026/09/14 16:13:28.790, 13.59, 210, 2, 47, 60.00
2026/09/14 16:13:28.806, 13.59, 210, 2, 47, 60.00
2026/09/14 16:13:28.821, 13.59, 210, 2, 47, 60.00
2026/09/14 16:13:28.837, 13.59, 210, 2, 47, 60.00
2026/09/14 16:13:28.853, 13.59, 210, 2, 47, 60.00
2026/09/14 16:13:28.884, 13.57, 210, 1, 47, 60.00
2026/09/14 16:13:28.900, 13.57, 210, 1, 47, 60.00
2026/09/14 16:13:28.930, 13.57, 210, 1, 47, 60.00
2026/09/14 16:13:28.960, 13.57, 210, 1, 47, 60.00
2026/09/14 16:13:28.977, 13.56, 210, 1, 47, 60.00
2026/09/14 16:13:28.993, 13.56, 210, 1, 47, 60.00
2026/09/14 16:13:29.009, 13.56, 210, 1, 47, 60.00
2026/09/14 16:13:29.025, 13.56, 210, 1, 47, 60.00
2026/09/14 16:13:29.056, 13.56, 210, 1, 47, 60.00
2026/09/14 16:13:29.087, 13.54, 210, 0, 47, 60.00
2026/09/14 16:13:29.117, 13.54, 210, 0, 47, 60.00
2026/09/14 16:13:29.149, 13.54, 210, 0, 47, 60.00
2026/09/14 16:13:29.164, 13.54, 210, 0, 47, 60.00
2026/09/14 16:13:29.195, 13.52, 210, 0, 47, 60.00
2026/09/14 16:13:29.226, 13.52, 210, 0, 47, 60.00
2026/09/14 16:13:29.256, 13.52, 210, 0, 47, 60.00
2026/09/14 16:13:29.288, 13.50, 210, 2, 47, 60.00
2026/09/14 16:13:29.304, 13.50, 210, 2, 47, 60.00
2026/09/14 16:13:29.336, 13.50, 210, 2, 47, 60.00
2026/09/14 16:13:29.366, 13.50, 210, 2, 47, 60.00
2026/09/14 16:13:29.397, 13.50, 210, 2, 47, 60.00
2026/09/14 16:13:29.413, 13.50, 210, 2, 47, 60.00
2026/09/14 16:13:29.443, 13.50, 210, 2, 47, 60.00
2026/09/14 16:13:29.474, 13.49, 210, 0, 47, 60.00
2026/09/14 16:13:29.504, 13.49, 210, 0, 47, 60.00
2026/09/14 16:13:29.535, 13.49, 210, 0, 47, 60.00
2026/09/14 16:13:29.551, 13.49, 210, 0, 47, 60.00
2026/09/14 16:13:29.567, 13.49, 210, 0, 47, 60.00
2026/09/14 16:13:29.583, 13.46, 210, 0, 47, 60.00
2026/09/14 16:13:29.599, 13.46, 210, 0, 47, 60.00
2026/09/14 16:13:29.615, 13.46, 210, 0, 47, 60.00
2026/09/14 16:13:29.631, 13.46, 210, 0, 47, 60.00
2026/09/14 16:13:29.661, 13.46, 210, 0, 47, 60.00
2026/09/14 16:13:29.677, 13.45, 210, 0, 47, 60.00
2026/09/14 16:13:29.693, 13.45, 210, 0, 47, 60.00
2026/09/14 16:13:29.708, 13.45, 210, 0, 47, 60.00
2026/09/14 16:13:29.739, 13.45, 210, 0, 47, 60.00
2026/09/14 16:13:29.770, 13.46, 210, 0, 47, 60.00
2026/09/14 16:13:29.802, 13.46, 210, 0, 47, 60.00
2026/09/14 16:13:29.833, 13.46, 210, 0, 47, 60.00
2026/09/14 16:13:29.864, 13.46, 210, 0, 47, 60.00
2026/09/14 16:13:29.895, 13.46, 210, 2, 47, 60.00
2026/09/14 16:13:29.926, 13.46, 210, 2, 47, 60.00
2026/09/14 16:13:29.942, 13.46, 210, 2, 47, 60.00
2026/09/14 16:13:29.973, 13.41, 210, 2, 47, 60.00
2026/09/14 16:13:30.003, 13.41, 210, 2, 47, 60.00
2026/09/14 16:13:30.019, 13.41, 210, 2, 47, 60.00
2026/09/14 16:13:30.051, 13.41, 210, 2, 47, 60.00
2026/09/14 16:13:30.082, 13.48, 210, 1, 47, 60.00
2026/09/14 16:13:30.113, 13.48, 210, 1, 47, 60.00
2026/09/14 16:13:30.144, 13.48, 210, 1, 47, 60.00
2026/09/14 16:13:30.160, 13.48, 210, 1, 47, 60.00
2026/09/14 16:13:30.192, 13.52, 210, 1, 47, 60.00
2026/09/14 16:13:30.223, 13.52, 210, 1, 46, 60.00
2026/09/14 16:13:30.255, 13.52, 210, 1, 46, 60.00
2026/09/14 16:13:30.287, 13.56, 210, 1, 46, 60.00
2026/09/14 16:13:30.318, 13.56, 210, 1, 46, 60.00
2026/09/14 16:13:30.349, 13.56, 210, 1, 46, 60.00
2026/09/14 16:13:30.380, 13.55, 210, 1, 46, 60.00
2026/09/14 16:13:30.396, 13.55, 210, 1, 46, 60.00
2026/09/14 16:13:30.427, 13.55, 210, 1, 46, 60.00
2026/09/14 16:13:30.458, 13.55, 210, 1, 46, 60.00
2026/09/14 16:13:30.489, 13.59, 210, 2, 46, 60.00
2026/09/14 16:13:30.505, 13.59, 210, 2, 46, 60.00
2026/09/14 16:13:30.521, 13.59, 210, 2, 46, 60.00
2026/09/14 16:13:30.552, 13.59, 210, 2, 46, 60.00
2026/09/14 16:13:30.583, 13.65, 210, 2, 46, 60.00
2026/09/14 16:13:30.599, 13.65, 210, 2, 46, 60.00
2026/09/14 16:13:30.615, 13.65, 210, 2, 46, 60.00
2026/09/14 16:13:30.631, 13.65, 210, 2, 46, 60.00
2026/09/14 16:13:30.662, 13.65, 210, 2, 46, 60.00
2026/09/14 16:13:30.692, 13.69, 210, 1, 46, 60.00
2026/09/14 16:13:30.724, 13.69, 210, 1, 46, 60.00
2026/09/14 16:13:30.740, 13.69, 210, 1, 46, 60.00
2026/09/14 16:13:30.771, 13.79, 210, 1, 46, 60.00
2026/09/14 16:13:30.801, 13.79, 210, 1, 46, 60.00
2026/09/14 16:13:30.832, 13.79, 210, 1, 46, 60.00
2026/09/14 16:13:30.848, 13.79, 210, 1, 46, 60.00
2026/09/14 16:13:30.879, 13.73, 210, 3, 46, 60.00
2026/09/14 16:13:30.910, 13.73, 210, 3, 46, 60.00
2026/09/14 16:13:30.940, 13.73, 210, 3, 46, 60.00
2026/09/14 16:13:30.971, 13.74, 210, 3, 46, 60.00
2026/09/14 16:13:30.988, 13.74, 210, 3, 46, 60.00
2026/09/14 16:13:31.003, 13.74, 210, 3, 46, 60.00
2026/09/14 16:13:31.019, 13.74, 210, 3, 46, 60.00
2026/09/14 16:13:31.050, 13.74, 210, 3, 46, 60.00
2026/09/14 16:13:31.066, 13.74, 210, 3, 46, 60.00
2026/09/14 16:13:31.096, 13.75, 210, 0, 46, 60.00
2026/09/14 16:13:31.112, 13.75, 210, 0, 46, 60.00
2026/09/14 16:13:31.128, 13.75, 210, 0, 46, 60.00
2026/09/14 16:13:31.158, 13.75, 210, 0, 46, 60.00
2026/09/14 16:13:31.189, 13.71, 210, 0, 46, 60.00
2026/09/14 16:13:31.205, 13.71, 210, 0, 46, 60.00
2026/09/14 16:13:31.221, 13.71, 210, 0, 46, 60.00
2026/09/14 16:13:31.252, 13.71, 210, 0, 46, 60.00
2026/09/14 16:13:31.267, 13.71, 210, 0, 46, 60.00
2026/09/14 16:13:31.298, 13.65, 210, 0, 46, 60.00
2026/09/14 16:13:31.314, 13.65, 210, 0, 46, 60.00
2026/09/14 16:13:31.329, 13.65, 210, 0, 46, 60.00
2026/09/14 16:13:31.345, 13.65, 210, 0, 46, 60.00
2026/09/14 16:13:31.376, 13.61, 210, 0, 46, 60.00
2026/09/14 16:13:31.391, 13.61, 210, 0, 46, 60.00
2026/09/14 16:13:31.407, 13.61, 210, 0, 46, 60.00
2026/09/14 16:13:31.437, 13.61, 210, 0, 46, 60.00
2026/09/14 16:13:31.469, 13.61, 210, 0, 46, 60.00
2026/09/14 16:13:31.500, 13.64, 210, 1, 46, 60.00
2026/09/14 16:13:31.516, 13.64, 210, 1, 46, 60.00
2026/09/14 16:13:31.532, 13.64, 210, 1, 46, 60.00
2026/09/14 16:13:31.548, 13.64, 210, 1, 46, 60.00
2026/09/14 16:13:31.564, 13.64, 210, 1, 46, 60.00
2026/09/14 16:13:31.579, 13.60, 210, 1, 46, 60.00
2026/09/14 16:13:31.595, 13.60, 210, 1, 46, 60.00
2026/09/14 16:13:31.626, 13.60, 210, 1, 46, 60.00
2026/09/14 16:13:31.657, 13.60, 210, 1, 46, 60.00
2026/09/14 16:13:31.672, 13.55, 210, 1, 46, 60.00
2026/09/14 16:13:31.703, 13.55, 210, 0, 46, 60.00
2026/09/14 16:13:31.718, 13.55, 210, 0, 46, 60.00
2026/09/14 16:13:31.751, 13.55, 210, 0, 46, 60.00
2026/09/14 16:13:31.766, 13.55, 210, 0, 46, 60.00
2026/09/14 16:13:31.797, 13.53, 210, 0, 46, 60.00
2026/09/14 16:13:31.828, 13.53, 210, 0, 46, 60.00
2026/09/14 16:13:31.844, 13.53, 210, 0, 46, 60.00
2026/09/14 16:13:31.860, 13.53, 210, 0, 46, 60.00
2026/09/14 16:13:31.890, 13.44, 210, 2, 46, 60.00
2026/09/14 16:13:31.921, 13.44, 210, 2, 46, 60.00
2026/09/14 16:13:31.937, 13.44, 210, 2, 46, 60.00
2026/09/14 16:13:31.953, 13.44, 210, 2, 46, 60.00
2026/09/14 16:13:31.985, 13.44, 210, 2, 46, 60.00
2026/09/14 16:13:32.015, 13.44, 210, 2, 46, 60.00
2026/09/14 16:13:32.046, 13.44, 210, 2, 46, 60.00
2026/09/14 16:13:32.077, 13.43, 210, 2, 46, 60.00
2026/09/14 16:13:32.108, 13.43, 210, 2, 46, 60.00
2026/09/14 16:13:32.124, 13.43, 210, 2, 46, 60.00
2026/09/14 16:13:32.140, 13.43, 210, 2, 46, 60.00
2026/09/14 16:13:32.170, 13.46, 210, 2, 46, 60.00
2026/09/14 16:13:32.186, 13.46, 210, 2, 46, 60.00
2026/09/14 16:13:32.202, 13.46, 210, 2, 46, 60.00
2026/09/14 16:13:32.218, 13.46, 210, 2, 46, 60.00
2026/09/14 16:13:32.249, 13.46, 210, 2, 46, 60.00
2026/09/14 16:13:32.279, 13.43, 210, 0, 46, 60.00
2026/09/14 16:13:32.295, 13.43, 210, 0, 46, 60.00
2026/09/14 16:13:32.311, 13.43, 210, 0, 46, 60.00
2026/09/14 16:13:32.327, 13.43, 210, 0, 46, 60.00
2026/09/14 16:13:32.357, 13.43, 210, 0, 46, 60.00
2026/09/14 16:13:32.405, 13.47, 210, 0, 46, 60.00
2026/09/14 16:13:32.436, 13.47, 210, 0, 46, 60.00
2026/09/14 16:13:32.451, 13.47, 210, 0, 46, 60.00
2026/09/14 16:13:32.467, 13.47, 210, 0, 46, 60.00
2026/09/14 16:13:32.499, 13.55, 210, 0, 46, 60.00
2026/09/14 16:13:32.530, 13.55, 210, 0, 46, 60.00
2026/09/14 16:13:32.561, 13.55, 210, 0, 46, 60.00
2026/09/14 16:13:32.593, 13.57, 210, 0, 46, 60.00
2026/09/14 16:13:32.623, 13.57, 210, 0, 46, 60.00
2026/09/14 16:13:32.640, 13.57, 210, 0, 46, 60.00
2026/09/14 16:13:32.656, 13.57, 210, 0, 46, 60.00
2026/09/14 16:13:32.686, 13.55, 210, 1, 46, 60.00
2026/09/14 16:13:32.703, 13.55, 210, 1, 46, 60.00
2026/09/14 16:13:32.733, 13.55, 210, 1, 46, 60.00
2026/09/14 16:13:32.749, 13.55, 210, 1, 46, 60.00
2026/09/14 16:13:32.765, 13.55, 210, 1, 46, 60.00
2026/09/14 16:13:32.781, 13.57, 210, 1, 46, 60.00
2026/09/14 16:13:32.812, 13.57, 210, 1, 46, 60.00
2026/09/14 16:13:32.828, 13.57, 210, 1, 46, 60.00
2026/09/14 16:13:32.843, 13.57, 210, 1, 46, 60.00
2026/09/14 16:13:32.874, 13.54, 210, 1, 46, 60.00
2026/09/14 16:13:32.906, 13.54, 210, 1, 46, 60.00
2026/09/14 16:13:32.922, 13.54, 210, 1, 46, 60.00
2026/09/14 16:13:32.953, 13.54, 210, 1, 46, 60.00
2026/09/14 16:13:32.968, 13.50, 210, 1, 46, 60.00
2026/09/14 16:13:32.999, 13.50, 210, 1, 46, 60.00
2026/09/14 16:13:33.030, 13.50, 210, 1, 46, 60.00
2026/09/14 16:13:33.061, 13.50, 210, 1, 46, 60.00
2026/09/14 16:13:33.093, 13.50, 210, 0, 46, 60.00
2026/09/14 16:13:33.124, 13.50, 210, 0, 46, 60.00
2026/09/14 16:13:33.140, 13.50, 210, 0, 46, 60.00
2026/09/14 16:13:33.170, 13.47, 210, 0, 46, 60.00
2026/09/14 16:13:33.201, 13.47, 210, 0, 46, 60.00
2026/09/14 16:13:33.217, 13.47, 210, 0, 46, 60.00
2026/09/14 16:13:33.249, 13.47, 210, 0, 46, 60.00
2026/09/14 16:13:33.279, 13.41, 210, 0, 46, 60.00
2026/09/14 16:13:33.310, 13.41, 210, 0, 46, 60.00
2026/09/14 16:13:33.325, 13.41, 210, 0, 46, 60.00
2026/09/14 16:13:33.341, 13.41, 210, 0, 46, 60.00
2026/09/14 16:13:33.357, 13.41, 210, 0, 46, 60.00
2026/09/14 16:13:33.388, 13.46, 210, 0, 46, 60.00
2026/09/14 16:13:33.404, 13.46, 210, 0, 46, 60.00
2026/09/14 16:13:33.434, 13.46, 210, 0, 46, 60.00
2026/09/14 16:13:33.450, 13.46, 210, 0, 46, 60.00
2026/09/14 16:13:33.481, 13.40, 210, 1, 46, 60.00
2026/09/14 16:13:33.497, 13.40, 210, 1, 46, 60.00
2026/09/14 16:13:33.528, 13.40, 210, 1, 46, 60.00
2026/09/14 16:13:33.544, 13.40, 210, 1, 46, 60.00
2026/09/14 16:13:33.560, 13.40, 210, 1, 46, 60.00
2026/09/14 16:13:33.575, 13.32, 210, 1, 46, 60.00
2026/09/14 16:13:33.591, 13.32, 210, 1, 46, 60.00
2026/09/14 16:13:33.622, 13.32, 210, 1, 46, 60.00
2026/09/14 16:13:33.654, 13.32, 210, 1, 46, 60.00
2026/09/14 16:13:33.685, 13.28, 210, 1, 46, 60.00
2026/09/14 16:13:33.701, 13.28, 210, 1, 46, 60.00
2026/09/14 16:13:33.732, 13.28, 210, 1, 46, 60.00
2026/09/14 16:13:33.763, 13.28, 210, 1, 46, 60.00
2026/09/14 16:13:33.795, 13.30, 210, 1, 46, 60.00
2026/09/14 16:13:33.811, 13.30, 210, 1, 46, 60.00
2026/09/14 16:13:33.841, 13.30, 210, 1, 46, 60.00
2026/09/14 16:13:33.857, 13.30, 210, 1, 46, 60.00
2026/09/14 16:13:33.872, 13.25, 210, 1, 46, 60.00
2026/09/14 16:13:33.903, 13.25, 210, 1, 46, 60.00
2026/09/14 16:13:33.933, 13.25, 210, 1, 46, 60.00
2026/09/14 16:13:33.949, 13.25, 210, 1, 46, 60.00
2026/09/14 16:13:33.979, 13.25, 210, 1, 46, 60.00
2026/09/14 16:13:34.010, 13.25, 210, 1, 46, 60.00
2026/09/14 16:13:34.026, 13.25, 210, 1, 46, 60.00
2026/09/14 16:13:34.056, 13.25, 210, 1, 46, 60.00
2026/09/14 16:13:34.072, 13.23, 210, 0, 46, 60.00
2026/09/14 16:13:34.103, 13.23, 210, 0, 46, 60.00
2026/09/14 16:13:34.118, 13.23, 210, 0, 46, 60.00
2026/09/14 16:13:34.149, 13.23, 210, 0, 46, 60.00
2026/09/14 16:13:34.179, 13.19, 210, 0, 46, 60.00
2026/09/14 16:13:34.211, 13.19, 210, 0, 46, 60.00
2026/09/14 16:13:34.241, 13.19, 210, 0, 46, 60.00
2026/09/14 16:13:34.257, 13.19, 210, 0, 46, 60.00
2026/09/14 16:13:34.287, 13.25, 210, 1, 46, 60.00
2026/09/14 16:13:34.318, 13.25, 210, 1, 46, 60.00
2026/09/14 16:13:34.349, 13.25, 210, 1, 46, 60.00
2026/09/14 16:13:34.364, 13.24, 210, 1, 46, 60.00
2026/09/14 16:13:34.396, 13.24, 210, 1, 46, 60.00
2026/09/14 16:13:34.412, 13.24, 210, 1, 46, 60.00
2026/09/14 16:13:34.443, 13.24, 210, 1, 46, 60.00
2026/09/14 16:13:34.475, 13.21, 210, 1, 46, 60.00
2026/09/14 16:13:34.506, 13.21, 210, 1, 46, 60.00
2026/09/14 16:13:34.521, 13.21, 210, 1, 46, 60.00
2026/09/14 16:13:34.537, 13.21, 210, 1, 46, 60.00
2026/09/14 16:13:34.552, 13.21, 210, 1, 46, 60.00
2026/09/14 16:13:34.568, 13.22, 210, 1, 46, 60.00
2026/09/14 16:13:34.599, 13.22, 210, 1, 46, 60.00
2026/09/14 16:13:34.629, 13.22, 210, 1, 46, 60.00
2026/09/14 16:13:34.646, 13.22, 210, 1, 46, 60.00
2026/09/14 16:13:34.676, 13.19, 210, 0, 46, 60.00
2026/09/14 16:13:34.707, 13.19, 210, 0, 46, 60.00
2026/09/14 16:13:34.723, 13.19, 210, 0, 46, 60.00
2026/09/14 16:13:34.754, 13.19, 210, 0, 46, 60.00
2026/09/14 16:13:34.786, 13.19, 210, 0, 46, 60.00
2026/09/14 16:13:34.803, 13.19, 210, 0, 46, 60.00
2026/09/14 16:13:34.834, 13.19, 210, 0, 46, 60.00
2026/09/14 16:13:34.865, 13.19, 210, 0, 46, 60.00
2026/09/14 16:13:34.881, 13.16, 210, 2, 46, 60.00
2026/09/14 16:13:34.912, 13.16, 210, 2, 46, 60.00
2026/09/14 16:13:34.942, 13.16, 210, 2, 46, 60.00
2026/09/14 16:13:34.958, 13.16, 210, 2, 46, 60.00
2026/09/14 16:13:34.989, 13.19, 210, 2, 46, 60.00
2026/09/14 16:13:35.005, 13.19, 210, 2, 46, 60.00
2026/09/14 16:13:35.036, 13.19, 210, 2, 46, 60.00
2026/09/14 16:13:35.067, 13.19, 210, 2, 46, 60.00
2026/09/14 16:13:35.099, 13.24, 210, 1, 46, 60.00
2026/09/14 16:13:35.115, 13.24, 210, 1, 46, 60.00
2026/09/14 16:13:35.146, 13.24, 210, 1, 46, 60.00
2026/09/14 16:13:35.162, 13.24, 210, 1, 46, 60.00
2026/09/14 16:13:35.177, 13.34, 210, 1, 46, 60.00
2026/09/14 16:13:35.209, 13.34, 210, 1, 46, 60.00
2026/09/14 16:13:35.240, 13.34, 210, 1, 46, 60.00
2026/09/14 16:13:35.272, 13.43, 210, 1, 46, 60.00
2026/09/14 16:13:35.304, 13.43, 210, 1, 46, 60.00
2026/09/14 16:13:35.336, 13.43, 210, 1, 46, 60.00
2026/09/14 16:13:35.352, 13.43, 210, 1, 46, 60.00
2026/09/14 16:13:35.383, 13.51, 210, 1, 46, 60.00
2026/09/14 16:13:35.399, 13.51, 210, 1, 46, 60.00
2026/09/14 16:13:35.430, 13.51, 210, 1, 46, 60.00
2026/09/14 16:13:35.446, 13.51, 210, 1, 46, 60.00
2026/09/14 16:13:35.478, 13.58, 210, 2, 46, 60.00
2026/09/14 16:13:35.509, 13.58, 210, 2, 46, 60.00
2026/09/14 16:13:35.541, 13.58, 210, 2, 46, 60.00
2026/09/14 16:13:35.557, 13.58, 210, 2, 46, 60.00
2026/09/14 16:13:35.589, 13.64, 210, 2, 46, 60.00
2026/09/14 16:13:35.620, 13.64, 210, 2, 46, 60.00
2026/09/14 16:13:35.651, 13.64, 210, 2, 46, 60.00
2026/09/14 16:13:35.667, 13.64, 210, 2, 46, 60.00
2026/09/14 16:13:35.698, 13.67, 210, 1, 46, 60.00
2026/09/14 16:13:35.728, 13.67, 210, 1, 46, 60.00
2026/09/14 16:13:35.760, 13.67, 210, 1, 46, 60.00
2026/09/14 16:13:35.792, 13.75, 210, 1, 46, 60.00
2026/09/14 16:13:35.822, 13.75, 210, 1, 46, 60.00
2026/09/14 16:13:35.854, 13.75, 210, 1, 46, 60.00
2026/09/14 16:13:35.885, 13.74, 210, 3, 46, 60.00
2026/09/14 16:13:35.916, 13.74, 210, 3, 46, 60.00
2026/09/14 16:13:35.947, 13.74, 210, 3, 46, 60.00
2026/09/14 16:13:35.978, 13.81, 210, 3, 46, 60.00
2026/09/14 16:13:36.009, 13.81, 210, 3, 46, 60.00
2026/09/14 16:13:36.025, 13.81, 210, 3, 46, 60.00
2026/09/14 16:13:36.041, 13.81, 210, 3, 46, 60.00
2026/09/14 16:13:36.058, 13.81, 210, 3, 46, 60.00
2026/09/14 16:13:36.073, 13.84, 210, 1, 46, 60.00
2026/09/14 16:13:36.106, 13.84, 210, 1, 46, 60.00
2026/09/14 16:13:36.121, 13.84, 210, 1, 46, 60.00
2026/09/14 16:13:36.154, 13.84, 210, 1, 46, 60.00
2026/09/14 16:13:36.185, 13.78, 210, 1, 46, 60.00
2026/09/14 16:13:36.216, 13.78, 210, 1, 46, 60.00
2026/09/14 16:13:36.248, 13.78, 210, 1, 46, 60.00
2026/09/14 16:13:36.264, 13.78, 210, 1, 46, 60.00
2026/09/14 16:13:36.295, 13.70, 210, 0, 46, 60.00
2026/09/14 16:13:36.326, 13.70, 210, 0, 46, 60.00
2026/09/14 16:13:36.342, 13.70, 210, 0, 46, 60.00
2026/09/14 16:13:36.373, 13.63, 210, 0, 46, 60.00
2026/09/14 16:13:36.404, 13.63, 210, 0, 46, 60.00
2026/09/14 16:13:36.435, 13.63, 210, 0, 46, 60.00
2026/09/14 16:13:36.451, 13.63, 210, 0, 46, 60.00
2026/09/14 16:13:36.467, 13.63, 210, 0, 46, 60.00
2026/09/14 16:13:36.497, 13.55, 210, 1, 46, 60.00
2026/09/14 16:13:36.513, 13.55, 210, 1, 46, 60.00
2026/09/14 16:13:36.544, 13.55, 210, 1, 46, 60.00
2026/09/14 16:13:36.576, 13.51, 210, 1, 46, 60.00
2026/09/14 16:13:36.606, 13.51, 210, 1, 46, 60.00
2026/09/14 16:13:36.638, 13.51, 210, 1, 46, 60.00
2026/09/14 16:13:36.669, 13.43, 210, 1, 46, 60.00
2026/09/14 16:13:36.700, 13.43, 210, 0, 46, 60.00
2026/09/14 16:13:36.732, 13.43, 210, 0, 46, 60.00
2026/09/14 16:13:36.763, 13.43, 210, 0, 46, 60.00
2026/09/14 16:13:36.793, 13.46, 210, 0, 46, 60.00
2026/09/14 16:13:36.825, 13.46, 210, 0, 46, 60.00
2026/09/14 16:13:36.855, 13.46, 210, 0, 46, 60.00
2026/09/14 16:13:36.872, 13.38, 210, 1, 46, 60.00
2026/09/14 16:13:36.903, 13.38, 210, 1, 46, 60.00
2026/09/14 16:13:36.934, 13.38, 210, 1, 46, 60.00
2026/09/14 16:13:36.965, 13.38, 210, 1, 46, 60.00
2026/09/14 16:13:36.997, 13.38, 210, 1, 46, 60.00
2026/09/14 16:13:37.028, 13.38, 210, 1, 46, 60.00
2026/09/14 16:13:37.059, 13.38, 210, 1, 46, 60.00
2026/09/14 16:13:37.090, 13.37, 210, 1, 46, 60.00
2026/09/14 16:13:37.106, 13.37, 210, 1, 46, 60.00
2026/09/14 16:13:37.123, 13.37, 210, 1, 46, 60.00
2026/09/14 16:13:37.154, 13.37, 210, 1, 46, 60.00
2026/09/14 16:13:37.186, 13.32, 210, 1, 46, 60.00
2026/09/14 16:13:37.202, 13.32, 210, 1, 46, 60.00
2026/09/14 16:13:37.218, 13.32, 210, 1, 46, 60.00
2026/09/14 16:13:37.249, 13.32, 210, 1, 46, 60.00
2026/09/14 16:13:37.279, 13.34, 210, 0, 46, 60.00
2026/09/14 16:13:37.295, 13.34, 210, 0, 46, 60.00
2026/09/14 16:13:37.325, 13.34, 210, 0, 46, 60.00
2026/09/14 16:13:37.356, 13.34, 210, 0, 46, 60.00
2026/09/14 16:13:37.373, 13.35, 210, 0, 46, 60.00
2026/09/14 16:13:37.388, 13.35, 210, 0, 46, 60.00
2026/09/14 16:13:37.419, 13.35, 210, 0, 46, 60.00
2026/09/14 16:13:37.450, 13.35, 210, 0, 46, 60.00
2026/09/14 16:13:37.482, 13.33, 210, 1, 46, 60.00
2026/09/14 16:13:37.513, 13.33, 210, 1, 46, 60.00
2026/09/14 16:13:37.529, 13.33, 210, 1, 46, 60.00
2026/09/14 16:13:37.560, 13.33, 210, 1, 46, 60.00
2026/09/14 16:13:37.576, 13.36, 210, 1, 46, 60.00
2026/09/14 16:13:37.608, 13.36, 210, 1, 46, 60.00
2026/09/14 16:13:37.638, 13.36, 210, 1, 46, 60.00
2026/09/14 16:13:37.670, 13.39, 210, 1, 46, 60.00
2026/09/14 16:13:37.702, 13.39, 210, 1, 46, 60.00
2026/09/14 16:13:37.718, 13.39, 210, 1, 46, 60.00
2026/09/14 16:13:37.748, 13.39, 210, 1, 46, 60.00
2026/09/14 16:13:37.780, 13.43, 210, 1, 46, 60.00
2026/09/14 16:13:37.811, 13.43, 210, 1, 46, 60.00
2026/09/14 16:13:37.842, 13.43, 210, 1, 46, 60.00
2026/09/14 16:13:37.858, 13.43, 210, 1, 46, 60.00
2026/09/14 16:13:37.888, 13.37, 210, 1, 46, 60.00
2026/09/14 16:13:37.919, 13.37, 210, 1, 46, 60.00
2026/09/14 16:13:37.950, 13.37, 210, 1, 46, 60.00
2026/09/14 16:13:37.980, 13.36, 210, 1, 46, 60.00
2026/09/14 16:13:37.996, 13.36, 210, 1, 46, 60.00
2026/09/14 16:13:38.012, 13.36, 210, 1, 46, 60.00
2026/09/14 16:13:38.043, 13.36, 210, 1, 46, 60.00
2026/09/14 16:13:38.075, 13.40, 210, 1, 46, 60.00
2026/09/14 16:13:38.105, 13.40, 210, 1, 46, 60.00
2026/09/14 16:13:38.137, 13.40, 210, 1, 46, 60.00
2026/09/14 16:13:38.168, 13.37, 210, 1, 46, 60.00
2026/09/14 16:13:38.184, 13.37, 210, 1, 46, 60.00
2026/09/14 16:13:38.215, 13.37, 210, 1, 46, 60.00
2026/09/14 16:13:38.231, 13.37, 210, 1, 46, 60.00
2026/09/14 16:13:38.262, 13.37, 210, 1, 46, 60.00
2026/09/14 16:13:38.278, 13.39, 210, 0, 46, 60.00
2026/09/14 16:13:38.294, 13.39, 210, 0, 46, 60.00
2026/09/14 16:13:38.324, 13.39, 210, 0, 46, 60.00
2026/09/14 16:13:38.340, 13.39, 210, 0, 46, 60.00
2026/09/14 16:13:38.356, 13.39, 210, 0, 46, 60.00
2026/09/14 16:13:38.387, 13.39, 210, 0, 46, 60.00
2026/09/14 16:13:38.404, 13.39, 210, 0, 46, 60.00
2026/09/14 16:13:38.434, 13.39, 210, 0, 46, 60.00
2026/09/14 16:13:38.464, 13.39, 210, 0, 46, 60.00
2026/09/14 16:13:38.480, 13.37, 210, 0, 46, 60.00
2026/09/14 16:13:38.511, 13.37, 210, 0, 46, 60.00
2026/09/14 16:13:38.542, 13.37, 210, 0, 46, 60.00
2026/09/14 16:13:38.573, 13.36, 210, 0, 46, 60.00
2026/09/14 16:13:38.589, 13.36, 210, 0, 46, 60.00
2026/09/14 16:13:38.621, 13.36, 210, 0, 46, 60.00
2026/09/14 16:13:38.653, 13.36, 210, 0, 46, 60.00
2026/09/14 16:13:38.683, 13.36, 210, 1, 46, 60.00
2026/09/14 16:13:38.714, 13.36, 210, 1, 46, 60.00
2026/09/14 16:13:38.746, 13.36, 210, 1, 46, 60.00
2026/09/14 16:13:38.776, 13.34, 210, 1, 46, 60.00
2026/09/14 16:13:38.792, 13.34, 210, 1, 46, 60.00
2026/09/14 16:13:38.823, 13.34, 210, 1, 46, 60.00
2026/09/14 16:13:38.838, 13.34, 210, 1, 46, 60.00
2026/09/14 16:13:38.870, 13.30, 210, 1, 46, 60.00
2026/09/14 16:13:38.901, 13.30, 210, 1, 46, 60.00
2026/09/14 16:13:38.917, 13.30, 210, 1, 46, 60.00
2026/09/14 16:13:38.933, 13.30, 210, 1, 46, 60.00
2026/09/14 16:13:38.964, 13.31, 210, 1, 45, 60.00
2026/09/14 16:13:38.995, 13.31, 210, 1, 45, 60.00
2026/09/14 16:13:39.025, 13.31, 210, 1, 45, 60.00
2026/09/14 16:13:39.042, 13.31, 210, 1, 45, 60.00
2026/09/14 16:13:39.073, 13.33, 210, 0, 45, 60.00
2026/09/14 16:13:39.105, 13.33, 210, 0, 45, 60.00
2026/09/14 16:13:39.136, 13.33, 210, 0, 45, 60.00
2026/09/14 16:13:39.167, 13.29, 210, 0, 45, 60.00
2026/09/14 16:13:39.199, 13.29, 210, 0, 45, 60.00
2026/09/14 16:13:39.230, 13.29, 210, 0, 45, 60.00
2026/09/14 16:13:39.261, 13.29, 210, 0, 45, 60.00
2026/09/14 16:13:39.277, 13.33, 210, 2, 45, 60.00
2026/09/14 16:13:39.307, 13.33, 210, 2, 45, 60.00
2026/09/14 16:13:39.338, 13.33, 210, 2, 45, 60.00
2026/09/14 16:13:39.369, 13.31, 210, 2, 45, 60.00
2026/09/14 16:13:39.384, 13.31, 210, 2, 45, 60.00
2026/09/14 16:13:39.415, 13.31, 210, 2, 45, 60.00
2026/09/14 16:13:39.446, 13.31, 210, 2, 45, 60.00
2026/09/14 16:13:39.462, 13.31, 210, 2, 45, 60.00
2026/09/14 16:13:39.493, 13.32, 210, 0, 45, 60.00
2026/09/14 16:13:39.524, 13.32, 210, 0, 45, 60.00
2026/09/14 16:13:39.554, 13.32, 210, 0, 45, 60.00
2026/09/14 16:13:39.570, 13.32, 210, 0, 45, 60.00
2026/09/14 16:13:39.601, 13.32, 210, 0, 45, 60.00
2026/09/14 16:13:39.632, 13.32, 210, 0, 45, 60.00
2026/09/14 16:13:39.663, 13.32, 210, 0, 45, 60.00
2026/09/14 16:13:39.694, 13.29, 210, 1, 45, 60.00
2026/09/14 16:13:39.725, 13.29, 210, 1, 45, 60.00
2026/09/14 16:13:39.756, 13.29, 210, 1, 45, 60.00
2026/09/14 16:13:39.788, 13.32, 210, 1, 45, 60.00
2026/09/14 16:13:39.819, 13.32, 210, 1, 45, 60.00
2026/09/14 16:13:39.852, 13.32, 210, 1, 45, 60.00
2026/09/14 16:13:39.883, 13.28, 210, 1, 45, 60.00
2026/09/14 16:13:39.914, 13.28, 210, 1, 45, 60.00
2026/09/14 16:13:39.944, 13.28, 210, 1, 45, 60.00
2026/09/14 16:13:39.975, 13.31, 210, 1, 45, 60.00
2026/09/14 16:13:40.006, 13.31, 210, 1, 45, 60.00
2026/09/14 16:13:40.037, 13.31, 210, 1, 45, 60.00
2026/09/14 16:13:40.068, 13.34, 210, 1, 45, 60.00
2026/09/14 16:13:40.099, 13.34, 210, 1, 45, 60.00
2026/09/14 16:13:40.130, 13.34, 210, 1, 45, 60.00
2026/09/14 16:13:40.162, 13.34, 210, 1, 45, 60.00
2026/09/14 16:13:40.177, 13.39, 210, 1, 45, 60.00
2026/09/14 16:13:40.209, 13.39, 210, 1, 45, 60.00
2026/09/14 16:13:40.239, 13.39, 210, 1, 45, 60.00
2026/09/14 16:13:40.271, 13.43, 210, 2, 45, 60.00
2026/09/14 16:13:40.303, 13.43, 210, 2, 45, 60.00
2026/09/14 16:13:40.334, 13.43, 210, 2, 45, 60.00
2026/09/14 16:13:40.365, 13.43, 210, 2, 45, 60.00
2026/09/14 16:13:40.381, 13.48, 210, 2, 45, 60.00
2026/09/14 16:13:40.412, 13.48, 210, 2, 45, 60.00
2026/09/14 16:13:40.442, 13.48, 210, 2, 45, 60.00
2026/09/14 16:13:40.473, 13.53, 210, 2, 45, 60.00
2026/09/14 16:13:40.505, 13.53, 210, 2, 45, 60.00
2026/09/14 16:13:40.536, 13.53, 210, 2, 45, 60.00
2026/09/14 16:13:40.568, 13.55, 210, 2, 45, 60.00
2026/09/14 16:13:40.598, 13.55, 210, 2, 45, 60.00
2026/09/14 16:13:40.630, 13.55, 210, 2, 45, 60.00
2026/09/14 16:13:40.661, 13.55, 210, 2, 45, 60.00
2026/09/14 16:13:40.692, 13.60, 210, 1, 45, 60.00
2026/09/14 16:13:40.723, 13.60, 210, 1, 45, 60.00
2026/09/14 16:13:40.739, 13.60, 210, 1, 45, 60.00
2026/09/14 16:13:40.771, 13.67, 210, 1, 45, 60.00
2026/09/14 16:13:40.802, 13.67, 210, 1, 45, 60.00
2026/09/14 16:13:40.834, 13.67, 210, 1, 45, 60.00
2026/09/14 16:13:40.866, 13.63, 210, 1, 45, 60.00
2026/09/14 16:13:40.897, 13.63, 210, 3, 45, 60.00
2026/09/14 16:13:40.927, 13.63, 210, 3, 45, 60.00
2026/09/14 16:13:40.958, 13.63, 210, 3, 45, 60.00
2026/09/14 16:13:40.989, 13.70, 210, 3, 45, 60.00
2026/09/14 16:13:41.021, 13.70, 210, 3, 45, 60.00
2026/09/14 16:13:41.053, 13.70, 210, 3, 45, 60.00
2026/09/14 16:13:41.084, 13.67, 210, 0, 45, 60.00
2026/09/14 16:13:41.116, 13.67, 210, 0, 45, 60.00
2026/09/14 16:13:41.146, 13.67, 210, 0, 45, 60.00
2026/09/14 16:13:41.177, 13.62, 210, 0, 45, 60.00
2026/09/14 16:13:41.193, 13.62, 210, 0, 45, 60.00
2026/09/14 16:13:41.224, 13.62, 210, 0, 45, 60.00
2026/09/14 16:13:41.257, 13.62, 210, 0, 45, 60.00
2026/09/14 16:13:41.288, 13.66, 210, 0, 45, 60.00
2026/09/14 16:13:41.319, 13.66, 210, 0, 45, 60.00
2026/09/14 16:13:41.352, 13.66, 210, 0, 45, 60.00
2026/09/14 16:13:41.383, 13.64, 210, 0, 45, 60.00
2026/09/14 16:13:41.414, 13.64, 210, 0, 45, 60.00
2026/09/14 16:13:41.445, 13.64, 210, 0, 45, 60.00
2026/09/14 16:13:41.477, 13.54, 210, 1, 45, 60.00
2026/09/14 16:13:41.508, 13.54, 210, 1, 45, 60.00
2026/09/14 16:13:41.538, 13.54, 210, 1, 45, 60.00
2026/09/14 16:13:41.569, 13.48, 210, 1, 45, 60.00
2026/09/14 16:13:41.599, 13.48, 210, 1, 45, 60.00
2026/09/14 16:13:41.630, 13.48, 210, 1, 45, 60.00
2026/09/14 16:13:41.661, 13.48, 210, 1, 45, 60.00
2026/09/14 16:13:41.677, 13.48, 210, 0, 45, 60.00
2026/09/14 16:13:41.693, 13.48, 210, 0, 45, 60.00
2026/09/14 16:13:41.724, 13.48, 210, 0, 45, 60.00
2026/09/14 16:13:41.756, 13.48, 210, 0, 45, 60.00
2026/09/14 16:13:41.786, 13.49, 210, 0, 45, 60.00
2026/09/14 16:13:41.816, 13.49, 210, 0, 45, 60.00
2026/09/14 16:13:41.848, 13.49, 210, 0, 45, 60.00
2026/09/14 16:13:41.865, 13.49, 210, 0, 45, 60.00
2026/09/14 16:13:41.896, 13.45, 210, 1, 45, 60.00
2026/09/14 16:13:41.927, 13.45, 210, 1, 45, 60.00
2026/09/14 16:13:41.958, 13.45, 210, 1, 45, 60.00
2026/09/14 16:13:41.990, 13.49, 210, 1, 45, 60.00
2026/09/14 16:13:42.021, 13.49, 210, 1, 45, 60.00
2026/09/14 16:13:42.052, 13.49, 210, 1, 45, 60.00
2026/09/14 16:13:42.084, 13.45, 210, 2, 45, 60.00
2026/09/14 16:13:42.115, 13.45, 210, 2, 45, 60.00
2026/09/14 16:13:42.147, 13.45, 210, 2, 45, 60.00
2026/09/14 16:13:42.163, 13.45, 210, 2, 45, 60.00
2026/09/14 16:13:42.193, 13.48, 210, 2, 45, 60.00
2026/09/14 16:13:42.225, 13.48, 210, 2, 45, 60.00
2026/09/14 16:13:42.241, 13.48, 210, 2, 45, 60.00
2026/09/14 16:13:42.271, 13.49, 210, 0, 45, 60.00
2026/09/14 16:13:42.302, 13.49, 210, 0, 45, 60.00
2026/09/14 16:13:42.319, 13.49, 210, 0, 45, 60.00
2026/09/14 16:13:42.350, 13.49, 210, 0, 45, 60.00
2026/09/14 16:13:42.381, 13.41, 210, 0, 45, 60.00
2026/09/14 16:13:42.412, 13.41, 210, 0, 45, 60.00
2026/09/14 16:13:42.444, 13.41, 210, 0, 45, 60.00
2026/09/14 16:13:42.474, 13.43, 210, 1, 45, 60.00
2026/09/14 16:13:42.507, 13.43, 210, 1, 45, 60.00
2026/09/14 16:13:42.538, 13.43, 210, 1, 45, 60.00
2026/09/14 16:13:42.569, 13.43, 210, 1, 45, 60.00
2026/09/14 16:13:42.601, 13.43, 210, 1, 45, 60.00
2026/09/14 16:13:42.617, 13.43, 210, 1, 45, 60.00
2026/09/14 16:13:42.648, 13.43, 210, 1, 45, 60.00
2026/09/14 16:13:42.680, 13.47, 210, 0, 45, 60.00
2026/09/14 16:13:42.696, 13.47, 210, 0, 45, 60.00
2026/09/14 16:13:42.712, 13.47, 210, 0, 45, 60.00
2026/09/14 16:13:42.743, 13.47, 210, 0, 45, 60.00
2026/09/14 16:13:42.774, 13.47, 210, 0, 45, 60.00
2026/09/14 16:13:42.805, 13.47, 210, 0, 45, 60.00
2026/09/14 16:13:42.836, 13.47, 210, 0, 45, 60.00
2026/09/14 16:13:42.866, 13.42, 210, 0, 45, 60.00
2026/09/14 16:13:42.897, 13.42, 210, 1, 45, 60.00
2026/09/14 16:13:42.928, 13.42, 210, 1, 45, 60.00
2026/09/14 16:13:42.958, 13.42, 210, 1, 45, 60.00
2026/09/14 16:13:42.974, 13.39, 210, 1, 45, 60.00
2026/09/14 16:13:43.006, 13.39, 210, 1, 45, 60.00
2026/09/14 16:13:43.037, 13.39, 210, 1, 45, 60.00
2026/09/14 16:13:43.068, 13.38, 210, 1, 45, 60.00
2026/09/14 16:13:43.098, 13.38, 210, 1, 45, 60.00
2026/09/14 16:13:43.129, 13.38, 210, 1, 45, 60.00
2026/09/14 16:13:43.160, 13.38, 210, 1, 45, 60.00
2026/09/14 16:13:43.191, 13.39, 210, 1, 45, 60.00
2026/09/14 16:13:43.207, 13.39, 210, 1, 45, 60.00
2026/09/14 16:13:43.238, 13.39, 210, 1, 45, 60.00
2026/09/14 16:13:43.269, 13.37, 210, 0, 45, 60.00
2026/09/14 16:13:43.300, 13.37, 210, 0, 45, 60.00
2026/09/14 16:13:43.331, 13.37, 210, 0, 45, 60.00
2026/09/14 16:13:43.362, 13.37, 210, 0, 45, 60.00
2026/09/14 16:13:43.393, 13.36, 210, 0, 45, 60.00
2026/09/14 16:13:43.423, 13.36, 210, 0, 45, 60.00
2026/09/14 16:13:43.439, 13.36, 210, 0, 45, 60.00
2026/09/14 16:13:43.471, 13.35, 210, 0, 45, 60.00
2026/09/14 16:13:43.502, 13.35, 210, 0, 45, 60.00
2026/09/14 16:13:43.533, 13.35, 210, 0, 45, 60.00
2026/09/14 16:13:43.565, 13.35, 210, 0, 45, 60.00
2026/09/14 16:13:43.595, 13.35, 210, 0, 45, 60.00
2026/09/14 16:13:43.626, 13.35, 210, 0, 45, 60.00
2026/09/14 16:13:43.657, 13.35, 210, 0, 45, 60.00
2026/09/14 16:13:43.689, 13.38, 210, 1, 45, 60.00
2026/09/14 16:13:43.720, 13.38, 210, 1, 45, 60.00
2026/09/14 16:13:43.752, 13.38, 210, 1, 45, 60.00
2026/09/14 16:13:43.783, 13.39, 210, 1, 45, 60.00
2026/09/14 16:13:43.815, 13.39, 210, 1, 45, 60.00
2026/09/14 16:13:43.846, 13.39, 210, 1, 45, 60.00
2026/09/14 16:13:43.878, 13.34, 210, 1, 45, 60.00
2026/09/14 16:13:43.909, 13.34, 210, 1, 45, 60.00
2026/09/14 16:13:43.939, 13.34, 210, 1, 45, 60.00
2026/09/14 16:13:43.971, 13.34, 210, 1, 45, 60.00
2026/09/14 16:13:44.002, 13.34, 210, 1, 45, 60.00
2026/09/14 16:13:44.033, 13.34, 210, 1, 45, 60.00
2026/09/14 16:13:44.064, 13.34, 210, 1, 45, 60.00
2026/09/14 16:13:44.096, 13.33, 210, 0, 45, 60.00
2026/09/14 16:13:44.126, 13.33, 210, 0, 45, 60.00
2026/09/14 16:13:44.158, 13.33, 210, 0, 45, 60.00
2026/09/14 16:13:44.189, 13.37, 210, 0, 45, 60.00
2026/09/14 16:13:44.221, 13.37, 210, 0, 45, 60.00
2026/09/14 16:13:44.252, 13.37, 210, 0, 45, 60.00
2026/09/14 16:13:44.268, 13.36, 210, 0, 45, 60.00
2026/09/14 16:13:44.299, 13.36, 210, 1, 45, 60.00
2026/09/14 16:13:44.331, 13.36, 210, 1, 45, 60.00
2026/09/14 16:13:44.361, 13.36, 210, 1, 45, 60.00
2026/09/14 16:13:44.392, 13.37, 210, 1, 45, 60.00
2026/09/14 16:13:44.409, 13.37, 210, 1, 45, 60.00
2026/09/14 16:13:44.439, 13.37, 210, 1, 45, 60.00
2026/09/14 16:13:44.471, 13.38, 210, 0, 45, 60.00
2026/09/14 16:13:44.501, 13.38, 210, 0, 45, 60.00
2026/09/14 16:13:44.533, 13.38, 210, 0, 45, 60.00
2026/09/14 16:13:44.565, 13.38, 210, 0, 45, 60.00
2026/09/14 16:13:44.582, 13.41, 210, 0, 45, 60.00
2026/09/14 16:13:44.612, 13.41, 210, 0, 45, 60.00
2026/09/14 16:13:44.643, 13.41, 210, 0, 45, 60.00
2026/09/14 16:13:44.674, 13.39, 210, 1, 45, 60.00
2026/09/14 16:13:44.690, 13.39, 210, 1, 45, 60.00
2026/09/14 16:13:44.706, 13.39, 210, 1, 45, 60.00
2026/09/14 16:13:44.738, 13.39, 210, 1, 45, 60.00
2026/09/14 16:13:44.768, 13.44, 210, 1, 45, 60.00
2026/09/14 16:13:44.800, 13.44, 210, 1, 45, 60.00
2026/09/14 16:13:44.832, 13.44, 210, 1, 45, 60.00
2026/09/14 16:13:44.863, 13.44, 210, 1, 45, 60.00
2026/09/14 16:13:44.895, 13.41, 210, 1, 45, 60.00
2026/09/14 16:13:44.926, 13.41, 210, 1, 45, 60.00
2026/09/14 16:13:44.958, 13.47, 210, 1, 45, 60.00
2026/09/14 16:13:44.989, 13.47, 210, 1, 45, 60.00
2026/09/14 16:13:45.020, 13.47, 210, 1, 45, 60.00
2026/09/14 16:13:45.036, 13.47, 210, 1, 45, 60.00
2026/09/14 16:13:45.052, 13.47, 210, 1, 45, 60.00
2026/09/14 16:13:45.084, 13.53, 210, 1, 45, 60.00
2026/09/14 16:13:45.101, 13.53, 210, 1, 45, 60.00
2026/09/14 16:13:45.132, 13.53, 210, 1, 45, 60.00
2026/09/14 16:13:45.163, 13.53, 210, 1, 45, 60.00
2026/09/14 16:13:45.195, 13.53, 210, 1, 45, 60.00
2026/09/14 16:13:45.226, 13.53, 210, 1, 45, 60.00
2026/09/14 16:13:45.258, 13.53, 210, 1, 45, 60.00
2026/09/14 16:13:45.288, 13.57, 210, 2, 45, 60.00
2026/09/14 16:13:45.319, 13.57, 210, 2, 45, 60.00
2026/09/14 16:13:45.351, 13.57, 210, 2, 45, 60.00
2026/09/14 16:13:45.381, 13.65, 210, 2, 45, 60.00
2026/09/14 16:13:45.412, 13.65, 210, 2, 45, 60.00
2026/09/14 16:13:45.443, 13.65, 210, 2, 45, 60.00
2026/09/14 16:13:45.474, 13.68, 210, 1, 45, 60.00
2026/09/14 16:13:45.506, 13.68, 210, 1, 45, 60.00
2026/09/14 16:13:45.537, 13.68, 210, 1, 45, 60.00
2026/09/14 16:13:45.568, 13.75, 210, 1, 45, 60.00
2026/09/14 16:13:45.601, 13.75, 210, 1, 45, 60.00
2026/09/14 16:13:45.632, 13.75, 210, 1, 45, 60.00
2026/09/14 16:13:45.663, 13.75, 210, 1, 45, 60.00
2026/09/14 16:13:45.694, 13.83, 210, 6, 45, 60.00
2026/09/14 16:13:45.725, 13.83, 210, 6, 45, 60.00
2026/09/14 16:13:45.756, 13.83, 210, 6, 45, 60.00
2026/09/14 16:13:45.787, 13.89, 210, 6, 45, 60.00
2026/09/14 16:13:45.819, 13.89, 210, 6, 45, 60.00
2026/09/14 16:13:45.850, 13.89, 210, 6, 45, 60.00
2026/09/14 16:13:45.882, 13.84, 210, 2, 45, 60.00
2026/09/14 16:13:45.913, 13.84, 210, 2, 45, 60.00
2026/09/14 16:13:45.944, 13.84, 210, 2, 45, 60.00
2026/09/14 16:13:45.975, 13.88, 210, 2, 45, 60.00
2026/09/14 16:13:46.007, 13.88, 210, 2, 45, 60.00
2026/09/14 16:13:46.037, 13.88, 210, 2, 45, 60.00
2026/09/14 16:13:46.068, 13.86, 210, 0, 45, 60.00
2026/09/14 16:13:46.100, 13.86, 210, 0, 45, 60.00
2026/09/14 16:13:46.131, 13.86, 210, 0, 45, 60.00
2026/09/14 16:13:46.162, 13.86, 210, 0, 45, 60.00
2026/09/14 16:13:46.193, 13.76, 210, 0, 45, 60.00
2026/09/14 16:13:46.224, 13.76, 210, 0, 45, 60.00
2026/09/14 16:13:46.256, 13.76, 210, 0, 45, 60.00
2026/09/14 16:13:46.287, 13.73, 210, 0, 45, 60.00
2026/09/14 16:13:46.318, 13.73, 210, 0, 45, 60.00
2026/09/14 16:13:46.349, 13.73, 210, 0, 45, 60.00
2026/09/14 16:13:46.381, 13.72, 210, 0, 45, 60.00
2026/09/14 16:13:46.413, 13.72, 210, 0, 45, 60.00
2026/09/14 16:13:46.445, 13.72, 210, 0, 45, 60.00
2026/09/14 16:13:46.475, 13.62, 210, 1, 45, 60.00
2026/09/14 16:13:46.492, 13.62, 210, 1, 45, 60.00
2026/09/14 16:13:46.524, 13.62, 210, 1, 45, 60.00
2026/09/14 16:13:46.554, 13.62, 210, 1, 45, 60.00
2026/09/14 16:13:46.585, 13.61, 210, 1, 45, 60.00
2026/09/14 16:13:46.616, 13.61, 210, 1, 45, 60.00
2026/09/14 16:13:46.632, 13.61, 210, 1, 45, 60.00
2026/09/14 16:13:46.664, 13.61, 210, 1, 45, 60.00
2026/09/14 16:13:46.695, 13.53, 210, 0, 45, 60.00
2026/09/14 16:13:46.725, 13.53, 210, 0, 45, 60.00
2026/09/14 16:13:46.756, 13.53, 210, 0, 45, 60.00
2026/09/14 16:13:46.788, 13.47, 210, 0, 45, 60.00
2026/09/14 16:13:46.818, 13.47, 210, 0, 45, 60.00
2026/09/14 16:13:46.851, 13.47, 210, 0, 45, 60.00
2026/09/14 16:13:46.883, 13.42, 210, 3, 45, 60.00
2026/09/14 16:13:46.915, 13.42, 210, 3, 45, 60.00
2026/09/14 16:13:46.946, 13.42, 210, 3, 45, 60.00
2026/09/14 16:13:46.976, 13.38, 210, 3, 45, 60.00
2026/09/14 16:13:47.008, 13.38, 210, 3, 45, 60.00
2026/09/14 16:13:47.039, 13.38, 210, 3, 45, 60.00
2026/09/14 16:13:47.070, 13.37, 210, 0, 45, 60.00
2026/09/14 16:13:47.101, 13.37, 210, 0, 45, 60.00
2026/09/14 16:13:47.117, 13.37, 210, 0, 45, 60.00
2026/09/14 16:13:47.133, 13.37, 210, 0, 45, 60.00
2026/09/14 16:13:47.164, 13.37, 210, 0, 45, 60.00
2026/09/14 16:13:47.195, 13.39, 210, 0, 45, 60.00
2026/09/14 16:13:47.226, 13.39, 210, 0, 45, 60.00
2026/09/14 16:13:47.257, 13.39, 210, 0, 45, 60.00
2026/09/14 16:13:47.288, 13.41, 210, 0, 45, 60.00
2026/09/14 16:13:47.320, 13.41, 210, 0, 45, 60.00
2026/09/14 16:13:47.336, 13.41, 210, 0, 45, 60.00
2026/09/14 16:13:47.367, 13.42, 210, 0, 45, 60.00
2026/09/14 16:13:47.399, 13.42, 210, 0, 45, 60.00
2026/09/14 16:13:47.429, 13.42, 210, 0, 45, 60.00
2026/09/14 16:13:47.462, 13.42, 210, 0, 45, 60.00
2026/09/14 16:13:47.492, 13.37, 210, 1, 45, 60.00
2026/09/14 16:13:47.523, 13.37, 210, 1, 45, 60.00
2026/09/14 16:13:47.554, 13.37, 210, 1, 45, 60.00
2026/09/14 16:13:47.585, 13.38, 210, 1, 45, 60.00
2026/09/14 16:13:47.616, 13.38, 210, 1, 45, 60.00
2026/09/14 16:13:47.648, 13.38, 210, 1, 45, 60.00
2026/09/14 16:13:47.678, 13.34, 210, 0, 45, 60.00
2026/09/14 16:13:47.710, 13.34, 210, 0, 45, 60.00
2026/09/14 16:13:47.741, 13.34, 210, 0, 45, 60.00
2026/09/14 16:13:47.772, 13.39, 210, 0, 45, 60.00
2026/09/14 16:13:47.803, 13.39, 210, 0, 45, 60.00
2026/09/14 16:13:47.834, 13.39, 210, 0, 45, 60.00
2026/09/14 16:13:47.866, 13.33, 210, 0, 45, 60.00
2026/09/14 16:13:47.896, 13.33, 210, 1, 45, 60.00
2026/09/14 16:13:47.928, 13.33, 210, 1, 45, 60.00
2026/09/14 16:13:47.960, 13.33, 210, 1, 45, 60.00
2026/09/14 16:13:47.990, 13.32, 210, 1, 45, 60.00
2026/09/14 16:13:48.022, 13.32, 210, 1, 45, 60.00
2026/09/14 16:13:48.052, 13.32, 210, 1, 45, 60.00
2026/09/14 16:13:48.083, 13.30, 210, 1, 45, 60.00
2026/09/14 16:13:48.115, 13.30, 210, 1, 45, 60.00
2026/09/14 16:13:48.131, 13.30, 210, 1, 45, 60.00
2026/09/14 16:13:48.163, 13.30, 210, 1, 45, 60.00
2026/09/14 16:13:48.193, 13.28, 210, 1, 45, 60.00
2026/09/14 16:13:48.225, 13.28, 210, 1, 45, 60.00
2026/09/14 16:13:48.256, 13.28, 210, 1, 45, 60.00
2026/09/14 16:13:48.287, 13.26, 210, 0, 45, 60.00
2026/09/14 16:13:48.319, 13.26, 210, 0, 45, 60.00
2026/09/14 16:13:48.335, 13.26, 210, 0, 45, 60.00
2026/09/14 16:13:48.350, 13.26, 210, 0, 45, 60.00
2026/09/14 16:13:48.382, 13.27, 210, 0, 45, 60.00
2026/09/14 16:13:48.413, 13.27, 210, 0, 45, 60.00
2026/09/14 16:13:48.444, 13.27, 210, 0, 45, 60.00
2026/09/14 16:13:48.475, 13.24, 210, 2, 45, 60.00
2026/09/14 16:13:48.506, 13.24, 210, 2, 45, 60.00
2026/09/14 16:13:48.522, 13.24, 210, 2, 45, 60.00
2026/09/14 16:13:48.553, 13.24, 210, 2, 45, 60.00
2026/09/14 16:13:48.585, 13.27, 210, 2, 45, 60.00
2026/09/14 16:13:48.616, 13.27, 210, 2, 45, 60.00
2026/09/14 16:13:48.647, 13.27, 210, 2, 45, 60.00
2026/09/14 16:13:48.679, 13.27, 210, 0, 45, 60.00
2026/09/14 16:13:48.710, 13.27, 210, 0, 45, 60.00
2026/09/14 16:13:48.741, 13.27, 210, 0, 45, 60.00
2026/09/14 16:13:48.758, 13.27, 210, 0, 45, 60.00
2026/09/14 16:13:48.789, 13.32, 210, 0, 45, 60.00
2026/09/14 16:13:48.820, 13.32, 210, 0, 45, 60.00
2026/09/14 16:13:48.852, 13.32, 210, 0, 45, 60.00
2026/09/14 16:13:48.883, 13.26, 210, 1, 45, 60.00
2026/09/14 16:13:48.915, 13.26, 210, 1, 45, 60.00
2026/09/14 16:13:48.946, 13.26, 210, 1, 45, 60.00
2026/09/14 16:13:48.962, 13.26, 210, 1, 45, 60.00
2026/09/14 16:13:48.994, 13.25, 210, 1, 45, 60.00
2026/09/14 16:13:49.026, 13.25, 210, 1, 45, 60.00
2026/09/14 16:13:49.056, 13.25, 210, 1, 45, 60.00
2026/09/14 16:13:49.088, 13.29, 210, 1, 45, 60.00
2026/09/14 16:13:49.119, 13.29, 210, 1, 45, 60.00
2026/09/14 16:13:49.151, 13.29, 210, 1, 45, 60.00
2026/09/14 16:13:49.181, 13.30, 210, 1, 45, 60.00
2026/09/14 16:13:49.213, 13.30, 210, 1, 45, 60.00
2026/09/14 16:13:49.245, 13.30, 210, 1, 45, 60.00
2026/09/14 16:13:49.276, 13.31, 210, 0, 45, 60.00
2026/09/14 16:13:49.307, 13.31, 210, 0, 45, 60.00
2026/09/14 16:13:49.338, 13.31, 210, 0, 45, 60.00
2026/09/14 16:13:49.369, 13.34, 210, 0, 45, 60.00
2026/09/14 16:13:49.399, 13.34, 210, 0, 45, 60.00
2026/09/14 16:13:49.430, 13.34, 210, 0, 45, 60.00
2026/09/14 16:13:49.462, 13.34, 210, 0, 45, 60.00
2026/09/14 16:13:49.492, 13.35, 210, 1, 45, 60.00
2026/09/14 16:13:49.509, 13.35, 210, 1, 45, 60.00
2026/09/14 16:13:49.540, 13.35, 210, 1, 45, 60.00
2026/09/14 16:13:49.572, 13.36, 210, 1, 45, 60.00
2026/09/14 16:13:49.603, 13.36, 210, 1, 45, 60.00
2026/09/14 16:13:49.634, 13.36, 210, 1, 45, 60.00
2026/09/14 16:13:49.665, 13.40, 210, 1, 45, 60.00
2026/09/14 16:13:49.696, 13.40, 210, 1, 45, 60.00
2026/09/14 16:13:49.727, 13.40, 210, 1, 45, 60.00
2026/09/14 16:13:49.759, 13.40, 210, 1, 45, 60.00
2026/09/14 16:13:49.789, 13.43, 210, 1, 45, 60.00
2026/09/14 16:13:49.820, 13.43, 210, 1, 45, 60.00
2026/09/14 16:13:49.851, 13.43, 210, 1, 45, 60.00
2026/09/14 16:13:49.867, 13.42, 210, 1, 45, 60.00
2026/09/14 16:13:49.898, 13.42, 210, 1, 45, 60.00
2026/09/14 16:13:49.930, 13.42, 210, 1, 45, 60.00
2026/09/14 16:13:49.961, 13.42, 210, 1, 45, 60.00
2026/09/14 16:13:49.992, 13.41, 210, 1, 45, 60.00
2026/09/14 16:13:50.009, 13.41, 210, 1, 45, 60.00
2026/09/14 16:13:50.039, 13.41, 210, 1, 44, 60.00
2026/09/14 16:13:50.071, 13.50, 210, 1, 44, 60.00
2026/09/14 16:13:50.101, 13.50, 210, 1, 44, 60.00
2026/09/14 16:13:50.133, 13.50, 210, 1, 44, 60.00
2026/09/14 16:13:50.165, 13.49, 210, 1, 44, 60.00
2026/09/14 16:13:50.195, 13.49, 210, 1, 44, 60.00
2026/09/14 16:13:50.227, 13.49, 210, 1, 44, 60.00
2026/09/14 16:13:50.258, 13.49, 210, 1, 44, 60.00
2026/09/14 16:13:50.289, 13.53, 210, 3, 44, 60.00
2026/09/14 16:13:50.321, 13.53, 210, 3, 44, 60.00
2026/09/14 16:13:50.337, 13.53, 210, 3, 44, 60.00
2026/09/14 16:13:50.368, 13.59, 210, 3, 44, 60.00
2026/09/14 16:13:50.400, 13.59, 210, 3, 44, 60.00
2026/09/14 16:13:50.432, 13.59, 210, 3, 44, 60.00
2026/09/14 16:13:50.462, 13.59, 210, 3, 44, 60.00
2026/09/14 16:13:50.494, 13.60, 210, 1, 45, 60.00
2026/09/14 16:13:50.525, 13.60, 210, 1, 45, 60.00
2026/09/14 16:13:50.557, 13.60, 210, 1, 45, 60.00
2026/09/14 16:13:50.588, 13.67, 210, 1, 45, 60.00
2026/09/14 16:13:50.605, 13.67, 210, 1, 45, 60.00
2026/09/14 16:13:50.636, 13.67, 210, 1, 45, 60.00
2026/09/14 16:13:50.667, 13.70, 210, 2, 45, 60.00
2026/09/14 16:13:50.698, 13.70, 210, 2, 45, 60.00
2026/09/14 16:13:50.729, 13.70, 210, 2, 45, 60.00
2026/09/14 16:13:50.761, 13.70, 210, 2, 45, 60.00
2026/09/14 16:13:50.792, 13.74, 210, 2, 45, 60.00
2026/09/14 16:13:50.822, 13.74, 210, 2, 45, 60.00
2026/09/14 16:13:50.853, 13.74, 210, 2, 45, 60.00
2026/09/14 16:13:50.885, 13.73, 210, 2, 45, 60.00
2026/09/14 16:13:50.916, 13.73, 210, 2, 45, 60.00
2026/09/14 16:13:50.947, 13.73, 210, 2, 44, 60.00
2026/09/14 16:13:50.978, 13.79, 210, 2, 44, 60.00
2026/09/14 16:13:51.010, 13.79, 210, 2, 44, 60.00
2026/09/14 16:13:51.040, 13.79, 210, 2, 44, 60.00
2026/09/14 16:13:51.071, 13.81, 210, 1, 44, 60.00
2026/09/14 16:13:51.103, 13.81, 210, 1, 44, 60.00
2026/09/14 16:13:51.134, 13.81, 210, 1, 44, 60.00
2026/09/14 16:13:51.166, 13.73, 210, 1, 44, 60.00
2026/09/14 16:13:51.197, 13.73, 210, 1, 44, 60.00
2026/09/14 16:13:51.229, 13.73, 210, 1, 44, 60.00
2026/09/14 16:13:51.261, 13.73, 210, 1, 44, 60.00
2026/09/14 16:13:51.292, 13.72, 210, 1, 44, 60.00
2026/09/14 16:13:51.322, 13.72, 210, 1, 44, 60.00
2026/09/14 16:13:51.339, 13.72, 210, 1, 44, 60.00
2026/09/14 16:13:51.371, 13.68, 210, 1, 44, 60.00
2026/09/14 16:13:51.401, 13.68, 210, 1, 44, 60.00
2026/09/14 16:13:51.433, 13.68, 210, 1, 44, 60.00
2026/09/14 16:13:51.464, 13.64, 210, 1, 44, 60.00
2026/09/14 16:13:51.496, 13.64, 210, 0, 44, 60.00
2026/09/14 16:13:51.527, 13.64, 210, 0, 44, 60.00
2026/09/14 16:13:51.558, 13.64, 210, 0, 44, 60.00
2026/09/14 16:13:51.589, 13.61, 210, 0, 44, 60.00
2026/09/14 16:13:51.620, 13.61, 210, 0, 44, 60.00
2026/09/14 16:13:51.651, 13.61, 210, 0, 44, 60.00
2026/09/14 16:13:51.682, 13.51, 210, 0, 44, 60.00
2026/09/14 16:13:51.713, 13.51, 210, 0, 44, 60.00
2026/09/14 16:13:51.745, 13.51, 210, 0, 44, 60.00
2026/09/14 16:13:51.777, 13.49, 210, 0, 44, 60.00
2026/09/14 16:13:51.808, 13.49, 210, 0, 44, 60.00
2026/09/14 16:13:51.841, 13.49, 210, 0, 44, 60.00
2026/09/14 16:13:51.872, 13.38, 210, 1, 44, 60.00
2026/09/14 16:13:51.902, 13.38, 210, 1, 44, 60.00
2026/09/14 16:13:51.934, 13.38, 210, 1, 44, 60.00
2026/09/14 16:13:51.966, 13.38, 210, 1, 44, 60.00
2026/09/14 16:13:51.997, 13.38, 210, 1, 44, 60.00
2026/09/14 16:13:52.029, 13.38, 210, 1, 44, 60.00
2026/09/14 16:13:52.059, 13.38, 210, 1, 44, 60.00
2026/09/14 16:13:52.090, 13.32, 210, 0, 44, 60.00
2026/09/14 16:13:52.121, 13.32, 210, 0, 44, 60.00
2026/09/14 16:13:52.152, 13.32, 210, 0, 44, 60.00
2026/09/14 16:13:52.184, 13.34, 210, 0, 44, 60.00
2026/09/14 16:13:52.215, 13.34, 210, 0, 44, 60.00
2026/09/14 16:13:52.246, 13.34, 210, 0, 44, 60.00
2026/09/14 16:13:52.277, 13.33, 210, 0, 44, 60.00
2026/09/14 16:13:52.308, 13.33, 210, 0, 44, 60.00
2026/09/14 16:13:52.339, 13.33, 210, 0, 44, 60.00
2026/09/14 16:13:52.370, 13.37, 210, 0, 44, 60.00
2026/09/14 16:13:52.402, 13.37, 210, 0, 44, 60.00
2026/09/14 16:13:52.434, 13.37, 210, 0, 44, 60.00
2026/09/14 16:13:52.464, 13.34, 210, 0, 44, 60.00
2026/09/14 16:13:52.496, 13.34, 210, 1, 44, 60.00
2026/09/14 16:13:52.527, 13.34, 210, 1, 44, 60.00
2026/09/14 16:13:52.558, 13.34, 210, 1, 44, 60.00
2026/09/14 16:13:52.590, 13.33, 210, 1, 44, 60.00
2026/09/14 16:13:52.622, 13.33, 210, 1, 44, 60.00
2026/09/14 16:13:52.652, 13.33, 210, 1, 44, 60.00
2026/09/14 16:13:52.683, 13.31, 210, 0, 44, 60.00
2026/09/14 16:13:52.700, 13.31, 210, 0, 44, 60.00
2026/09/14 16:13:52.732, 13.31, 210, 0, 44, 60.00
2026/09/14 16:13:52.764, 13.33, 210, 0, 44, 60.00
2026/09/14 16:13:52.796, 13.33, 210, 0, 44, 60.00
2026/09/14 16:13:52.827, 13.33, 210, 0, 44, 60.00
2026/09/14 16:13:52.857, 13.33, 210, 0, 44, 60.00
2026/09/14 16:13:52.889, 13.36, 210, 2, 44, 60.00
2026/09/14 16:13:52.922, 13.36, 210, 2, 44, 60.00
2026/09/14 16:13:52.952, 13.36, 210, 2, 44, 60.00
2026/09/14 16:13:52.984, 13.38, 210, 2, 44, 60.00
2026/09/14 16:13:53.015, 13.38, 210, 2, 44, 60.00
2026/09/14 16:13:53.047, 13.38, 210, 2, 44, 60.00
2026/09/14 16:13:53.078, 13.36, 210, 1, 44, 60.00
2026/09/14 16:13:53.109, 13.36, 210, 1, 44, 60.00
2026/09/14 16:13:53.139, 13.36, 210, 1, 44, 60.00
2026/09/14 16:13:53.170, 13.35, 210, 1, 44, 60.00
2026/09/14 16:13:53.202, 13.35, 210, 1, 44, 60.00
2026/09/14 16:13:53.232, 13.35, 210, 1, 44, 60.00
2026/09/14 16:13:53.262, 13.32, 210, 1, 44, 60.00
2026/09/14 16:13:53.294, 13.32, 210, 0, 44, 60.00
2026/09/14 16:13:53.326, 13.32, 210, 0, 44, 60.00
2026/09/14 16:13:53.357, 13.32, 210, 0, 44, 60.00
2026/09/14 16:13:53.388, 13.35, 210, 0, 44, 60.00
2026/09/14 16:13:53.420, 13.35, 210, 0, 44, 60.00
2026/09/14 16:13:53.450, 13.35, 210, 0, 44, 60.00
2026/09/14 16:13:53.481, 13.31, 210, 1, 44, 60.00
2026/09/14 16:13:53.512, 13.31, 210, 1, 44, 60.00
2026/09/14 16:13:53.543, 13.31, 210, 1, 44, 60.00
2026/09/14 16:13:53.574, 13.33, 210, 1, 44, 60.00
2026/09/14 16:13:53.605, 13.33, 210, 1, 44, 60.00
2026/09/14 16:13:53.637, 13.33, 210, 1, 44, 60.00
2026/09/14 16:13:53.668, 13.32, 210, 0, 44, 60.00
2026/09/14 16:13:53.700, 13.32, 210, 0, 44, 60.00
2026/09/14 16:13:53.731, 13.32, 210, 0, 44, 60.00
2026/09/14 16:13:53.762, 13.32, 210, 0, 44, 60.00
2026/09/14 16:13:53.794, 13.36, 210, 0, 44, 60.00
2026/09/14 16:13:53.825, 13.36, 210, 0, 44, 60.00
2026/09/14 16:13:53.857, 13.36, 210, 0, 44, 60.00
2026/09/14 16:13:53.888, 13.35, 210, 1, 44, 60.00
2026/09/14 16:13:53.919, 13.35, 210, 1, 44, 60.00
2026/09/14 16:13:53.951, 13.35, 210, 1, 44, 60.00
2026/09/14 16:13:53.982, 13.34, 210, 1, 44, 60.00
2026/09/14 16:13:54.013, 13.34, 210, 1, 44, 60.00
2026/09/14 16:13:54.044, 13.34, 210, 1, 44, 60.00
2026/09/14 16:13:54.075, 13.32, 210, 1, 44, 60.00
2026/09/14 16:13:54.106, 13.32, 210, 1, 44, 60.00
2026/09/14 16:13:54.138, 13.32, 210, 1, 44, 60.00
2026/09/14 16:13:54.169, 13.32, 210, 1, 44, 60.00
2026/09/14 16:13:54.200, 13.32, 210, 1, 44, 60.00
2026/09/14 16:13:54.232, 13.32, 210, 1, 44, 60.00
2026/09/14 16:13:54.263, 13.31, 210, 1, 44, 60.00
2026/09/14 16:13:54.294, 13.31, 210, 0, 44, 60.00
2026/09/14 16:13:54.324, 13.31, 210, 0, 44, 60.00
2026/09/14 16:13:54.355, 13.31, 210, 0, 44, 60.00
2026/09/14 16:13:54.386, 13.34, 210, 0, 44, 60.00
2026/09/14 16:13:54.416, 13.34, 210, 0, 44, 60.00
2026/09/14 16:13:54.447, 13.34, 210, 0, 44, 60.00
2026/09/14 16:13:54.478, 13.31, 210, 0, 44, 60.00
2026/09/14 16:13:54.508, 13.31, 210, 0, 44, 60.00
2026/09/14 16:13:54.539, 13.31, 210, 0, 44, 60.00
2026/09/14 16:13:54.571, 13.32, 210, 0, 44, 60.00
2026/09/14 16:13:54.602, 13.32, 210, 0, 44, 60.00
2026/09/14 16:13:54.633, 13.32, 210, 0, 44, 60.00
2026/09/14 16:13:54.665, 13.33, 210, 0, 44, 60.00
2026/09/14 16:13:54.696, 13.33, 210, 2, 44, 60.00
2026/09/14 16:13:54.727, 13.33, 210, 2, 44, 60.00
2026/09/14 16:13:54.758, 13.33, 210, 2, 44, 60.00
2026/09/14 16:13:54.790, 13.36, 210, 2, 44, 60.00
2026/09/14 16:13:54.821, 13.36, 210, 2, 44, 60.00
2026/09/14 16:13:54.852, 13.36, 210, 2, 44, 60.00
2026/09/14 16:13:54.883, 13.33, 210, 1, 44, 60.00
2026/09/14 16:13:54.913, 13.33, 210, 1, 44, 60.00
2026/09/14 16:13:54.945, 13.33, 210, 1, 44, 60.00
2026/09/14 16:13:54.977, 13.33, 210, 1, 44, 60.00
2026/09/14 16:13:55.009, 13.33, 210, 1, 44, 60.00
2026/09/14 16:13:55.040, 13.33, 210, 1, 44, 60.00
2026/09/14 16:13:55.071, 13.36, 210, 2, 44, 60.00
2026/09/14 16:13:55.103, 13.36, 210, 2, 44, 60.00
2026/09/14 16:13:55.133, 13.36, 210, 2, 44, 60.00
2026/09/14 16:13:55.164, 13.44, 210, 2, 44, 60.00
2026/09/14 16:13:55.196, 13.44, 210, 2, 44, 60.00
2026/09/14 16:13:55.228, 13.44, 210, 2, 44, 60.00
2026/09/14 16:13:55.260, 13.44, 210, 2, 44, 60.00
2026/09/14 16:13:55.291, 13.49, 210, 1, 44, 60.00
2026/09/14 16:13:55.321, 13.49, 210, 1, 44, 60.00
2026/09/14 16:13:55.352, 13.49, 210, 1, 44, 60.00
2026/09/14 16:13:55.383, 13.54, 210, 1, 44, 60.00
2026/09/14 16:13:55.414, 13.54, 210, 1, 44, 60.00
2026/09/14 16:13:55.445, 13.54, 210, 1, 44, 60.00
2026/09/14 16:13:55.477, 13.59, 210, 1, 44, 60.00
2026/09/14 16:13:55.509, 13.59, 210, 1, 44, 60.00
2026/09/14 16:13:55.525, 13.59, 210, 1, 44, 60.00
2026/09/14 16:13:55.558, 13.59, 210, 1, 44, 60.00
2026/09/14 16:13:55.588, 13.65, 210, 1, 44, 60.00
2026/09/14 16:13:55.635, 13.65, 210, 1, 44, 60.00
2026/09/14 16:13:55.666, 13.70, 210, 2, 44, 60.00
2026/09/14 16:13:55.697, 13.70, 210, 2, 44, 60.00
2026/09/14 16:13:55.728, 13.70, 210, 2, 44, 60.00
2026/09/14 16:13:55.760, 13.70, 210, 2, 44, 60.00
2026/09/14 16:13:55.792, 13.77, 210, 2, 44, 60.00
2026/09/14 16:13:55.825, 13.77, 210, 2, 44, 60.00
2026/09/14 16:13:55.856, 13.77, 210, 2, 44, 60.00
2026/09/14 16:13:55.888, 13.76, 210, 2, 44, 60.00
2026/09/14 16:13:55.918, 13.76, 210, 2, 44, 60.00
2026/09/14 16:13:55.950, 13.76, 210, 2, 44, 60.00
2026/09/14 16:13:55.981, 13.84, 210, 2, 44, 60.00
2026/09/14 16:13:56.013, 13.84, 210, 2, 44, 60.00
2026/09/14 16:13:56.045, 13.84, 210, 2, 44, 60.00
2026/09/14 16:13:56.077, 13.86, 210, 1, 44, 60.00
2026/09/14 16:13:56.107, 13.86, 210, 1, 44, 60.00
2026/09/14 16:13:56.137, 13.86, 210, 1, 44, 60.00
2026/09/14 16:13:56.169, 13.82, 210, 1, 44, 60.00
2026/09/14 16:13:56.199, 13.82, 210, 1, 44, 60.00
2026/09/14 16:13:56.231, 13.82, 210, 1, 44, 60.00
2026/09/14 16:13:56.262, 13.75, 210, 1, 44, 60.00
2026/09/14 16:13:56.293, 13.75, 210, 1, 44, 60.00
2026/09/14 16:13:56.324, 13.75, 210, 1, 44, 60.00
2026/09/14 16:13:56.356, 13.75, 210, 1, 44, 60.00
2026/09/14 16:13:56.388, 13.70, 210, 1, 44, 60.00
2026/09/14 16:13:56.420, 13.70, 210, 1, 44, 60.00
2026/09/14 16:13:56.451, 13.70, 210, 1, 44, 60.00
2026/09/14 16:13:56.484, 13.66, 210, 1, 44, 60.00
2026/09/14 16:13:56.515, 13.66, 210, 1, 44, 60.00
2026/09/14 16:13:56.546, 13.66, 210, 1, 44, 60.00
2026/09/14 16:13:56.578, 13.62, 210, 1, 44, 60.00
2026/09/14 16:13:56.609, 13.62, 210, 1, 44, 60.00
2026/09/14 16:13:56.640, 13.62, 210, 1, 44, 60.00
2026/09/14 16:13:56.672, 13.56, 210, 0, 44, 60.00
2026/09/14 16:13:56.703, 13.56, 210, 0, 44, 60.00
2026/09/14 16:13:56.734, 13.56, 210, 0, 44, 60.00
2026/09/14 16:13:56.764, 13.56, 210, 0, 44, 60.00
2026/09/14 16:13:56.795, 13.46, 210, 0, 44, 60.00
2026/09/14 16:13:56.826, 13.46, 210, 0, 44, 60.00
2026/09/14 16:13:56.858, 13.46, 210, 0, 44, 60.00
2026/09/14 16:13:56.889, 13.44, 210, 2, 44, 60.00
2026/09/14 16:13:56.919, 13.44, 210, 2, 44, 60.00
2026/09/14 16:13:56.951, 13.44, 210, 2, 44, 60.00
2026/09/14 16:13:56.983, 13.43, 210, 2, 44, 60.00
2026/09/14 16:13:57.015, 13.43, 210, 2, 44, 60.00
2026/09/14 16:13:57.047, 13.43, 210, 2, 44, 60.00
2026/09/14 16:13:57.077, 13.39, 210, 0, 44, 60.00
2026/09/14 16:13:57.109, 13.39, 210, 0, 44, 60.00
2026/09/14 16:13:57.140, 13.39, 210, 0, 44, 60.00
2026/09/14 16:13:57.171, 13.37, 210, 0, 44, 60.00
2026/09/14 16:13:57.203, 13.37, 210, 0, 44, 60.00
2026/09/14 16:13:57.235, 13.37, 210, 0, 44, 60.00
2026/09/14 16:13:57.267, 13.36, 210, 1, 44, 60.00
2026/09/14 16:13:57.298, 13.36, 210, 1, 44, 60.00
2026/09/14 16:13:57.329, 13.36, 210, 1, 44, 60.00
2026/09/14 16:13:57.360, 13.36, 210, 1, 44, 60.00
2026/09/14 16:13:57.393, 13.36, 210, 1, 44, 60.00
2026/09/14 16:13:57.424, 13.36, 210, 1, 44, 60.00
2026/09/14 16:13:57.455, 13.36, 210, 1, 44, 60.00
2026/09/14 16:13:57.486, 13.34, 210, 0, 44, 60.00
2026/09/14 16:13:57.517, 13.34, 210, 0, 44, 60.00
2026/09/14 16:13:57.549, 13.34, 210, 0, 44, 60.00
2026/09/14 16:13:57.579, 13.35, 210, 0, 44, 60.00
2026/09/14 16:13:57.610, 13.35, 210, 0, 44, 60.00
2026/09/14 16:13:57.641, 13.35, 210, 0, 44, 60.00
2026/09/14 16:13:57.673, 13.33, 210, 0, 44, 60.00
2026/09/14 16:13:57.703, 13.33, 210, 0, 44, 60.00
2026/09/14 16:13:57.735, 13.33, 210, 0, 44, 60.00
2026/09/14 16:13:57.765, 13.33, 210, 0, 44, 60.00
2026/09/14 16:13:57.797, 13.29, 210, 0, 44, 60.00
2026/09/14 16:13:57.829, 13.29, 210, 0, 44, 60.00
2026/09/14 16:13:57.860, 13.29, 210, 0, 44, 60.00
2026/09/14 16:13:57.891, 13.31, 210, 2, 44, 60.00
2026/09/14 16:13:57.923, 13.31, 210, 2, 44, 60.00
2026/09/14 16:13:57.955, 13.31, 210, 2, 44, 60.00
2026/09/14 16:13:57.987, 13.32, 210, 2, 44, 60.00
2026/09/14 16:13:58.018, 13.32, 210, 2, 44, 60.00
2026/09/14 16:13:58.034, 13.32, 210, 2, 44, 60.00
2026/09/14 16:13:58.066, 13.30, 210, 0, 44, 60.00
2026/09/14 16:13:58.097, 13.30, 210, 0, 44, 60.00
2026/09/14 16:13:58.129, 13.30, 210, 0, 44, 60.00
2026/09/14 16:13:58.160, 13.30, 210, 0, 44, 60.00
2026/09/14 16:13:58.191, 13.28, 210, 0, 44, 60.00
2026/09/14 16:13:58.206, 13.28, 210, 0, 44, 60.00
2026/09/14 16:13:58.223, 13.28, 210, 0, 44, 60.00
2026/09/14 16:13:58.238, 13.28, 210, 0, 44, 60.00
2026/09/14 16:13:58.254, 13.28, 210, 0, 44, 60.00
2026/09/14 16:13:58.269, 13.26, 210, 0, 44, 60.00
2026/09/14 16:13:58.285, 13.26, 210, 0, 44, 60.00
2026/09/14 16:13:58.301, 13.26, 210, 0, 44, 60.00
2026/09/14 16:13:58.317, 13.26, 210, 0, 44, 60.00
2026/09/14 16:13:58.333, 13.26, 210, 0, 44, 60.00
2026/09/14 16:13:58.348, 13.26, 210, 0, 44, 60.00
2026/09/14 16:13:58.364, 13.27, 210, 0, 44, 60.00
2026/09/14 16:13:58.396, 13.27, 210, 0, 44, 60.00
2026/09/14 16:13:58.428, 13.27, 210, 0, 44, 60.00
2026/09/14 16:13:58.444, 13.27, 210, 0, 44, 60.00
2026/09/14 16:13:58.459, 13.27, 210, 0, 44, 60.00
2026/09/14 16:13:58.475, 13.28, 210, 1, 44, 60.00
2026/09/14 16:13:58.490, 13.28, 210, 1, 44, 60.00
2026/09/14 16:13:58.506, 13.28, 210, 1, 44, 60.00
2026/09/14 16:13:58.523, 13.28, 210, 1, 44, 60.00
2026/09/14 16:13:58.539, 13.28, 210, 1, 44, 60.00
2026/09/14 16:13:58.555, 13.28, 210, 1, 44, 60.00
2026/09/14 16:13:58.570, 13.29, 210, 1, 44, 60.00
2026/09/14 16:13:58.585, 13.29, 210, 1, 44, 60.00
2026/09/14 16:13:58.601, 13.29, 210, 1, 44, 60.00
2026/09/14 16:13:58.617, 13.29, 210, 1, 44, 60.00
2026/09/14 16:13:58.633, 13.29, 210, 1, 44, 60.00
2026/09/14 16:13:58.649, 13.29, 210, 1, 44, 60.00
2026/09/14 16:13:58.664, 13.27, 210, 1, 44, 60.00
2026/09/14 16:13:58.680, 13.27, 210, 1, 44, 60.00
2026/09/14 16:13:58.695, 13.27, 210, 1, 44, 60.00
2026/09/14 16:13:58.710, 13.27, 210, 1, 44, 60.00
2026/09/14 16:13:58.725, 13.27, 210, 1, 44, 60.00
2026/09/14 16:13:58.741, 13.27, 210, 1, 44, 60.00
2026/09/14 16:13:58.757, 13.27, 210, 1, 44, 60.00
2026/09/14 16:13:58.772, 13.26, 210, 1, 44, 60.00
2026/09/14 16:13:58.788, 13.26, 210, 1, 44, 60.00
2026/09/14 16:13:58.804, 13.26, 210, 1, 44, 60.00
2026/09/14 16:13:58.820, 13.26, 210, 1, 44, 60.00
2026/09/14 16:13:58.835, 13.26, 210, 1, 44, 60.00
2026/09/14 16:13:58.851, 13.26, 210, 1, 44, 60.00
2026/09/14 16:13:58.883, 13.29, 210, 2, 44, 60.00
2026/09/14 16:13:58.899, 13.29, 210, 2, 44, 60.00
2026/09/14 16:13:58.929, 13.29, 210, 2, 44, 60.00
2026/09/14 16:13:58.944, 13.29, 210, 2, 44, 60.00
2026/09/14 16:13:58.960, 13.29, 210, 2, 44, 60.00
2026/09/14 16:13:58.975, 13.29, 210, 2, 44, 60.00
2026/09/14 16:13:58.990, 13.29, 210, 2, 44, 60.00
2026/09/14 16:13:59.006, 13.29, 210, 2, 44, 60.00
2026/09/14 16:13:59.021, 13.29, 210, 2, 44, 60.00
2026/09/14 16:13:59.037, 13.29, 210, 2, 44, 60.00
2026/09/14 16:13:59.053, 13.29, 210, 2, 44, 60.00
2026/09/14 16:13:59.069, 13.26, 210, 1, 44, 60.00
2026/09/14 16:13:59.085, 13.26, 210, 1, 44, 60.00
2026/09/14 16:13:59.100, 13.26, 210, 1, 44, 60.00
2026/09/14 16:13:59.116, 13.26, 210, 1, 44, 60.00
2026/09/14 16:13:59.131, 13.26, 210, 1, 44, 60.00
2026/09/14 16:13:59.147, 13.26, 210, 1, 44, 60.00
2026/09/14 16:13:59.163, 13.26, 210, 1, 44, 60.00
2026/09/14 16:13:59.179, 13.26, 210, 1, 44, 60.00
2026/09/14 16:13:59.194, 13.26, 210, 1, 44, 60.00
2026/09/14 16:13:59.209, 13.26, 210, 1, 44, 60.00
2026/09/14 16:13:59.225, 13.26, 210, 1, 44, 60.00
2026/09/14 16:13:59.240, 13.26, 210, 1, 44, 60.00
2026/09/14 16:13:59.255, 13.26, 210, 1, 44, 60.00
2026/09/14 16:13:59.271, 13.23, 210, 0, 44, 60.00
2026/09/14 16:13:59.287, 13.23, 210, 0, 44, 60.00
2026/09/14 16:13:59.302, 13.23, 210, 0, 44, 60.00
2026/09/14 16:13:59.335, 13.23, 210, 0, 44, 60.00
2026/09/14 16:13:59.351, 13.23, 210, 0, 44, 60.00
2026/09/14 16:13:59.366, 13.24, 210, 0, 44, 60.00
2026/09/14 16:13:59.381, 13.24, 210, 0, 44, 60.00
2026/09/14 16:13:59.397, 13.24, 210, 0, 44, 60.00
2026/09/14 16:13:59.414, 13.24, 210, 0, 44, 60.00
2026/09/14 16:13:59.429, 13.24, 210, 0, 44, 60.00
2026/09/14 16:13:59.445, 13.24, 210, 0, 44, 60.00
2026/09/14 16:13:59.477, 13.23, 210, 0, 44, 60.00
2026/09/14 16:13:59.492, 13.23, 210, 0, 44, 60.00
2026/09/14 16:13:59.508, 13.23, 210, 0, 44, 60.00
2026/09/14 16:13:59.524, 13.23, 210, 0, 44, 60.00
2026/09/14 16:13:59.540, 13.23, 210, 0, 44, 60.00
2026/09/14 16:13:59.555, 13.23, 210, 0, 44, 60.00
2026/09/14 16:13:59.570, 13.22, 210, 0, 44, 60.00
2026/09/14 16:13:59.586, 13.22, 210, 0, 44, 60.00
2026/09/14 16:13:59.601, 13.22, 210, 0, 44, 60.00
2026/09/14 16:13:59.617, 13.22, 210, 0, 44, 60.00
2026/09/14 16:13:59.633, 13.22, 210, 0, 44, 60.00
2026/09/14 16:13:59.649, 13.22, 210, 0, 44, 60.00
2026/09/14 16:13:59.664, 13.18, 210, 0, 44, 60.00
2026/09/14 16:13:59.680, 13.18, 210, 0, 44, 60.00
2026/09/14 16:13:59.696, 13.18, 210, 0, 44, 60.00
2026/09/14 16:13:59.712, 13.18, 210, 0, 44, 60.00
2026/09/14 16:13:59.727, 13.18, 210, 0, 44, 60.00
2026/09/14 16:13:59.744, 13.18, 210, 0, 44, 60.00
2026/09/14 16:13:59.759, 13.16, 210, 0, 44, 60.00
2026/09/14 16:13:59.790, 13.16, 210, 0, 44, 60.00
2026/09/14 16:13:59.806, 13.16, 210, 0, 44, 60.00
2026/09/14 16:13:59.821, 13.16, 210, 0, 44, 60.00
2026/09/14 16:13:59.837, 13.16, 210, 0, 44, 60.00
2026/09/14 16:13:59.853, 13.16, 210, 0, 44, 60.00
2026/09/14 16:13:59.869, 13.23, 210, 1, 44, 60.00
2026/09/14 16:13:59.885, 13.23, 210, 1, 44, 60.00
2026/09/14 16:13:59.900, 13.23, 210, 1, 44, 60.00
2026/09/14 16:13:59.916, 13.23, 210, 1, 44, 60.00
2026/09/14 16:13:59.932, 13.23, 210, 1, 44, 60.00
2026/09/14 16:13:59.947, 13.23, 210, 1, 44, 60.00
2026/09/14 16:13:59.963, 13.18, 210, 1, 44, 60.00
2026/09/14 16:13:59.980, 13.18, 210, 1, 44, 60.00
2026/09/14 16:13:59.995, 13.18, 210, 1, 44, 60.00
2026/09/14 16:14:00.011, 13.18, 210, 1, 44, 60.00
2026/09/14 16:14:00.027, 13.18, 210, 1, 44, 60.00
2026/09/14 16:14:00.043, 13.18, 210, 1, 44, 60.00
2026/09/14 16:14:00.059, 13.18, 210, 1, 44, 60.00
2026/09/14 16:14:00.074, 13.19, 210, 1, 44, 60.00
2026/09/14 16:14:00.089, 13.19, 210, 1, 44, 60.00
2026/09/14 16:14:00.105, 13.19, 210, 1, 44, 60.00
2026/09/14 16:14:00.120, 13.19, 210, 1, 44, 60.00
2026/09/14 16:14:00.135, 13.19, 210, 1, 44, 60.00
2026/09/14 16:14:00.150, 13.19, 210, 1, 44, 60.00
2026/09/14 16:14:00.165, 13.26, 210, 1, 44, 60.00
2026/09/14 16:14:00.181, 13.26, 210, 1, 44, 60.00
2026/09/14 16:14:00.196, 13.26, 210, 1, 44, 60.00
2026/09/14 16:14:00.226, 13.26, 210, 1, 44, 60.00
2026/09/14 16:14:00.257, 13.26, 210, 1, 44, 60.00
2026/09/14 16:14:00.272, 13.30, 210, 1, 44, 60.00
2026/09/14 16:14:00.287, 13.30, 210, 1, 44, 60.00
2026/09/14 16:14:00.303, 13.30, 210, 1, 44, 60.00
2026/09/14 16:14:00.319, 13.30, 210, 1, 44, 60.00
2026/09/14 16:14:00.333, 13.30, 210, 1, 44, 60.00
2026/09/14 16:14:00.349, 13.30, 210, 1, 44, 60.00
2026/09/14 16:14:00.363, 13.35, 210, 1, 44, 60.00
2026/09/14 16:14:00.378, 13.35, 210, 1, 44, 60.00
2026/09/14 16:14:00.394, 13.35, 210, 1, 44, 60.00
2026/09/14 16:14:00.408, 13.35, 210, 1, 44, 60.00
2026/09/14 16:14:00.423, 13.35, 210, 1, 44, 60.00
2026/09/14 16:14:00.438, 13.35, 210, 1, 44, 60.00
2026/09/14 16:14:00.453, 13.35, 210, 1, 44, 60.00
2026/09/14 16:14:00.470, 13.38, 210, 1, 44, 60.00
2026/09/14 16:14:00.485, 13.38, 210, 1, 44, 60.00
2026/09/14 16:14:00.500, 13.38, 210, 1, 44, 60.00
2026/09/14 16:14:00.516, 13.38, 210, 1, 44, 60.00
2026/09/14 16:14:00.531, 13.38, 210, 1, 44, 60.00
2026/09/14 16:14:00.546, 13.38, 210, 1, 44, 60.00
2026/09/14 16:14:00.576, 13.44, 210, 1, 44, 60.00
2026/09/14 16:14:00.591, 13.44, 210, 1, 44, 60.00
2026/09/14 16:14:00.607, 13.44, 210, 1, 44, 60.00
2026/09/14 16:14:00.621, 13.44, 210, 1, 44, 60.00
2026/09/14 16:14:00.636, 13.44, 210, 1, 44, 60.00
2026/09/14 16:14:00.651, 13.44, 210, 1, 44, 60.00
2026/09/14 16:14:00.667, 13.47, 210, 2, 44, 60.00
2026/09/14 16:14:00.681, 13.47, 210, 2, 44, 60.00
2026/09/14 16:14:00.711, 13.47, 210, 2, 44, 60.00
2026/09/14 16:14:00.726, 13.47, 210, 2, 44, 60.00
2026/09/14 16:14:00.741, 13.47, 210, 2, 44, 60.00
2026/09/14 16:14:00.757, 13.47, 210, 2, 44, 60.00
2026/09/14 16:14:00.772, 13.53, 210, 2, 44, 60.00
2026/09/14 16:14:00.787, 13.53, 210, 2, 44, 60.00
2026/09/14 16:14:00.802, 13.53, 210, 2, 44, 60.00
2026/09/14 16:14:00.817, 13.53, 210, 2, 44, 60.00
2026/09/14 16:14:00.833, 13.53, 210, 2, 44, 60.00
2026/09/14 16:14:00.848, 13.53, 210, 2, 44, 60.00
2026/09/14 16:14:00.863, 13.60, 210, 2, 44, 60.00
2026/09/14 16:14:00.878, 13.60, 210, 2, 44, 60.00
2026/09/14 16:14:00.893, 13.60, 210, 2, 44, 60.00
2026/09/14 16:14:00.908, 13.60, 210, 2, 44, 60.00
2026/09/14 16:14:00.924, 13.60, 210, 2, 44, 60.00
2026/09/14 16:14:00.939, 13.60, 210, 2, 44, 60.00
2026/09/14 16:14:00.954, 13.60, 210, 2, 44, 60.00
2026/09/14 16:14:00.971, 13.57, 210, 2, 44, 60.00
2026/09/14 16:14:00.986, 13.57, 210, 2, 44, 60.00
2026/09/14 16:14:01.003, 13.57, 210, 2, 44, 60.00
2026/09/14 16:14:01.018, 13.57, 210, 2, 44, 60.00
2026/09/14 16:14:01.033, 13.57, 210, 2, 44, 60.00
2026/09/14 16:14:01.049, 13.57, 210, 2, 44, 60.00
2026/09/14 16:14:01.065, 13.53, 210, 0, 44, 60.00
2026/09/14 16:14:01.081, 13.53, 210, 0, 44, 60.00
2026/09/14 16:14:01.097, 13.53, 210, 0, 44, 60.00
2026/09/14 16:14:01.112, 13.53, 210, 0, 44, 60.00
2026/09/14 16:14:01.128, 13.53, 210, 0, 44, 60.00
2026/09/14 16:14:01.144, 13.53, 210, 0, 44, 60.00
2026/09/14 16:14:01.175, 13.52, 210, 0, 44, 60.00
2026/09/14 16:14:01.191, 13.52, 210, 0, 44, 60.00
2026/09/14 16:14:01.206, 13.52, 210, 0, 44, 60.00
2026/09/14 16:14:01.222, 13.52, 210, 0, 44, 60.00
2026/09/14 16:14:01.238, 13.52, 210, 0, 44, 60.00
2026/09/14 16:14:01.253, 13.52, 210, 0, 44, 60.00
2026/09/14 16:14:01.270, 13.43, 210, 1, 44, 60.00
2026/09/14 16:14:01.286, 13.43, 210, 1, 44, 60.00
2026/09/14 16:14:01.301, 13.43, 210, 1, 44, 60.00
2026/09/14 16:14:01.317, 13.43, 210, 1, 44, 60.00
2026/09/14 16:14:01.332, 13.43, 210, 1, 44, 60.00
2026/09/14 16:14:01.348, 13.43, 210, 1, 44, 60.00
2026/09/14 16:14:01.364, 13.39, 210, 1, 44, 60.00
2026/09/14 16:14:01.380, 13.39, 210, 1, 44, 60.00
2026/09/14 16:14:01.396, 13.39, 210, 1, 44, 60.00
2026/09/14 16:14:01.412, 13.39, 210, 1, 44, 60.00
2026/09/14 16:14:01.427, 13.39, 210, 1, 44, 60.00
2026/09/14 16:14:01.442, 13.39, 210, 1, 44, 60.00
2026/09/14 16:14:01.457, 13.39, 210, 1, 44, 60.00
2026/09/14 16:14:01.473, 13.33, 210, 0, 44, 60.00
2026/09/14 16:14:01.489, 13.33, 210, 0, 44, 60.00
2026/09/14 16:14:01.504, 13.33, 210, 0, 44, 60.00
2026/09/14 16:14:01.520, 13.33, 210, 0, 44, 60.00
2026/09/14 16:14:01.536, 13.33, 210, 0, 44, 60.00
2026/09/14 16:14:01.552, 13.33, 210, 0, 44, 60.00
2026/09/14 16:14:01.568, 13.29, 210, 0, 44, 60.00
2026/09/14 16:14:01.583, 13.29, 210, 0, 44, 60.00
2026/09/14 16:14:01.599, 13.29, 210, 0, 44, 60.00
2026/09/14 16:14:01.629, 13.29, 210, 0, 44, 60.00
2026/09/14 16:14:01.646, 13.29, 210, 0, 44, 60.00
2026/09/14 16:14:01.677, 13.24, 210, 1, 44, 60.00
2026/09/14 16:14:01.693, 13.24, 210, 1, 44, 60.00
2026/09/14 16:14:01.708, 13.24, 210, 1, 44, 60.00
2026/09/14 16:14:01.725, 13.24, 210, 1, 44, 60.00
2026/09/14 16:14:01.741, 13.24, 210, 1, 44, 60.00
2026/09/14 16:14:01.757, 13.24, 210, 1, 44, 60.00
2026/09/14 16:14:01.772, 13.19, 210, 1, 44, 60.00
2026/09/14 16:14:01.787, 13.19, 210, 1, 44, 60.00
2026/09/14 16:14:01.803, 13.19, 210, 1, 44, 60.00
2026/09/14 16:14:01.819, 13.19, 210, 1, 44, 60.00
2026/09/14 16:14:01.835, 13.19, 210, 1, 44, 60.00
2026/09/14 16:14:01.850, 13.19, 210, 1, 44, 60.00
2026/09/14 16:14:01.866, 13.14, 210, 1, 44, 60.00
2026/09/14 16:14:01.882, 13.14, 210, 1, 44, 60.00
2026/09/14 16:14:01.898, 13.14, 210, 1, 44, 60.00
2026/09/14 16:14:01.914, 13.14, 210, 1, 44, 60.00
2026/09/14 16:14:01.929, 13.14, 210, 1, 44, 60.00
2026/09/14 16:14:01.945, 13.14, 210, 1, 44, 60.00
2026/09/14 16:14:01.960, 13.06, 210, 1, 44, 60.00
2026/09/14 16:14:01.976, 13.06, 210, 1, 44, 60.00
2026/09/14 16:14:01.992, 13.06, 210, 1, 44, 60.00
2026/09/14 16:14:02.007, 13.06, 210, 1, 44, 60.00
2026/09/14 16:14:02.023, 13.06, 210, 1, 44, 60.00
2026/09/14 16:14:02.039, 13.06, 210, 1, 44, 60.00
2026/09/14 16:14:02.054, 13.06, 210, 1, 44, 60.00
2026/09/14 16:14:02.084, 13.05, 210, 0, 44, 60.00
2026/09/14 16:14:02.100, 13.05, 210, 0, 44, 60.00
2026/09/14 16:14:02.131, 13.05, 210, 0, 44, 60.00
2026/09/14 16:14:02.147, 13.05, 210, 0, 44, 60.00
2026/09/14 16:14:02.163, 13.10, 210, 0, 44, 60.00
2026/09/14 16:14:02.178, 13.10, 210, 0, 44, 60.00
2026/09/14 16:14:02.194, 13.10, 210, 0, 44, 60.00
2026/09/14 16:14:02.225, 13.10, 210, 0, 44, 60.00
2026/09/14 16:14:02.241, 13.10, 210, 0, 44, 60.00
2026/09/14 16:14:02.256, 13.10, 210, 0, 44, 60.00
2026/09/14 16:14:02.272, 13.06, 210, 2, 44, 60.00
2026/09/14 16:14:02.287, 13.06, 210, 2, 44, 60.00
2026/09/14 16:14:02.303, 13.06, 210, 2, 44, 60.00
2026/09/14 16:14:02.318, 13.06, 210, 2, 44, 60.00
2026/09/14 16:14:02.334, 13.06, 210, 2, 44, 60.00
2026/09/14 16:14:02.349, 13.06, 210, 2, 44, 60.00
2026/09/14 16:14:02.365, 13.06, 210, 2, 44, 60.00
2026/09/14 16:14:02.380, 13.06, 210, 2, 44, 60.00
2026/09/14 16:14:02.396, 13.06, 210, 2, 44, 60.00
2026/09/14 16:14:02.411, 13.06, 210, 2, 44, 60.00
2026/09/14 16:14:02.428, 13.06, 210, 2, 44, 60.00
2026/09/14 16:14:02.443, 13.06, 210, 2, 44, 60.00
2026/09/14 16:14:02.459, 13.06, 210, 2, 44, 60.00
2026/09/14 16:14:02.474, 13.03, 210, 0, 44, 60.00
2026/09/14 16:14:02.490, 13.03, 210, 0, 44, 60.00
2026/09/14 16:14:02.505, 13.03, 210, 0, 44, 60.00
2026/09/14 16:14:02.536, 13.03, 210, 0, 44, 60.00
2026/09/14 16:14:02.552, 13.03, 210, 0, 44, 60.00
2026/09/14 16:14:02.568, 13.04, 210, 0, 44, 60.00
2026/09/14 16:14:02.583, 13.04, 210, 0, 44, 60.00
2026/09/14 16:14:02.599, 13.04, 210, 0, 44, 60.00
2026/09/14 16:14:02.615, 13.04, 210, 0, 44, 60.00
2026/09/14 16:14:02.631, 13.04, 210, 0, 44, 60.00
2026/09/14 16:14:02.647, 13.04, 210, 0, 44, 60.00
2026/09/14 16:14:02.662, 13.02, 210, 0, 44, 60.00
2026/09/14 16:14:02.678, 13.02, 210, 0, 44, 60.00
2026/09/14 16:14:02.693, 13.02, 210, 0, 44, 60.00
2026/09/14 16:14:02.708, 13.02, 210, 0, 44, 60.00
2026/09/14 16:14:02.724, 13.02, 210, 0, 44, 60.00
2026/09/14 16:14:02.739, 13.02, 210, 0, 44, 60.00
2026/09/14 16:14:02.755, 13.02, 210, 0, 44, 60.00
2026/09/14 16:14:02.770, 13.00, 210, 0, 44, 60.00
2026/09/14 16:14:02.786, 13.00, 210, 0, 44, 60.00
2026/09/14 16:14:02.801, 13.00, 210, 0, 44, 60.00
2026/09/14 16:14:02.816, 13.00, 210, 0, 44, 60.00
2026/09/14 16:14:02.832, 13.00, 210, 0, 44, 60.00
2026/09/14 16:14:02.848, 13.00, 210, 0, 44, 60.00
2026/09/14 16:14:02.864, 13.02, 210, 2, 44, 60.00
2026/09/14 16:14:02.880, 13.02, 210, 2, 44, 60.00
2026/09/14 16:14:02.896, 13.02, 210, 2, 44, 60.00
2026/09/14 16:14:02.911, 13.02, 210, 2, 44, 60.00
2026/09/14 16:14:02.927, 13.02, 210, 2, 44, 60.00
2026/09/14 16:14:02.943, 13.02, 210, 2, 44, 60.00
2026/09/14 16:14:02.959, 12.98, 210, 2, 44, 60.00
2026/09/14 16:14:02.989, 12.98, 210, 2, 44, 60.00
2026/09/14 16:14:03.006, 12.98, 210, 2, 44, 60.00
2026/09/14 16:14:03.021, 12.98, 210, 2, 44, 60.00
2026/09/14 16:14:03.037, 12.98, 210, 2, 44, 60.00
2026/09/14 16:14:03.053, 12.98, 210, 2, 44, 60.00
2026/09/14 16:14:03.068, 12.99, 210, 0, 44, 60.00
2026/09/14 16:14:03.083, 12.99, 210, 0, 44, 60.00
2026/09/14 16:14:03.099, 12.99, 210, 0, 44, 60.00
2026/09/14 16:14:03.115, 12.99, 210, 0, 44, 60.00
2026/09/14 16:14:03.130, 12.99, 210, 0, 44, 60.00
2026/09/14 16:14:03.146, 12.99, 210, 0, 44, 60.00
2026/09/14 16:14:03.161, 12.94, 210, 0, 44, 60.00
2026/09/14 16:14:03.176, 12.94, 210, 0, 44, 60.00
2026/09/14 16:14:03.192, 12.94, 210, 0, 44, 60.00
2026/09/14 16:14:03.208, 12.94, 210, 0, 44, 60.00
2026/09/14 16:14:03.224, 12.94, 210, 0, 44, 60.00
2026/09/14 16:14:03.239, 12.94, 210, 0, 44, 60.00
2026/09/14 16:14:03.255, 12.94, 210, 0, 44, 60.00
2026/09/14 16:14:03.270, 12.91, 210, 0, 44, 60.00
2026/09/14 16:14:03.286, 12.91, 210, 0, 44, 60.00
2026/09/14 16:14:03.302, 12.91, 210, 0, 44, 60.00
2026/09/14 16:14:03.317, 12.91, 210, 0, 44, 60.00
2026/09/14 16:14:03.333, 12.91, 210, 0, 44, 60.00
2026/09/14 16:14:03.349, 12.91, 210, 0, 44, 60.00
2026/09/14 16:14:03.365, 12.94, 210, 0, 44, 60.00
2026/09/14 16:14:03.380, 12.94, 210, 0, 44, 60.00
2026/09/14 16:14:03.395, 12.94, 210, 0, 44, 60.00
2026/09/14 16:14:03.411, 12.94, 210, 0, 44, 60.00
2026/09/14 16:14:03.443, 12.94, 210, 0, 44, 60.00
2026/09/14 16:14:03.458, 12.94, 210, 0, 44, 60.00
2026/09/14 16:14:03.474, 12.94, 210, 1, 44, 60.00
2026/09/14 16:14:03.489, 12.94, 210, 1, 44, 60.00
2026/09/14 16:14:03.506, 12.94, 210, 1, 44, 60.00
2026/09/14 16:14:03.521, 12.94, 210, 1, 44, 60.00
2026/09/14 16:14:03.536, 12.94, 210, 1, 44, 60.00
2026/09/14 16:14:03.552, 12.94, 210, 1, 44, 60.00
2026/09/14 16:14:03.567, 12.94, 210, 1, 44, 60.00
2026/09/14 16:14:03.582, 12.94, 210, 1, 44, 60.00
2026/09/14 16:14:03.598, 12.94, 210, 1, 44, 60.00
2026/09/14 16:14:03.614, 12.94, 210, 1, 44, 60.00
2026/09/14 16:14:03.629, 12.94, 210, 1, 44, 60.00
2026/09/14 16:14:03.644, 12.94, 210, 1, 44, 60.00
2026/09/14 16:14:03.659, 12.96, 210, 1, 44, 60.00
2026/09/14 16:14:03.675, 12.96, 210, 0, 44, 60.00
2026/09/14 16:14:03.691, 12.96, 210, 0, 44, 60.00
2026/09/14 16:14:03.707, 12.96, 210, 0, 44, 60.00
2026/09/14 16:14:03.722, 12.96, 210, 0, 44, 60.00
2026/09/14 16:14:03.738, 12.96, 210, 0, 44, 60.00
2026/09/14 16:14:03.754, 12.96, 210, 0, 44, 60.00
2026/09/14 16:14:03.770, 12.97, 210, 0, 44, 60.00
2026/09/14 16:14:03.786, 12.97, 210, 0, 44, 60.00
2026/09/14 16:14:03.801, 12.97, 210, 0, 44, 60.00
2026/09/14 16:14:03.816, 12.97, 210, 0, 44, 60.00
2026/09/14 16:14:03.831, 12.97, 210, 0, 44, 60.00
2026/09/14 16:14:03.847, 12.97, 210, 0, 44, 60.00
2026/09/14 16:14:03.863, 12.99, 210, 1, 44, 60.00
2026/09/14 16:14:03.894, 12.99, 210, 1, 44, 60.00
2026/09/14 16:14:03.909, 12.99, 210, 1, 44, 60.00
2026/09/14 16:14:03.924, 12.99, 210, 1, 44, 60.00
2026/09/14 16:14:03.940, 12.99, 210, 1, 44, 60.00
2026/09/14 16:14:03.955, 12.99, 210, 1, 44, 60.00
2026/09/14 16:14:03.971, 13.10, 210, 1, 44, 60.00
2026/09/14 16:14:03.986, 13.10, 210, 1, 44, 60.00
2026/09/14 16:14:04.002, 13.10, 210, 1, 44, 60.00
2026/09/14 16:14:04.018, 13.10, 210, 1, 44, 60.00
2026/09/14 16:14:04.034, 13.10, 210, 1, 44, 60.00
2026/09/14 16:14:04.050, 13.10, 210, 1, 44, 60.00
2026/09/14 16:14:04.065, 13.15, 210, 2, 44, 60.00
2026/09/14 16:14:04.081, 13.15, 210, 2, 44, 60.00
2026/09/14 16:14:04.097, 13.15, 210, 2, 44, 60.00
2026/09/14 16:14:04.112, 13.15, 210, 2, 44, 60.00
2026/09/14 16:14:04.128, 13.15, 210, 2, 44, 60.00
2026/09/14 16:14:04.144, 13.15, 210, 2, 44, 60.00
2026/09/14 16:14:04.159, 13.19, 210, 2, 44, 60.00
2026/09/14 16:14:04.175, 13.19, 210, 2, 44, 60.00
2026/09/14 16:14:04.190, 13.19, 210, 2, 44, 60.00
2026/09/14 16:14:04.206, 13.19, 210, 2, 44, 60.00
2026/09/14 16:14:04.222, 13.19, 210, 2, 44, 60.00
2026/09/14 16:14:04.238, 13.19, 210, 2, 44, 60.00
2026/09/14 16:14:04.253, 13.19, 210, 2, 44, 60.00
2026/09/14 16:14:04.269, 13.19, 210, 1, 44, 60.00
2026/09/14 16:14:04.286, 13.19, 210, 1, 44, 60.00
2026/09/14 16:14:04.302, 13.19, 210, 1, 44, 60.00
2026/09/14 16:14:04.317, 13.19, 210, 1, 44, 60.00
2026/09/14 16:14:04.349, 13.19, 210, 1, 44, 60.00
2026/09/14 16:14:04.365, 13.20, 210, 1, 44, 60.00
2026/09/14 16:14:04.380, 13.20, 210, 1, 44, 60.00
2026/09/14 16:14:04.396, 13.20, 210, 1, 44, 60.00
2026/09/14 16:14:04.411, 13.20, 210, 1, 44, 60.00
2026/09/14 16:14:04.427, 13.20, 210, 1, 44, 60.00
2026/09/14 16:14:04.443, 13.20, 210, 1, 44, 60.00
2026/09/14 16:14:04.459, 13.18, 210, 1, 44, 60.00
2026/09/14 16:14:04.474, 13.18, 210, 2, 44, 60.00
2026/09/14 16:14:04.490, 13.18, 210, 2, 44, 60.00
2026/09/14 16:14:04.506, 13.18, 210, 2, 44, 60.00
2026/09/14 16:14:04.521, 13.18, 210, 2, 44, 60.00
2026/09/14 16:14:04.537, 13.18, 210, 2, 44, 60.00
2026/09/14 16:14:04.554, 13.18, 210, 2, 44, 60.00
2026/09/14 16:14:04.569, 13.19, 210, 2, 44, 60.00
2026/09/14 16:14:04.585, 13.19, 210, 2, 44, 60.00
2026/09/14 16:14:04.600, 13.19, 210, 2, 44, 60.00
2026/09/14 16:14:04.617, 13.19, 210, 2, 44, 60.00
2026/09/14 16:14:04.633, 13.19, 210, 2, 44, 60.00
2026/09/14 16:14:04.648, 13.19, 210, 2, 44, 60.00
2026/09/14 16:14:04.664, 13.20, 210, 0, 44, 60.00
2026/09/14 16:14:04.680, 13.20, 210, 0, 44, 60.00
2026/09/14 16:14:04.696, 13.20, 210, 0, 44, 60.00
2026/09/14 16:14:04.711, 13.20, 210, 0, 44, 60.00
2026/09/14 16:14:04.727, 13.20, 210, 0, 44, 60.00
2026/09/14 16:14:04.742, 13.20, 210, 0, 44, 60.00
2026/09/14 16:14:04.758, 13.20, 210, 0, 44, 60.00
2026/09/14 16:14:04.773, 13.16, 210, 0, 43, 60.00
2026/09/14 16:14:04.805, 13.16, 210, 0, 43, 60.00
2026/09/14 16:14:04.820, 13.16, 210, 0, 43, 60.00
2026/09/14 16:14:04.835, 13.16, 210, 0, 43, 60.00
2026/09/14 16:14:04.850, 13.16, 210, 0, 43, 60.00
2026/09/14 16:14:04.866, 13.21, 210, 1, 43, 60.00
2026/09/14 16:14:04.882, 13.21, 210, 1, 43, 60.00
2026/09/14 16:14:04.898, 13.21, 210, 1, 43, 60.00
2026/09/14 16:14:04.914, 13.21, 210, 1, 43, 60.00
2026/09/14 16:14:04.929, 13.21, 210, 1, 43, 60.00
2026/09/14 16:14:04.944, 13.21, 210, 1, 43, 60.00
2026/09/14 16:14:04.960, 13.15, 210, 1, 43, 60.00
2026/09/14 16:14:04.991, 13.15, 210, 1, 43, 60.00
2026/09/14 16:14:05.006, 13.15, 210, 1, 43, 60.00
2026/09/14 16:14:05.022, 13.15, 210, 1, 43, 60.00
2026/09/14 16:14:05.037, 13.15, 210, 1, 43, 60.00
2026/09/14 16:14:05.053, 13.15, 210, 1, 43, 60.00
2026/09/14 16:14:05.069, 13.08, 210, 2, 43, 60.00
2026/09/14 16:14:05.085, 13.08, 210, 2, 43, 60.00
2026/09/14 16:14:05.100, 13.08, 210, 2, 43, 60.00
2026/09/14 16:14:05.115, 13.08, 210, 2, 43, 60.00
2026/09/14 16:14:05.131, 13.08, 210, 2, 43, 60.00
2026/09/14 16:14:05.147, 13.08, 210, 2, 43, 60.00
2026/09/14 16:14:05.162, 13.10, 210, 2, 43, 60.00
2026/09/14 16:14:05.193, 13.10, 210, 2, 43, 60.00
2026/09/14 16:14:05.208, 13.10, 210, 2, 43, 60.00
2026/09/14 16:14:05.224, 13.10, 210, 2, 43, 60.00
2026/09/14 16:14:05.255, 13.10, 210, 2, 43, 60.00
2026/09/14 16:14:05.271, 13.19, 210, 1, 43, 60.00
2026/09/14 16:14:05.287, 13.19, 210, 1, 43, 60.00
2026/09/14 16:14:05.302, 13.19, 210, 1, 43, 60.00
2026/09/14 16:14:05.319, 13.19, 210, 1, 43, 60.00
2026/09/14 16:14:05.335, 13.19, 210, 1, 43, 60.00
2026/09/14 16:14:05.350, 13.19, 210, 1, 43, 60.00
2026/09/14 16:14:05.366, 13.22, 210, 1, 43, 60.00
2026/09/14 16:14:05.382, 13.22, 210, 1, 43, 60.00
2026/09/14 16:14:05.398, 13.22, 210, 1, 43, 60.00
2026/09/14 16:14:05.413, 13.22, 210, 1, 43, 60.00
2026/09/14 16:14:05.429, 13.22, 210, 1, 43, 60.00
2026/09/14 16:14:05.445, 13.22, 210, 1, 43, 60.00
2026/09/14 16:14:05.460, 13.27, 210, 1, 43, 60.00
2026/09/14 16:14:05.476, 13.27, 210, 1, 43, 60.00
2026/09/14 16:14:05.491, 13.27, 210, 1, 43, 60.00
2026/09/14 16:14:05.507, 13.27, 210, 1, 43, 60.00
2026/09/14 16:14:05.523, 13.27, 210, 1, 43, 60.00
2026/09/14 16:14:05.539, 13.27, 210, 1, 43, 60.00
2026/09/14 16:14:05.554, 13.27, 210, 1, 43, 60.00
2026/09/14 16:14:05.570, 13.33, 210, 1, 43, 60.00
2026/09/14 16:14:05.586, 13.33, 210, 1, 43, 60.00
2026/09/14 16:14:05.601, 13.33, 210, 1, 43, 60.00
2026/09/14 16:14:05.618, 13.33, 210, 1, 43, 60.00
2026/09/14 16:14:05.633, 13.33, 210, 1, 43, 60.00
2026/09/14 16:14:05.649, 13.33, 210, 1, 43, 60.00
2026/09/14 16:14:05.665, 13.39, 210, 3, 43, 60.00
2026/09/14 16:14:05.681, 13.39, 210, 3, 43, 60.00
2026/09/14 16:14:05.712, 13.39, 210, 3, 43, 60.00
2026/09/14 16:14:05.727, 13.39, 210, 3, 43, 60.00
2026/09/14 16:14:05.743, 13.39, 210, 3, 43, 60.00
2026/09/14 16:14:05.758, 13.46, 210, 3, 43, 60.00
2026/09/14 16:14:05.774, 13.46, 210, 3, 43, 60.00
2026/09/14 16:14:05.789, 13.46, 210, 3, 43, 60.00
2026/09/14 16:14:05.805, 13.46, 210, 3, 43, 60.00
2026/09/14 16:14:05.819, 13.46, 210, 3, 43, 60.00
2026/09/14 16:14:05.835, 13.46, 210, 3, 43, 60.00
2026/09/14 16:14:05.851, 13.46, 210, 3, 43, 60.00
2026/09/14 16:14:05.867, 13.52, 210, 2, 43, 60.00
2026/09/14 16:14:05.882, 13.52, 210, 2, 43, 60.00
2026/09/14 16:14:05.898, 13.52, 210, 2, 43, 60.00
2026/09/14 16:14:05.914, 13.52, 210, 2, 43, 60.00
2026/09/14 16:14:05.929, 13.52, 210, 2, 43, 60.00
2026/09/14 16:14:05.945, 13.52, 210, 2, 43, 60.00
2026/09/14 16:14:05.960, 13.50, 210, 2, 43, 60.00
2026/09/14 16:14:05.976, 13.50, 210, 2, 43, 60.00
2026/09/14 16:14:05.991, 13.50, 210, 2, 43, 60.00
2026/09/14 16:14:06.008, 13.50, 210, 2, 43, 60.00
2026/09/14 16:14:06.024, 13.50, 210, 2, 43, 60.00
2026/09/14 16:14:06.040, 13.50, 210, 2, 43, 60.00
2026/09/14 16:14:06.055, 13.50, 210, 2, 43, 60.00
2026/09/14 16:14:06.070, 13.51, 210, 1, 43, 60.00
2026/09/14 16:14:06.086, 13.51, 210, 1, 43, 60.00
2026/09/14 16:14:06.103, 13.51, 210, 1, 43, 60.00
2026/09/14 16:14:06.118, 13.51, 210, 1, 43, 60.00
2026/09/14 16:14:06.133, 13.51, 210, 1, 43, 60.00
2026/09/14 16:14:06.164, 13.50, 210, 1, 43, 60.00
2026/09/14 16:14:06.180, 13.50, 210, 1, 43, 60.00
2026/09/14 16:14:06.195, 13.50, 210, 1, 43, 60.00
2026/09/14 16:14:06.211, 13.50, 210, 1, 43, 60.00
2026/09/14 16:14:06.227, 13.50, 210, 1, 43, 60.00
2026/09/14 16:14:06.243, 13.50, 210, 1, 43, 60.00
2026/09/14 16:14:06.258, 13.47, 210, 1, 43, 60.00
2026/09/14 16:14:06.274, 13.47, 210, 0, 43, 60.00
2026/09/14 16:14:06.289, 13.47, 210, 0, 43, 60.00
2026/09/14 16:14:06.305, 13.47, 210, 0, 43, 60.00
2026/09/14 16:14:06.320, 13.47, 210, 0, 43, 60.00
2026/09/14 16:14:06.336, 13.47, 210, 0, 43, 60.00
2026/09/14 16:14:06.352, 13.47, 210, 0, 43, 60.00
2026/09/14 16:14:06.367, 13.41, 210, 0, 43, 60.00
2026/09/14 16:14:06.383, 13.41, 210, 0, 43, 60.00
2026/09/14 16:14:06.398, 13.41, 210, 0, 43, 60.00
2026/09/14 16:14:06.414, 13.41, 210, 0, 43, 60.00
2026/09/14 16:14:06.429, 13.41, 210, 0, 43, 60.00
2026/09/14 16:14:06.444, 13.41, 210, 0, 43, 60.00
2026/09/14 16:14:06.461, 13.35, 210, 0, 43, 60.00
2026/09/14 16:14:06.477, 13.35, 210, 0, 43, 60.00
2026/09/14 16:14:06.491, 13.35, 210, 0, 43, 60.00
2026/09/14 16:14:06.507, 13.35, 210, 0, 43, 60.00
2026/09/14 16:14:06.523, 13.35, 210, 0, 43, 60.00
2026/09/14 16:14:06.539, 13.35, 210, 0, 43, 60.00
2026/09/14 16:14:06.554, 13.35, 210, 0, 43, 60.00
2026/09/14 16:14:06.570, 13.33, 210, 0, 43, 60.00
2026/09/14 16:14:06.585, 13.33, 210, 0, 43, 60.00
2026/09/14 16:14:06.615, 13.33, 210, 0, 43, 60.00
2026/09/14 16:14:06.630, 13.33, 210, 0, 43, 60.00
2026/09/14 16:14:06.646, 13.33, 210, 0, 43, 60.00
2026/09/14 16:14:06.662, 13.31, 210, 1, 43, 60.00
2026/09/14 16:14:06.677, 13.31, 210, 1, 43, 60.00
2026/09/14 16:14:06.693, 13.31, 210, 1, 43, 60.00
2026/09/14 16:14:06.709, 13.31, 210, 1, 43, 60.00
2026/09/14 16:14:06.724, 13.31, 210, 1, 43, 60.00
2026/09/14 16:14:06.740, 13.31, 210, 1, 43, 60.00
2026/09/14 16:14:06.756, 13.31, 210, 1, 43, 60.00
2026/09/14 16:14:06.771, 13.26, 210, 1, 43, 60.00
2026/09/14 16:14:06.787, 13.26, 210, 1, 43, 60.00
2026/09/14 16:14:06.803, 13.26, 210, 1, 43, 60.00
2026/09/14 16:14:06.818, 13.26, 210, 1, 43, 60.00
2026/09/14 16:14:06.833, 13.26, 210, 1, 43, 60.00
2026/09/14 16:14:06.849, 13.26, 210, 1, 43, 60.00
2026/09/14 16:14:06.865, 13.24, 210, 1, 43, 60.00
2026/09/14 16:14:06.880, 13.24, 210, 1, 43, 60.00
2026/09/14 16:14:06.895, 13.24, 210, 1, 43, 60.00
2026/09/14 16:14:06.911, 13.24, 210, 1, 43, 60.00
2026/09/14 16:14:06.926, 13.24, 210, 1, 43, 60.00
2026/09/14 16:14:06.941, 13.24, 210, 1, 43, 60.00
2026/09/14 16:14:06.956, 13.24, 210, 1, 43, 60.00
2026/09/14 16:14:06.972, 13.21, 210, 1, 43, 60.00
2026/09/14 16:14:06.988, 13.21, 210, 1, 43, 60.00
2026/09/14 16:14:07.003, 13.21, 210, 1, 43, 60.00
2026/09/14 16:14:07.019, 13.21, 210, 1, 43, 60.00
2026/09/14 16:14:07.035, 13.21, 210, 1, 43, 60.00
2026/09/14 16:14:07.066, 13.22, 210, 0, 43, 60.00
2026/09/14 16:14:07.082, 13.22, 210, 0, 43, 60.00
2026/09/14 16:14:07.098, 13.22, 210, 0, 43, 60.00
2026/09/14 16:14:07.114, 13.22, 210, 0, 43, 60.00
2026/09/14 16:14:07.129, 13.22, 210, 0, 43, 60.00
2026/09/14 16:14:07.145, 13.22, 210, 0, 43, 60.00
2026/09/14 16:14:07.160, 13.21, 210, 0, 43, 60.00
2026/09/14 16:14:07.176, 13.21, 210, 0, 43, 60.00
2026/09/14 16:14:07.191, 13.21, 210, 0, 43, 60.00
2026/09/14 16:14:07.206, 13.21, 210, 0, 43, 60.00
2026/09/14 16:14:07.221, 13.21, 210, 0, 43, 60.00
2026/09/14 16:14:07.237, 13.21, 210, 0, 43, 60.00
2026/09/14 16:14:07.253, 13.21, 210, 0, 43, 60.00
2026/09/14 16:14:07.268, 13.19, 210, 1, 43, 60.00
2026/09/14 16:14:07.285, 13.19, 210, 1, 43, 60.00
2026/09/14 16:14:07.301, 13.19, 210, 1, 43, 60.00
2026/09/14 16:14:07.317, 13.19, 210, 1, 43, 60.00
2026/09/14 16:14:07.333, 13.19, 210, 1, 43, 60.00
2026/09/14 16:14:07.349, 13.19, 210, 1, 43, 60.00
2026/09/14 16:14:07.365, 13.19, 210, 1, 43, 60.00
2026/09/14 16:14:07.380, 13.19, 210, 1, 43, 60.00
2026/09/14 16:14:07.396, 13.19, 210, 1, 43, 60.00
2026/09/14 16:14:07.412, 13.19, 210, 1, 43, 60.00
2026/09/14 16:14:07.428, 13.19, 210, 1, 43, 60.00
2026/09/14 16:14:07.443, 13.19, 210, 1, 43, 60.00
2026/09/14 16:14:07.459, 13.17, 210, 1, 43, 60.00
2026/09/14 16:14:07.475, 13.17, 210, 0, 43, 60.00
2026/09/14 16:14:07.491, 13.17, 210, 0, 43, 60.00
2026/09/14 16:14:07.522, 13.17, 210, 0, 43, 60.00
2026/09/14 16:14:07.538, 13.17, 210, 0, 43, 60.00
2026/09/14 16:14:07.554, 13.17, 210, 0, 43, 60.00
2026/09/14 16:14:07.569, 13.19, 210, 0, 43, 60.00
2026/09/14 16:14:07.585, 13.19, 210, 0, 43, 60.00
2026/09/14 16:14:07.601, 13.19, 210, 0, 43, 60.00
2026/09/14 16:14:07.616, 13.19, 210, 0, 43, 60.00
2026/09/14 16:14:07.632, 13.19, 210, 0, 43, 60.00
2026/09/14 16:14:07.647, 13.19, 210, 0, 43, 60.00
2026/09/14 16:14:07.663, 13.15, 210, 0, 43, 60.00
2026/09/14 16:14:07.679, 13.15, 210, 0, 43, 60.00
2026/09/14 16:14:07.695, 13.15, 210, 0, 43, 60.00
2026/09/14 16:14:07.710, 13.15, 210, 0, 43, 60.00
2026/09/14 16:14:07.726, 13.15, 210, 0, 43, 60.00
2026/09/14 16:14:07.741, 13.15, 210, 0, 43, 60.00
2026/09/14 16:14:07.757, 13.15, 210, 0, 43, 60.00
2026/09/14 16:14:07.773, 13.12, 210, 0, 43, 60.00
2026/09/14 16:14:07.790, 13.12, 210, 0, 43, 60.00
2026/09/14 16:14:07.820, 13.12, 210, 0, 43, 60.00
2026/09/14 16:14:07.836, 13.12, 210, 0, 43, 60.00
2026/09/14 16:14:07.851, 13.12, 210, 0, 43, 60.00
2026/09/14 16:14:07.867, 13.14, 210, 2, 43, 60.00
2026/09/14 16:14:07.882, 13.14, 210, 2, 43, 60.00
2026/09/14 16:14:07.898, 13.14, 210, 2, 43, 60.00
2026/09/14 16:14:07.913, 13.14, 210, 2, 43, 60.00
2026/09/14 16:14:07.928, 13.14, 210, 2, 43, 60.00
2026/09/14 16:14:07.944, 13.14, 210, 2, 43, 60.00
2026/09/14 16:14:07.975, 13.12, 210, 2, 43, 60.00
2026/09/14 16:14:07.990, 13.12, 210, 2, 43, 60.00
2026/09/14 16:14:08.006, 13.12, 210, 2, 43, 60.00
2026/09/14 16:14:08.021, 13.12, 210, 2, 43, 60.00
2026/09/14 16:14:08.037, 13.12, 210, 2, 43, 60.00
2026/09/14 16:14:08.053, 13.12, 210, 2, 43, 60.00
2026/09/14 16:14:08.068, 13.12, 210, 0, 43, 60.00
2026/09/14 16:14:08.083, 13.12, 210, 0, 43, 60.00
2026/09/14 16:14:08.099, 13.12, 210, 0, 43, 60.00
2026/09/14 16:14:08.115, 13.12, 210, 0, 43, 60.00
2026/09/14 16:14:08.131, 13.12, 210, 0, 43, 60.00
2026/09/14 16:14:08.146, 13.12, 210, 0, 43, 60.00
2026/09/14 16:14:08.162, 13.09, 210, 0, 43, 60.00
2026/09/14 16:14:08.177, 13.09, 210, 0, 43, 60.00
2026/09/14 16:14:08.193, 13.09, 210, 0, 43, 60.00
2026/09/14 16:14:08.209, 13.09, 210, 0, 43, 60.00
2026/09/14 16:14:08.225, 13.09, 210, 0, 43, 60.00
2026/09/14 16:14:08.240, 13.09, 210, 0, 43, 60.00
2026/09/14 16:14:08.255, 13.09, 210, 0, 43, 60.00
2026/09/14 16:14:08.271, 13.10, 210, 1, 43, 60.00
2026/09/14 16:14:08.287, 13.10, 210, 1, 43, 60.00
2026/09/14 16:14:08.303, 13.10, 210, 1, 43, 60.00
2026/09/14 16:14:08.320, 13.10, 210, 1, 43, 60.00
2026/09/14 16:14:08.335, 13.10, 210, 1, 43, 60.00
2026/09/14 16:14:08.350, 13.10, 210, 1, 43, 60.00
2026/09/14 16:14:08.366, 13.11, 210, 1, 43, 60.00
2026/09/14 16:14:08.381, 13.11, 210, 1, 43, 60.00
2026/09/14 16:14:08.397, 13.11, 210, 1, 43, 60.00
2026/09/14 16:14:08.428, 13.11, 210, 1, 43, 60.00
2026/09/14 16:14:08.444, 13.11, 210, 1, 43, 60.00
2026/09/14 16:14:08.460, 13.13, 210, 1, 43, 60.00
2026/09/14 16:14:08.475, 13.13, 210, 0, 43, 60.00
2026/09/14 16:14:08.491, 13.13, 210, 0, 43, 60.00
2026/09/14 16:14:08.508, 13.13, 210, 0, 43, 60.00
2026/09/14 16:14:08.524, 13.13, 210, 0, 43, 60.00
2026/09/14 16:14:08.539, 13.13, 210, 0, 43, 60.00
2026/09/14 16:14:08.555, 13.13, 210, 0, 43, 60.00
2026/09/14 16:14:08.570, 13.15, 210, 0, 43, 60.00
2026/09/14 16:14:08.586, 13.15, 210, 0, 43, 60.00
2026/09/14 16:14:08.601, 13.15, 210, 0, 43, 60.00
2026/09/14 16:14:08.617, 13.15, 210, 0, 43, 60.00
2026/09/14 16:14:08.633, 13.15, 210, 0, 43, 60.00
2026/09/14 16:14:08.649, 13.15, 210, 0, 43, 60.00
2026/09/14 16:14:08.665, 13.12, 210, 0, 43, 60.00
2026/09/14 16:14:08.680, 13.12, 210, 0, 43, 60.00
2026/09/14 16:14:08.696, 13.12, 210, 0, 43, 60.00
2026/09/14 16:14:08.712, 13.12, 210, 0, 43, 60.00
2026/09/14 16:14:08.727, 13.12, 210, 0, 43, 60.00
2026/09/14 16:14:08.742, 13.12, 210, 0, 43, 60.00
2026/09/14 16:14:08.758, 13.15, 210, 0, 43, 60.00
2026/09/14 16:14:08.774, 13.15, 210, 0, 43, 60.00
2026/09/14 16:14:08.789, 13.15, 210, 0, 43, 60.00
2026/09/14 16:14:08.806, 13.15, 210, 0, 43, 60.00
2026/09/14 16:14:08.822, 13.15, 210, 0, 43, 60.00
2026/09/14 16:14:08.838, 13.15, 210, 0, 43, 60.00
2026/09/14 16:14:08.854, 13.18, 210, 0, 43, 60.00
2026/09/14 16:14:08.885, 13.18, 210, 1, 43, 60.00
2026/09/14 16:14:08.901, 13.18, 210, 1, 43, 60.00
2026/09/14 16:14:08.916, 13.18, 210, 1, 43, 60.00
2026/09/14 16:14:08.932, 13.18, 210, 1, 43, 60.00
2026/09/14 16:14:08.948, 13.18, 210, 1, 43, 60.00
2026/09/14 16:14:08.963, 13.15, 210, 1, 43, 60.00
2026/09/14 16:14:08.979, 13.15, 210, 1, 43, 60.00
2026/09/14 16:14:08.994, 13.15, 210, 1, 43, 60.00
2026/09/14 16:14:09.010, 13.15, 210, 1, 43, 60.00
2026/09/14 16:14:09.026, 13.15, 210, 1, 43, 60.00
2026/09/14 16:14:09.041, 13.15, 210, 1, 43, 60.00
2026/09/14 16:14:09.057, 13.15, 210, 1, 43, 60.00
2026/09/14 16:14:09.073, 13.13, 210, 0, 43, 60.00
2026/09/14 16:14:09.088, 13.13, 210, 0, 43, 60.00
2026/09/14 16:14:09.104, 13.13, 210, 0, 43, 60.00
2026/09/14 16:14:09.120, 13.13, 210, 0, 43, 60.00
2026/09/14 16:14:09.135, 13.13, 210, 0, 43, 60.00
2026/09/14 16:14:09.151, 13.13, 210, 0, 43, 60.00
2026/09/14 16:14:09.166, 13.13, 210, 0, 43, 60.00
2026/09/14 16:14:09.182, 13.13, 210, 0, 43, 60.00
2026/09/14 16:14:09.197, 13.13, 210, 0, 43, 60.00
2026/09/14 16:14:09.213, 13.13, 210, 0, 43, 60.00
2026/09/14 16:14:09.229, 13.13, 210, 0, 43, 60.00
2026/09/14 16:14:09.244, 13.13, 210, 0, 43, 60.00
2026/09/14 16:14:09.260, 13.14, 210, 0, 43, 60.00
2026/09/14 16:14:09.276, 13.14, 210, 0, 43, 60.00
2026/09/14 16:14:09.291, 13.14, 210, 0, 43, 60.00
2026/09/14 16:14:09.306, 13.14, 210, 0, 43, 60.00
2026/09/14 16:14:09.338, 13.14, 210, 0, 43, 60.00
2026/09/14 16:14:09.354, 13.14, 210, 0, 43, 60.00
2026/09/14 16:14:09.369, 13.16, 210, 0, 43, 60.00
2026/09/14 16:14:09.385, 13.16, 210, 0, 43, 60.00
2026/09/14 16:14:09.400, 13.16, 210, 0, 43, 60.00
2026/09/14 16:14:09.415, 13.16, 210, 0, 43, 60.00
2026/09/14 16:14:09.431, 13.16, 210, 0, 43, 60.00
2026/09/14 16:14:09.446, 13.16, 210, 0, 43, 60.00
2026/09/14 16:14:09.462, 13.16, 210, 1, 43, 60.00
2026/09/14 16:14:09.477, 13.16, 210, 1, 43, 60.00
2026/09/14 16:14:09.494, 13.16, 210, 1, 43, 60.00
2026/09/14 16:14:09.509, 13.16, 210, 1, 43, 60.00
2026/09/14 16:14:09.525, 13.16, 210, 1, 43, 60.00
2026/09/14 16:14:09.541, 13.16, 210, 1, 43, 60.00
2026/09/14 16:14:09.557, 13.15, 210, 1, 43, 60.00
2026/09/14 16:14:09.573, 13.15, 210, 1, 43, 60.00
2026/09/14 16:14:09.588, 13.15, 210, 1, 43, 60.00
2026/09/14 16:14:09.604, 13.15, 210, 1, 43, 60.00
2026/09/14 16:14:09.620, 13.15, 210, 1, 43, 60.00
2026/09/14 16:14:09.636, 13.15, 210, 1, 43, 60.00
2026/09/14 16:14:09.652, 13.15, 210, 1, 43, 60.00
2026/09/14 16:14:09.668, 13.15, 210, 0, 43, 60.00
2026/09/14 16:14:09.683, 13.15, 210, 0, 43, 60.00
2026/09/14 16:14:09.698, 13.15, 210, 0, 43, 60.00
2026/09/14 16:14:09.715, 13.15, 210, 0, 43, 60.00
2026/09/14 16:14:09.731, 13.15, 210, 0, 43, 60.00
2026/09/14 16:14:09.747, 13.15, 210, 0, 43, 60.00
2026/09/14 16:14:09.763, 13.16, 210, 0, 43, 60.00
2026/09/14 16:14:09.795, 13.16, 210, 0, 43, 60.00
2026/09/14 16:14:09.810, 13.16, 210, 0, 43, 60.00
2026/09/14 16:14:09.825, 13.16, 210, 0, 43, 60.00
2026/09/14 16:14:09.841, 13.16, 210, 0, 43, 60.00
2026/09/14 16:14:09.857, 13.16, 210, 0, 43, 60.00
2026/09/14 16:14:09.872, 13.19, 210, 1, 43, 60.00
2026/09/14 16:14:09.888, 13.19, 210, 1, 43, 60.00
2026/09/14 16:14:09.903, 13.19, 210, 1, 43, 60.00
2026/09/14 16:14:09.919, 13.19, 210, 1, 43, 60.00
2026/09/14 16:14:09.935, 13.19, 210, 1, 43, 60.00
2026/09/14 16:14:09.950, 13.19, 210, 1, 43, 60.00
2026/09/14 16:14:09.966, 13.19, 210, 1, 43, 60.00
2026/09/14 16:14:09.981, 13.19, 210, 1, 43, 60.00
2026/09/14 16:14:09.997, 13.19, 210, 1, 43, 60.00
2026/09/14 16:14:10.013, 13.19, 210, 1, 43, 60.00
2026/09/14 16:14:10.028, 13.19, 210, 1, 43, 60.00
2026/09/14 16:14:10.043, 13.19, 210, 1, 43, 60.00
2026/09/14 16:14:10.059, 13.24, 210, 1, 43, 60.00
2026/09/14 16:14:10.074, 13.24, 210, 1, 43, 60.00
2026/09/14 16:14:10.090, 13.24, 210, 1, 43, 60.00
2026/09/14 16:14:10.105, 13.24, 210, 1, 43, 60.00
2026/09/14 16:14:10.121, 13.24, 210, 1, 43, 60.00
2026/09/14 16:14:10.136, 13.24, 210, 1, 43, 60.00
2026/09/14 16:14:10.152, 13.24, 210, 1, 43, 60.00
2026/09/14 16:14:10.168, 13.32, 210, 1, 43, 60.00
2026/09/14 16:14:10.183, 13.32, 210, 1, 43, 60.00
2026/09/14 16:14:10.198, 13.32, 210, 1, 43, 60.00
2026/09/14 16:14:10.214, 13.32, 210, 1, 43, 60.00
2026/09/14 16:14:10.245, 13.32, 210, 1, 43, 60.00
2026/09/14 16:14:10.260, 13.33, 210, 1, 43, 60.00
2026/09/14 16:14:10.291, 13.33, 210, 1, 43, 60.00
2026/09/14 16:14:10.306, 13.33, 210, 1, 43, 60.00
2026/09/14 16:14:10.321, 13.33, 210, 1, 43, 60.00
2026/09/14 16:14:10.337, 13.33, 210, 1, 43, 60.00
2026/09/14 16:14:10.353, 13.33, 210, 1, 43, 60.00
2026/09/14 16:14:10.368, 13.39, 210, 1, 43, 60.00
2026/09/14 16:14:10.384, 13.39, 210, 1, 43, 60.00
2026/09/14 16:14:10.400, 13.39, 210, 1, 43, 60.00
2026/09/14 16:14:10.416, 13.39, 210, 1, 43, 60.00
2026/09/14 16:14:10.431, 13.39, 210, 1, 43, 60.00
2026/09/14 16:14:10.447, 13.39, 210, 1, 43, 60.00
2026/09/14 16:14:10.463, 13.39, 210, 2, 43, 60.00
2026/09/14 16:14:10.478, 13.39, 210, 2, 43, 60.00
2026/09/14 16:14:10.493, 13.39, 210, 2, 43, 60.00
2026/09/14 16:14:10.509, 13.39, 210, 2, 43, 60.00
2026/09/14 16:14:10.524, 13.39, 210, 2, 43, 60.00
2026/09/14 16:14:10.540, 13.39, 210, 2, 43, 60.00
2026/09/14 16:14:10.555, 13.39, 210, 2, 43, 60.00
2026/09/14 16:14:10.572, 13.44, 210, 2, 43, 60.00
2026/09/14 16:14:10.587, 13.44, 210, 2, 43, 60.00
2026/09/14 16:14:10.603, 13.44, 210, 2, 43, 60.00
2026/09/14 16:14:10.619, 13.44, 210, 2, 43, 60.00
2026/09/14 16:14:10.634, 13.44, 210, 2, 43, 60.00
2026/09/14 16:14:10.649, 13.44, 210, 2, 43, 60.00
2026/09/14 16:14:10.665, 13.47, 210, 1, 43, 60.00
2026/09/14 16:14:10.697, 13.47, 210, 1, 43, 60.00
2026/09/14 16:14:10.713, 13.47, 210, 1, 43, 60.00
2026/09/14 16:14:10.729, 13.47, 210, 1, 43, 60.00
2026/09/14 16:14:10.744, 13.47, 210, 1, 43, 60.00
2026/09/14 16:14:10.760, 13.53, 210, 1, 43, 60.00
2026/09/14 16:14:10.776, 13.53, 210, 1, 43, 60.00
2026/09/14 16:14:10.791, 13.53, 210, 1, 43, 60.00
2026/09/14 16:14:10.822, 13.53, 210, 1, 43, 60.00
2026/09/14 16:14:10.837, 13.53, 210, 1, 43, 60.00
2026/09/14 16:14:10.853, 13.53, 210, 1, 43, 60.00
2026/09/14 16:14:10.869, 13.55, 210, 2, 43, 60.00
2026/09/14 16:14:10.885, 13.55, 210, 2, 43, 60.00
2026/09/14 16:14:10.901, 13.55, 210, 2, 43, 60.00
2026/09/14 16:14:10.916, 13.55, 210, 2, 43, 60.00
2026/09/14 16:14:10.931, 13.55, 210, 2, 43, 60.00
2026/09/14 16:14:10.947, 13.55, 210, 2, 43, 60.00
2026/09/14 16:14:10.963, 13.61, 210, 2, 43, 60.00
2026/09/14 16:14:10.978, 13.61, 210, 2, 43, 60.00
2026/09/14 16:14:10.993, 13.61, 210, 2, 43, 60.00
2026/09/14 16:14:11.009, 13.61, 210, 2, 43, 60.00
2026/09/14 16:14:11.025, 13.61, 210, 2, 43, 60.00
2026/09/14 16:14:11.041, 13.61, 210, 2, 43, 60.00
2026/09/14 16:14:11.057, 13.57, 210, 2, 43, 60.00
2026/09/14 16:14:11.072, 13.57, 210, 2, 43, 60.00
2026/09/14 16:14:11.088, 13.57, 210, 2, 43, 60.00
2026/09/14 16:14:11.104, 13.57, 210, 2, 43, 60.00
2026/09/14 16:14:11.119, 13.57, 210, 2, 43, 60.00
2026/09/14 16:14:11.152, 13.57, 210, 2, 43, 60.00
2026/09/14 16:14:11.168, 13.53, 210, 2, 43, 60.00
2026/09/14 16:14:11.184, 13.53, 210, 2, 43, 60.00
2026/09/14 16:14:11.199, 13.53, 210, 2, 43, 60.00
2026/09/14 16:14:11.215, 13.53, 210, 2, 43, 60.00
2026/09/14 16:14:11.231, 13.53, 210, 2, 43, 60.00
2026/09/14 16:14:11.246, 13.53, 210, 2, 43, 60.00
2026/09/14 16:14:11.262, 13.46, 210, 0, 43, 60.00
