2026/09/14 16:15:16.001, 13.59, 210, 1, 42, 60.00
2026/09/14 16:15:16.033, 13.59, 210, 1, 42, 60.00
2026/09/14 16:15:16.065, 13.58, 210, 2, 42, 60.00
2026/09/14 16:15:16.096, 13.58, 210, 2, 42, 60.00
2026/09/14 16:15:16.127, 13.58, 210, 2, 42, 60.00
2026/09/14 16:15:16.158, 13.51, 210, 2, 42, 60.00
2026/09/14 16:15:16.173, 13.51, 210, 2, 42, 60.00
2026/09/14 16:15:16.204, 13.51, 210, 2, 42, 60.00
2026/09/14 16:15:16.235, 13.51, 210, 2, 42, 60.00
2026/09/14 16:15:16.265, 13.43, 210, 0, 42, 60.00
2026/09/14 16:15:16.282, 13.43, 210, 0, 42, 60.00
2026/09/14 16:15:16.312, 13.43, 210, 0, 42, 60.00
2026/09/14 16:15:16.343, 13.41, 210, 0, 42, 60.00
2026/09/14 16:15:16.359, 13.41, 210, 0, 42, 60.00
2026/09/14 16:15:16.375, 13.41, 210, 0, 42, 60.00
2026/09/14 16:15:16.391, 13.41, 210, 0, 41, 60.00
2026/09/14 16:15:16.422, 13.41, 210, 0, 41, 60.00
2026/09/14 16:15:16.453, 13.50, 210, 0, 41, 60.00
2026/09/14 16:15:16.483, 13.50, 210, 0, 41, 60.00
2026/09/14 16:15:16.499, 13.50, 210, 0, 41, 60.00
2026/09/14 16:15:16.515, 13.50, 210, 0, 41, 60.00
2026/09/14 16:15:16.545, 13.62, 210, 0, 41, 60.00
2026/09/14 16:15:16.576, 13.62, 210, 0, 41, 60.00
2026/09/14 16:15:16.605, 13.62, 210, 0, 41, 60.00
2026/09/14 16:15:16.621, 13.62, 210, 0, 41, 60.00
2026/09/14 16:15:16.652, 13.70, 210, 1, 41, 60.00
2026/09/14 16:15:16.668, 13.70, 210, 1, 41, 60.00
2026/09/14 16:15:16.684, 13.70, 210, 1, 41, 60.00
2026/09/14 16:15:16.715, 13.70, 210, 1, 41, 60.00
2026/09/14 16:15:16.730, 13.70, 210, 1, 41, 60.00
2026/09/14 16:15:16.746, 13.90, 210, 1, 41, 60.00
2026/09/14 16:15:16.762, 13.90, 210, 1, 41, 60.00
2026/09/14 16:15:16.792, 13.90, 210, 1, 41, 60.00
2026/09/14 16:15:16.807, 13.90, 210, 1, 41, 60.00
2026/09/14 16:15:16.824, 13.90, 210, 1, 41, 60.00
2026/09/14 16:15:16.839, 14.10, 210, 1, 41, 60.00
2026/09/14 16:15:16.856, 14.10, 210, 0, 42, 60.00
2026/09/14 16:15:16.887, 14.10, 210, 0, 42, 60.00
2026/09/14 16:15:16.918, 14.10, 210, 0, 42, 60.00
2026/09/14 16:15:16.934, 14.10, 210, 0, 42, 60.00
2026/09/14 16:15:16.950, 14.19, 210, 0, 42, 60.00
2026/09/14 16:15:16.966, 14.19, 210, 0, 42, 60.00
2026/09/14 16:15:16.997, 14.19, 210, 0, 42, 60.00
2026/09/14 16:15:17.028, 14.19, 210, 0, 42, 60.00
2026/09/14 16:15:17.044, 14.21, 210, 1, 42, 60.00
2026/09/14 16:15:17.074, 14.21, 210, 1, 42, 60.00
2026/09/14 16:15:17.106, 14.21, 210, 1, 42, 60.00
2026/09/14 16:15:17.138, 14.23, 210, 1, 42, 60.00
2026/09/14 16:15:17.154, 14.23, 210, 1, 42, 60.00
2026/09/14 16:15:17.186, 14.23, 210, 1, 42, 60.00
2026/09/14 16:15:17.217, 14.23, 210, 1, 42, 60.00
2026/09/14 16:15:17.248, 14.23, 210, 1, 42, 60.00
2026/09/14 16:15:17.279, 14.23, 210, 1, 42, 60.00
2026/09/14 16:15:17.310, 14.23, 210, 1, 41, 60.00
2026/09/14 16:15:17.342, 14.27, 210, 1, 41, 60.00
2026/09/14 16:15:17.359, 14.27, 210, 1, 41, 60.00
2026/09/14 16:15:17.375, 14.27, 210, 1, 41, 60.00
2026/09/14 16:15:17.405, 14.27, 210, 1, 41, 60.00
2026/09/14 16:15:17.436, 14.26, 210, 1, 41, 60.00
2026/09/14 16:15:17.467, 14.26, 210, 0, 41, 60.00
2026/09/14 16:15:17.483, 14.26, 210, 0, 41, 60.00
2026/09/14 16:15:17.499, 14.26, 210, 0, 41, 60.00
2026/09/14 16:15:17.515, 14.26, 210, 0, 41, 60.00
2026/09/14 16:15:17.546, 14.13, 210, 0, 41, 60.00
2026/09/14 16:15:17.577, 14.13, 210, 0, 41, 60.00
2026/09/14 16:15:17.608, 14.13, 210, 0, 41, 60.00
2026/09/14 16:15:17.639, 13.94, 210, 0, 41, 60.00
2026/09/14 16:15:17.670, 13.94, 210, 1, 41, 60.00
2026/09/14 16:15:17.700, 13.94, 210, 1, 41, 60.00
2026/09/14 16:15:17.731, 13.94, 210, 1, 41, 60.00
2026/09/14 16:15:17.761, 13.80, 210, 1, 41, 60.00
2026/09/14 16:15:17.792, 13.80, 210, 1, 41, 60.00
2026/09/14 16:15:17.823, 13.80, 210, 1, 41, 60.00
2026/09/14 16:15:17.854, 13.56, 210, 0, 41, 60.00
2026/09/14 16:15:17.869, 13.56, 210, 0, 41, 60.00
2026/09/14 16:15:17.885, 13.56, 210, 0, 41, 60.00
2026/09/14 16:15:17.916, 13.56, 210, 0, 41, 60.00
2026/09/14 16:15:17.932, 13.56, 210, 0, 41, 60.00
2026/09/14 16:15:17.964, 13.37, 210, 0, 41, 60.00
2026/09/14 16:15:17.996, 13.37, 210, 0, 41, 60.00
2026/09/14 16:15:18.027, 13.37, 210, 0, 41, 60.00
2026/09/14 16:15:18.042, 13.32, 210, 2, 41, 60.00
2026/09/14 16:15:18.074, 13.32, 210, 2, 41, 60.00
2026/09/14 16:15:18.090, 13.32, 210, 2, 41, 60.00
2026/09/14 16:15:18.121, 13.32, 210, 2, 41, 60.00
2026/09/14 16:15:18.152, 13.24, 210, 2, 41, 60.00
2026/09/14 16:15:18.183, 13.24, 210, 2, 41, 60.00
2026/09/14 16:15:18.214, 13.24, 210, 2, 41, 60.00
2026/09/14 16:15:18.245, 13.22, 210, 1, 41, 60.00
2026/09/14 16:15:18.276, 13.22, 210, 1, 41, 60.00
2026/09/14 16:15:18.307, 13.22, 210, 1, 41, 60.00
2026/09/14 16:15:18.337, 13.21, 210, 1, 41, 60.00
2026/09/14 16:15:18.368, 13.21, 210, 1, 41, 60.00
2026/09/14 16:15:18.384, 13.21, 210, 1, 41, 60.00
2026/09/14 16:15:18.416, 13.21, 210, 1, 41, 60.00
2026/09/14 16:15:18.432, 13.21, 210, 1, 41, 60.00
2026/09/14 16:15:18.462, 13.24, 210, 1, 41, 60.00
2026/09/14 16:15:18.478, 13.24, 210, 1, 41, 60.00
2026/09/14 16:15:18.494, 13.24, 210, 1, 41, 60.00
2026/09/14 16:15:18.525, 13.24, 210, 1, 41, 60.00
2026/09/14 16:15:18.540, 13.26, 210, 1, 41, 60.00
2026/09/14 16:15:18.572, 13.26, 210, 1, 41, 60.00
2026/09/14 16:15:18.603, 13.26, 210, 1, 41, 60.00
2026/09/14 16:15:18.618, 13.26, 210, 1, 41, 60.00
2026/09/14 16:15:18.649, 13.23, 210, 0, 41, 60.00
2026/09/14 16:15:18.680, 13.23, 210, 0, 41, 60.00
2026/09/14 16:15:18.711, 13.23, 210, 0, 41, 60.00
2026/09/14 16:15:18.743, 13.25, 210, 0, 41, 60.00
2026/09/14 16:15:18.773, 13.25, 210, 0, 41, 60.00
2026/09/14 16:15:18.805, 13.25, 210, 0, 41, 60.00
2026/09/14 16:15:18.836, 13.23, 210, 0, 41, 60.00
2026/09/14 16:15:18.866, 13.23, 210, 1, 41, 60.00
2026/09/14 16:15:18.897, 13.23, 210, 1, 41, 60.00
2026/09/14 16:15:18.928, 13.23, 210, 1, 41, 60.00
2026/09/14 16:15:18.959, 13.29, 210, 1, 41, 60.00
2026/09/14 16:15:18.990, 13.29, 210, 1, 41, 60.00
2026/09/14 16:15:19.021, 13.29, 210, 1, 41, 60.00
2026/09/14 16:15:19.037, 13.21, 210, 1, 41, 60.00
2026/09/14 16:15:19.068, 13.21, 210, 1, 41, 60.00
2026/09/14 16:15:19.099, 13.21, 210, 1, 41, 60.00
2026/09/14 16:15:19.115, 13.21, 210, 1, 41, 60.00
2026/09/14 16:15:19.146, 13.19, 210, 1, 41, 60.00
2026/09/14 16:15:19.177, 13.19, 210, 1, 41, 60.00
2026/09/14 16:15:19.208, 13.19, 210, 1, 41, 60.00
2026/09/14 16:15:19.224, 13.19, 210, 1, 41, 60.00
2026/09/14 16:15:19.240, 13.23, 210, 0, 41, 60.00
2026/09/14 16:15:19.256, 13.23, 210, 0, 41, 60.00
2026/09/14 16:15:19.287, 13.23, 210, 0, 41, 60.00
2026/09/14 16:15:19.318, 13.23, 210, 0, 41, 60.00
2026/09/14 16:15:19.349, 13.21, 210, 0, 41, 60.00
2026/09/14 16:15:19.380, 13.21, 210, 0, 41, 60.00
2026/09/14 16:15:19.412, 13.21, 210, 0, 41, 60.00
2026/09/14 16:15:19.428, 13.21, 210, 0, 41, 60.00
2026/09/14 16:15:19.444, 13.25, 210, 1, 41, 60.00
2026/09/14 16:15:19.474, 13.25, 210, 1, 41, 60.00
2026/09/14 16:15:19.507, 13.25, 210, 1, 41, 60.00
2026/09/14 16:15:19.523, 13.25, 210, 1, 41, 60.00
2026/09/14 16:15:19.538, 13.21, 210, 1, 41, 60.00
2026/09/14 16:15:19.570, 13.21, 210, 1, 41, 60.00
2026/09/14 16:15:19.586, 13.21, 210, 1, 41, 60.00
2026/09/14 16:15:19.616, 13.21, 210, 1, 41, 60.00
2026/09/14 16:15:19.648, 13.21, 210, 0, 41, 60.00
2026/09/14 16:15:19.664, 13.21, 210, 0, 41, 60.00
2026/09/14 16:15:19.695, 13.21, 210, 0, 41, 60.00
2026/09/14 16:15:19.725, 13.21, 210, 0, 41, 60.00
2026/09/14 16:15:19.756, 13.23, 210, 0, 41, 60.00
2026/09/14 16:15:19.787, 13.23, 210, 0, 41, 60.00
2026/09/14 16:15:19.818, 13.23, 210, 0, 41, 60.00
2026/09/14 16:15:19.849, 13.22, 210, 1, 41, 60.00
2026/09/14 16:15:19.865, 13.22, 210, 1, 41, 60.00
2026/09/14 16:15:19.896, 13.22, 210, 1, 41, 60.00
2026/09/14 16:15:19.928, 13.22, 210, 1, 41, 60.00
2026/09/14 16:15:19.959, 13.28, 210, 1, 41, 60.00
2026/09/14 16:15:19.990, 13.28, 210, 1, 41, 60.00
2026/09/14 16:15:20.021, 13.28, 210, 1, 41, 60.00
2026/09/14 16:15:20.052, 13.26, 210, 2, 41, 60.00
2026/09/14 16:15:20.083, 13.26, 210, 2, 41, 60.00
2026/09/14 16:15:20.114, 13.26, 210, 2, 41, 60.00
2026/09/14 16:15:20.145, 13.35, 210, 2, 41, 60.00
2026/09/14 16:15:20.176, 13.35, 210, 2, 41, 60.00
2026/09/14 16:15:20.208, 13.35, 210, 2, 41, 60.00
2026/09/14 16:15:20.239, 13.36, 210, 1, 41, 60.00
2026/09/14 16:15:20.271, 13.36, 210, 1, 41, 60.00
2026/09/14 16:15:20.303, 13.36, 210, 1, 41, 60.00
2026/09/14 16:15:20.334, 13.36, 210, 1, 41, 60.00
2026/09/14 16:15:20.365, 13.40, 210, 1, 41, 60.00
2026/09/14 16:15:20.397, 13.40, 210, 1, 41, 60.00
2026/09/14 16:15:20.427, 13.40, 210, 1, 41, 60.00
2026/09/14 16:15:20.460, 13.47, 210, 2, 41, 60.00
2026/09/14 16:15:20.491, 13.47, 210, 2, 41, 60.00
2026/09/14 16:15:20.522, 13.47, 210, 2, 41, 60.00
2026/09/14 16:15:20.554, 13.48, 210, 2, 41, 60.00
2026/09/14 16:15:20.586, 13.48, 210, 2, 41, 60.00
2026/09/14 16:15:20.618, 13.48, 210, 2, 41, 60.00
2026/09/14 16:15:20.649, 13.52, 210, 1, 41, 60.00
2026/09/14 16:15:20.681, 13.52, 210, 1, 41, 60.00
2026/09/14 16:15:20.697, 13.52, 210, 1, 41, 60.00
2026/09/14 16:15:20.729, 13.52, 210, 1, 41, 60.00
2026/09/14 16:15:20.745, 13.58, 210, 1, 41, 60.00
2026/09/14 16:15:20.775, 13.58, 210, 1, 41, 60.00
2026/09/14 16:15:20.791, 13.58, 210, 1, 41, 60.00
2026/09/14 16:15:20.822, 13.58, 210, 1, 41, 60.00
2026/09/14 16:15:20.852, 13.57, 210, 1, 41, 60.00
2026/09/14 16:15:20.884, 13.57, 210, 1, 41, 60.00
2026/09/14 16:15:20.915, 13.57, 210, 1, 41, 60.00
2026/09/14 16:15:20.946, 13.61, 210, 1, 41, 60.00
2026/09/14 16:15:20.977, 13.61, 210, 1, 41, 60.00
2026/09/14 16:15:21.008, 13.61, 210, 1, 41, 60.00
2026/09/14 16:15:21.039, 13.58, 210, 2, 41, 60.00
2026/09/14 16:15:21.071, 13.58, 210, 2, 41, 60.00
2026/09/14 16:15:21.101, 13.58, 210, 2, 41, 60.00
2026/09/14 16:15:21.132, 13.58, 210, 2, 41, 60.00
2026/09/14 16:15:21.148, 13.55, 210, 2, 41, 60.00
2026/09/14 16:15:21.164, 13.55, 210, 2, 41, 60.00
2026/09/14 16:15:21.196, 13.55, 210, 2, 41, 60.00
2026/09/14 16:15:21.211, 13.55, 210, 2, 41, 60.00
2026/09/14 16:15:21.242, 13.51, 210, 0, 41, 60.00
2026/09/14 16:15:21.273, 13.51, 210, 0, 41, 60.00
2026/09/14 16:15:21.304, 13.51, 210, 0, 41, 60.00
2026/09/14 16:15:21.334, 13.51, 210, 0, 41, 60.00
2026/09/14 16:15:21.365, 13.48, 210, 0, 41, 60.00
2026/09/14 16:15:21.381, 13.48, 210, 0, 41, 60.00
2026/09/14 16:15:21.397, 13.48, 210, 0, 41, 60.00
2026/09/14 16:15:21.429, 13.48, 210, 0, 41, 60.00
2026/09/14 16:15:21.460, 13.46, 210, 0, 41, 60.00
2026/09/14 16:15:21.491, 13.46, 210, 0, 41, 60.00
2026/09/14 16:15:21.522, 13.46, 210, 0, 41, 60.00
2026/09/14 16:15:21.553, 13.42, 210, 0, 41, 60.00
2026/09/14 16:15:21.585, 13.42, 210, 0, 41, 60.00
2026/09/14 16:15:21.616, 13.42, 210, 0, 41, 60.00
2026/09/14 16:15:21.646, 13.39, 210, 1, 41, 60.00
2026/09/14 16:15:21.663, 13.39, 210, 1, 41, 60.00
2026/09/14 16:15:21.693, 13.39, 210, 1, 41, 60.00
2026/09/14 16:15:21.724, 13.39, 210, 1, 41, 60.00
2026/09/14 16:15:21.754, 13.34, 210, 1, 41, 60.00
2026/09/14 16:15:21.785, 13.34, 210, 1, 41, 60.00
2026/09/14 16:15:21.815, 13.34, 210, 1, 41, 60.00
2026/09/14 16:15:21.847, 13.27, 210, 0, 41, 60.00
2026/09/14 16:15:21.878, 13.27, 210, 0, 41, 60.00
2026/09/14 16:15:21.910, 13.27, 210, 0, 41, 60.00
2026/09/14 16:15:21.941, 13.31, 210, 0, 41, 60.00
2026/09/14 16:15:21.958, 13.31, 210, 0, 41, 60.00
2026/09/14 16:15:21.988, 13.31, 210, 0, 41, 60.00
2026/09/14 16:15:22.019, 13.31, 210, 0, 41, 60.00
2026/09/14 16:15:22.050, 13.28, 210, 2, 41, 60.00
2026/09/14 16:15:22.081, 13.28, 210, 2, 41, 60.00
2026/09/14 16:15:22.113, 13.28, 210, 2, 41, 60.00
2026/09/14 16:15:22.144, 13.27, 210, 2, 41, 60.00
2026/09/14 16:15:22.176, 13.27, 210, 2, 41, 60.00
2026/09/14 16:15:22.206, 13.27, 210, 2, 41, 60.00
2026/09/14 16:15:22.222, 13.27, 210, 2, 41, 60.00
2026/09/14 16:15:22.254, 13.27, 210, 0, 41, 60.00
2026/09/14 16:15:22.270, 13.27, 210, 0, 41, 60.00
2026/09/14 16:15:22.286, 13.27, 210, 0, 41, 60.00
2026/09/14 16:15:22.302, 13.27, 210, 0, 41, 60.00
2026/09/14 16:15:22.333, 13.27, 210, 0, 41, 60.00
2026/09/14 16:15:22.364, 13.26, 210, 0, 41, 60.00
2026/09/14 16:15:22.396, 13.26, 210, 0, 41, 60.00
2026/09/14 16:15:22.428, 13.26, 210, 0, 41, 60.00
2026/09/14 16:15:22.459, 13.29, 210, 0, 41, 60.00
2026/09/14 16:15:22.491, 13.29, 210, 0, 41, 60.00
2026/09/14 16:15:22.522, 13.29, 210, 0, 41, 60.00
2026/09/14 16:15:22.538, 13.28, 210, 0, 41, 60.00
2026/09/14 16:15:22.569, 13.28, 210, 0, 41, 60.00
2026/09/14 16:15:22.600, 13.28, 210, 0, 41, 60.00
2026/09/14 16:15:22.631, 13.28, 210, 0, 41, 60.00
2026/09/14 16:15:22.662, 13.27, 210, 2, 41, 60.00
2026/09/14 16:15:22.678, 13.27, 210, 2, 41, 60.00
2026/09/14 16:15:22.709, 13.27, 210, 2, 41, 60.00
2026/09/14 16:15:22.724, 13.27, 210, 2, 41, 60.00
2026/09/14 16:15:22.755, 13.29, 210, 2, 41, 60.00
2026/09/14 16:15:22.786, 13.29, 210, 2, 41, 60.00
2026/09/14 16:15:22.816, 13.29, 210, 2, 41, 60.00
2026/09/14 16:15:22.847, 13.29, 210, 0, 41, 60.00
2026/09/14 16:15:22.863, 13.29, 210, 0, 41, 60.00
2026/09/14 16:15:22.879, 13.29, 210, 0, 41, 60.00
2026/09/14 16:15:22.911, 13.29, 210, 0, 41, 60.00
2026/09/14 16:15:22.943, 13.33, 210, 0, 41, 60.00
2026/09/14 16:15:22.974, 13.33, 210, 0, 41, 60.00
2026/09/14 16:15:23.005, 13.33, 210, 0, 41, 60.00
2026/09/14 16:15:23.036, 13.28, 210, 0, 41, 60.00
2026/09/14 16:15:23.067, 13.28, 210, 1, 41, 60.00
2026/09/14 16:15:23.098, 13.28, 210, 1, 41, 60.00
2026/09/14 16:15:23.130, 13.28, 210, 1, 41, 60.00
2026/09/14 16:15:23.161, 13.28, 210, 1, 41, 60.00
2026/09/14 16:15:23.194, 13.28, 210, 1, 41, 60.00
2026/09/14 16:15:23.224, 13.28, 210, 1, 41, 60.00
2026/09/14 16:15:23.255, 13.27, 210, 1, 41, 60.00
2026/09/14 16:15:23.286, 13.27, 210, 1, 41, 60.00
2026/09/14 16:15:23.318, 13.27, 210, 1, 41, 60.00
2026/09/14 16:15:23.349, 13.27, 210, 1, 41, 60.00
2026/09/14 16:15:23.381, 13.27, 210, 1, 41, 60.00
2026/09/14 16:15:23.412, 13.27, 210, 1, 41, 60.00
2026/09/14 16:15:23.443, 13.26, 210, 0, 41, 60.00
2026/09/14 16:15:23.474, 13.26, 210, 0, 41, 60.00
2026/09/14 16:15:23.504, 13.26, 210, 0, 41, 60.00
2026/09/14 16:15:23.535, 13.23, 210, 0, 41, 60.00
2026/09/14 16:15:23.566, 13.23, 210, 0, 41, 60.00
2026/09/14 16:15:23.597, 13.23, 210, 0, 41, 60.00
2026/09/14 16:15:23.613, 13.23, 210, 0, 41, 60.00
2026/09/14 16:15:23.644, 13.21, 210, 0, 41, 60.00
2026/09/14 16:15:23.675, 13.21, 210, 0, 41, 60.00
2026/09/14 16:15:23.707, 13.21, 210, 0, 41, 60.00
2026/09/14 16:15:23.739, 13.21, 210, 0, 41, 60.00
2026/09/14 16:15:23.771, 13.21, 210, 0, 41, 60.00
2026/09/14 16:15:23.802, 13.21, 210, 0, 41, 60.00
2026/09/14 16:15:23.833, 13.21, 210, 0, 41, 60.00
2026/09/14 16:15:23.864, 13.23, 210, 2, 41, 60.00
2026/09/14 16:15:23.895, 13.23, 210, 2, 41, 60.00
2026/09/14 16:15:23.926, 13.23, 210, 2, 41, 60.00
2026/09/14 16:15:23.957, 13.26, 210, 2, 41, 60.00
2026/09/14 16:15:23.988, 13.26, 210, 2, 41, 60.00
2026/09/14 16:15:24.019, 13.26, 210, 2, 41, 60.00
2026/09/14 16:15:24.050, 13.21, 210, 1, 41, 60.00
2026/09/14 16:15:24.081, 13.21, 210, 1, 41, 60.00
2026/09/14 16:15:24.097, 13.21, 210, 1, 41, 60.00
2026/09/14 16:15:24.128, 13.21, 210, 1, 41, 60.00
2026/09/14 16:15:24.159, 13.24, 210, 1, 41, 60.00
2026/09/14 16:15:24.189, 13.24, 210, 1, 41, 60.00
2026/09/14 16:15:24.236, 13.22, 210, 1, 41, 60.00
2026/09/14 16:15:24.268, 13.22, 210, 1, 41, 60.00
2026/09/14 16:15:24.298, 13.22, 210, 1, 41, 60.00
2026/09/14 16:15:24.329, 13.22, 210, 1, 41, 60.00
2026/09/14 16:15:24.359, 13.23, 210, 1, 41, 60.00
2026/09/14 16:15:24.390, 13.23, 210, 1, 41, 60.00
2026/09/14 16:15:24.421, 13.23, 210, 1, 41, 60.00
2026/09/14 16:15:24.452, 13.22, 210, 0, 41, 60.00
2026/09/14 16:15:24.482, 13.22, 210, 0, 41, 60.00
2026/09/14 16:15:24.498, 13.22, 210, 0, 41, 60.00
2026/09/14 16:15:24.530, 13.22, 210, 0, 41, 60.00
2026/09/14 16:15:24.560, 13.23, 210, 0, 41, 60.00
2026/09/14 16:15:24.591, 13.23, 210, 0, 41, 60.00
2026/09/14 16:15:24.608, 13.23, 210, 0, 41, 60.00
2026/09/14 16:15:24.638, 13.22, 210, 0, 41, 60.00
2026/09/14 16:15:24.669, 13.22, 210, 0, 41, 60.00
2026/09/14 16:15:24.701, 13.22, 210, 0, 41, 60.00
2026/09/14 16:15:24.717, 13.22, 210, 0, 41, 60.00
2026/09/14 16:15:24.747, 13.24, 210, 0, 41, 60.00
2026/09/14 16:15:24.778, 13.24, 210, 0, 41, 60.00
2026/09/14 16:15:24.810, 13.24, 210, 0, 41, 60.00
2026/09/14 16:15:24.841, 13.23, 210, 1, 41, 60.00
2026/09/14 16:15:24.873, 13.23, 210, 1, 41, 60.00
2026/09/14 16:15:24.904, 13.23, 210, 1, 41, 60.00
2026/09/14 16:15:24.936, 13.24, 210, 1, 41, 60.00
2026/09/14 16:15:24.967, 13.24, 210, 1, 41, 60.00
2026/09/14 16:15:24.998, 13.24, 210, 1, 41, 60.00
2026/09/14 16:15:25.029, 13.24, 210, 1, 41, 60.00
2026/09/14 16:15:25.060, 13.28, 210, 2, 41, 60.00
2026/09/14 16:15:25.092, 13.28, 210, 2, 41, 60.00
2026/09/14 16:15:25.123, 13.28, 210, 2, 41, 60.00
2026/09/14 16:15:25.154, 13.35, 210, 2, 41, 60.00
2026/09/14 16:15:25.184, 13.35, 210, 2, 41, 60.00
2026/09/14 16:15:25.215, 13.35, 210, 2, 41, 60.00
2026/09/14 16:15:25.246, 13.37, 210, 1, 41, 60.00
2026/09/14 16:15:25.277, 13.37, 210, 1, 41, 60.00
2026/09/14 16:15:25.309, 13.37, 210, 1, 41, 60.00
2026/09/14 16:15:25.340, 13.44, 210, 1, 41, 60.00
2026/09/14 16:15:25.371, 13.44, 210, 1, 41, 60.00
2026/09/14 16:15:25.402, 13.44, 210, 1, 41, 60.00
2026/09/14 16:15:25.433, 13.44, 210, 1, 41, 60.00
2026/09/14 16:15:25.465, 13.47, 210, 3, 41, 60.00
2026/09/14 16:15:25.495, 13.47, 210, 3, 41, 60.00
2026/09/14 16:15:25.527, 13.47, 210, 3, 41, 60.00
2026/09/14 16:15:25.558, 13.54, 210, 3, 41, 60.00
2026/09/14 16:15:25.574, 13.54, 210, 3, 41, 60.00
2026/09/14 16:15:25.605, 13.54, 210, 3, 41, 60.00
2026/09/14 16:15:25.636, 13.54, 210, 3, 41, 60.00
2026/09/14 16:15:25.668, 13.62, 210, 1, 41, 60.00
2026/09/14 16:15:25.700, 13.62, 210, 1, 41, 60.00
2026/09/14 16:15:25.731, 13.62, 210, 1, 41, 60.00
2026/09/14 16:15:25.762, 13.59, 210, 1, 41, 60.00
2026/09/14 16:15:25.794, 13.59, 210, 1, 41, 60.00
2026/09/14 16:15:25.824, 13.59, 210, 1, 41, 60.00
2026/09/14 16:15:25.855, 13.55, 210, 1, 41, 60.00
2026/09/14 16:15:25.886, 13.55, 210, 1, 41, 60.00
2026/09/14 16:15:25.919, 13.55, 210, 1, 41, 60.00
2026/09/14 16:15:25.950, 13.65, 210, 1, 41, 60.00
2026/09/14 16:15:25.981, 13.65, 210, 1, 41, 60.00
2026/09/14 16:15:26.012, 13.65, 210, 1, 41, 60.00
2026/09/14 16:15:26.043, 13.58, 210, 2, 41, 60.00
2026/09/14 16:15:26.074, 13.58, 210, 2, 41, 60.00
2026/09/14 16:15:26.106, 13.58, 210, 2, 41, 60.00
2026/09/14 16:15:26.137, 13.56, 210, 2, 41, 60.00
2026/09/14 16:15:26.168, 13.56, 210, 2, 41, 60.00
2026/09/14 16:15:26.199, 13.56, 210, 2, 41, 60.00
2026/09/14 16:15:26.230, 13.56, 210, 2, 41, 60.00
2026/09/14 16:15:26.246, 13.48, 210, 0, 41, 60.00
2026/09/14 16:15:26.277, 13.48, 210, 0, 41, 60.00
2026/09/14 16:15:26.307, 13.48, 210, 0, 41, 60.00
2026/09/14 16:15:26.338, 13.43, 210, 0, 41, 60.00
2026/09/14 16:15:26.355, 13.43, 210, 0, 41, 60.00
2026/09/14 16:15:26.386, 13.43, 210, 0, 41, 60.00
2026/09/14 16:15:26.417, 13.43, 210, 0, 41, 60.00
2026/09/14 16:15:26.448, 13.40, 210, 1, 41, 60.00
2026/09/14 16:15:26.479, 13.40, 210, 1, 41, 60.00
2026/09/14 16:15:26.509, 13.40, 210, 1, 41, 60.00
2026/09/14 16:15:26.540, 13.34, 210, 1, 41, 60.00
2026/09/14 16:15:26.570, 13.34, 210, 1, 41, 60.00
2026/09/14 16:15:26.601, 13.34, 210, 1, 41, 60.00
2026/09/14 16:15:26.631, 13.34, 210, 1, 41, 60.00
2026/09/14 16:15:26.647, 13.30, 210, 0, 41, 60.00
2026/09/14 16:15:26.678, 13.30, 210, 0, 41, 60.00
2026/09/14 16:15:26.710, 13.30, 210, 0, 41, 60.00
2026/09/14 16:15:26.740, 13.23, 210, 0, 41, 60.00
2026/09/14 16:15:26.771, 13.23, 210, 0, 41, 60.00
2026/09/14 16:15:26.802, 13.23, 210, 0, 41, 60.00
2026/09/14 16:15:26.834, 13.21, 210, 0, 41, 60.00
2026/09/14 16:15:26.865, 13.21, 210, 0, 41, 60.00
2026/09/14 16:15:26.896, 13.21, 210, 0, 41, 60.00
2026/09/14 16:15:26.927, 13.21, 210, 0, 41, 60.00
2026/09/14 16:15:26.960, 13.14, 210, 0, 41, 60.00
2026/09/14 16:15:26.990, 13.14, 210, 0, 41, 60.00
2026/09/14 16:15:27.021, 13.14, 210, 0, 41, 60.00
2026/09/14 16:15:27.052, 13.19, 210, 3, 41, 60.00
2026/09/14 16:15:27.084, 13.19, 210, 3, 41, 60.00
2026/09/14 16:15:27.114, 13.19, 210, 3, 41, 60.00
2026/09/14 16:15:27.146, 13.20, 210, 3, 41, 60.00
2026/09/14 16:15:27.177, 13.20, 210, 3, 41, 60.00
2026/09/14 16:15:27.208, 13.20, 210, 3, 41, 60.00
2026/09/14 16:15:27.239, 13.18, 210, 0, 41, 60.00
2026/09/14 16:15:27.271, 13.18, 210, 0, 41, 60.00
2026/09/14 16:15:27.302, 13.18, 210, 0, 41, 60.00
2026/09/14 16:15:27.332, 13.18, 210, 0, 41, 60.00
2026/09/14 16:15:27.363, 13.19, 210, 0, 41, 60.00
2026/09/14 16:15:27.395, 13.19, 210, 0, 41, 60.00
2026/09/14 16:15:27.426, 13.19, 210, 0, 41, 60.00
2026/09/14 16:15:27.458, 13.19, 210, 0, 41, 60.00
2026/09/14 16:15:27.488, 13.19, 210, 0, 41, 60.00
2026/09/14 16:15:27.519, 13.19, 210, 0, 41, 60.00
2026/09/14 16:15:27.550, 13.20, 210, 0, 41, 60.00
2026/09/14 16:15:27.581, 13.20, 210, 0, 41, 60.00
2026/09/14 16:15:27.612, 13.20, 210, 0, 41, 60.00
2026/09/14 16:15:27.644, 13.19, 210, 1, 41, 60.00
2026/09/14 16:15:27.661, 13.19, 210, 1, 41, 60.00
2026/09/14 16:15:27.692, 13.19, 210, 1, 41, 60.00
2026/09/14 16:15:27.708, 13.19, 210, 1, 41, 60.00
2026/09/14 16:15:27.738, 13.21, 210, 1, 41, 60.00
2026/09/14 16:15:27.768, 13.21, 210, 1, 41, 60.00
2026/09/14 16:15:27.799, 13.21, 210, 1, 41, 60.00
2026/09/14 16:15:27.830, 13.21, 210, 1, 41, 60.00
2026/09/14 16:15:27.861, 13.21, 210, 0, 41, 60.00
2026/09/14 16:15:27.892, 13.21, 210, 0, 41, 60.00
2026/09/14 16:15:27.924, 13.21, 210, 0, 41, 60.00
2026/09/14 16:15:27.955, 13.28, 210, 0, 41, 60.00
2026/09/14 16:15:27.986, 13.28, 210, 0, 41, 60.00
2026/09/14 16:15:28.017, 13.28, 210, 0, 41, 60.00
2026/09/14 16:15:28.048, 13.25, 210, 2, 41, 60.00
2026/09/14 16:15:28.079, 13.25, 210, 2, 41, 60.00
2026/09/14 16:15:28.110, 13.25, 210, 2, 41, 60.00
2026/09/14 16:15:28.142, 13.22, 210, 2, 41, 60.00
2026/09/14 16:15:28.173, 13.22, 210, 2, 41, 60.00
2026/09/14 16:15:28.204, 13.22, 210, 2, 41, 60.00
2026/09/14 16:15:28.220, 13.22, 210, 2, 41, 60.00
2026/09/14 16:15:28.251, 13.25, 210, 0, 41, 60.00
2026/09/14 16:15:28.281, 13.25, 210, 0, 41, 60.00
2026/09/14 16:15:28.312, 13.25, 210, 0, 41, 60.00
2026/09/14 16:15:28.343, 13.26, 210, 0, 41, 60.00
2026/09/14 16:15:28.374, 13.26, 210, 0, 41, 60.00
2026/09/14 16:15:28.405, 13.26, 210, 0, 41, 60.00
2026/09/14 16:15:28.437, 13.27, 210, 0, 41, 60.00
2026/09/14 16:15:28.468, 13.27, 210, 0, 41, 60.00
2026/09/14 16:15:28.500, 13.27, 210, 0, 41, 60.00
2026/09/14 16:15:28.530, 13.27, 210, 0, 41, 60.00
2026/09/14 16:15:28.547, 13.25, 210, 0, 41, 60.00
2026/09/14 16:15:28.579, 13.25, 210, 0, 41, 60.00
2026/09/14 16:15:28.611, 13.25, 210, 0, 41, 60.00
2026/09/14 16:15:28.642, 13.23, 210, 1, 41, 60.00
2026/09/14 16:15:28.674, 13.23, 210, 1, 41, 60.00
2026/09/14 16:15:28.704, 13.23, 210, 1, 41, 60.00
2026/09/14 16:15:28.736, 13.26, 210, 1, 41, 60.00
2026/09/14 16:15:28.767, 13.26, 210, 1, 41, 60.00
2026/09/14 16:15:28.799, 13.26, 210, 1, 41, 60.00
2026/09/14 16:15:28.830, 13.26, 210, 1, 41, 60.00
2026/09/14 16:15:28.861, 13.25, 210, 0, 41, 60.00
2026/09/14 16:15:28.878, 13.25, 210, 0, 41, 60.00
2026/09/14 16:15:28.909, 13.25, 210, 0, 41, 60.00
2026/09/14 16:15:28.941, 13.31, 210, 0, 41, 60.00
2026/09/14 16:15:28.973, 13.31, 210, 0, 41, 60.00
2026/09/14 16:15:29.003, 13.31, 210, 0, 41, 60.00
2026/09/14 16:15:29.034, 13.27, 210, 0, 41, 60.00
2026/09/14 16:15:29.081, 13.27, 210, 1, 41, 60.00
2026/09/14 16:15:29.113, 13.27, 210, 1, 41, 60.00
2026/09/14 16:15:29.145, 13.35, 210, 1, 41, 60.00
2026/09/14 16:15:29.177, 13.35, 210, 1, 41, 60.00
2026/09/14 16:15:29.208, 13.35, 210, 1, 41, 60.00
2026/09/14 16:15:29.238, 13.33, 210, 1, 41, 60.00
2026/09/14 16:15:29.269, 13.33, 210, 1, 41, 60.00
2026/09/14 16:15:29.301, 13.33, 210, 1, 41, 60.00
2026/09/14 16:15:29.333, 13.36, 210, 1, 41, 60.00
2026/09/14 16:15:29.365, 13.36, 210, 1, 41, 60.00
2026/09/14 16:15:29.396, 13.36, 210, 1, 41, 60.00
2026/09/14 16:15:29.427, 13.36, 210, 1, 41, 60.00
2026/09/14 16:15:29.458, 13.33, 210, 0, 41, 60.00
2026/09/14 16:15:29.490, 13.33, 210, 0, 41, 60.00
2026/09/14 16:15:29.521, 13.33, 210, 0, 41, 60.00
2026/09/14 16:15:29.552, 13.31, 210, 0, 41, 60.00
2026/09/14 16:15:29.583, 13.31, 210, 0, 41, 60.00
2026/09/14 16:15:29.599, 13.31, 210, 0, 41, 60.00
2026/09/14 16:15:29.631, 13.31, 210, 0, 41, 60.00
2026/09/14 16:15:29.662, 13.28, 210, 0, 41, 60.00
2026/09/14 16:15:29.693, 13.28, 210, 0, 41, 60.00
2026/09/14 16:15:29.724, 13.28, 210, 0, 41, 60.00
2026/09/14 16:15:29.757, 13.31, 210, 0, 41, 60.00
2026/09/14 16:15:29.788, 13.31, 210, 0, 41, 60.00
2026/09/14 16:15:29.819, 13.31, 210, 0, 41, 60.00
2026/09/14 16:15:29.835, 13.27, 210, 0, 41, 60.00
2026/09/14 16:15:29.865, 13.27, 210, 1, 41, 60.00
2026/09/14 16:15:29.897, 13.27, 210, 1, 41, 60.00
2026/09/14 16:15:29.928, 13.27, 210, 1, 41, 60.00
2026/09/14 16:15:29.960, 13.28, 210, 1, 41, 60.00
2026/09/14 16:15:29.990, 13.28, 210, 1, 41, 60.00
2026/09/14 16:15:30.022, 13.28, 210, 1, 41, 60.00
2026/09/14 16:15:30.054, 13.25, 210, 2, 41, 60.00
2026/09/14 16:15:30.084, 13.25, 210, 2, 41, 60.00
2026/09/14 16:15:30.115, 13.25, 210, 2, 41, 60.00
2026/09/14 16:15:30.147, 13.25, 210, 2, 41, 60.00
2026/09/14 16:15:30.179, 13.25, 210, 2, 41, 60.00
2026/09/14 16:15:30.209, 13.25, 210, 2, 41, 60.00
2026/09/14 16:15:30.240, 13.23, 210, 2, 41, 60.00
2026/09/14 16:15:30.272, 13.23, 210, 2, 41, 60.00
2026/09/14 16:15:30.304, 13.23, 210, 2, 41, 60.00
2026/09/14 16:15:30.336, 13.29, 210, 2, 41, 60.00
2026/09/14 16:15:30.367, 13.29, 210, 2, 41, 60.00
2026/09/14 16:15:30.398, 13.29, 210, 2, 41, 60.00
2026/09/14 16:15:30.429, 13.29, 210, 2, 41, 60.00
2026/09/14 16:15:30.460, 13.31, 210, 1, 41, 60.00
2026/09/14 16:15:30.477, 13.31, 210, 1, 41, 60.00
2026/09/14 16:15:30.508, 13.31, 210, 1, 41, 60.00
2026/09/14 16:15:30.540, 13.39, 210, 1, 41, 60.00
2026/09/14 16:15:30.572, 13.39, 210, 1, 41, 60.00
2026/09/14 16:15:30.603, 13.39, 210, 1, 41, 60.00
2026/09/14 16:15:30.634, 13.40, 210, 1, 41, 60.00
2026/09/14 16:15:30.666, 13.40, 210, 2, 41, 60.00
2026/09/14 16:15:30.698, 13.40, 210, 2, 41, 60.00
2026/09/14 16:15:30.729, 13.40, 210, 2, 41, 60.00
2026/09/14 16:15:30.760, 13.47, 210, 2, 41, 60.00
2026/09/14 16:15:30.792, 13.47, 210, 2, 41, 60.00
2026/09/14 16:15:30.823, 13.47, 210, 2, 41, 60.00
2026/09/14 16:15:30.854, 13.50, 210, 2, 41, 60.00
2026/09/14 16:15:30.885, 13.50, 210, 2, 41, 60.00
2026/09/14 16:15:30.917, 13.50, 210, 2, 41, 60.00
2026/09/14 16:15:30.948, 13.62, 210, 2, 41, 60.00
2026/09/14 16:15:30.980, 13.62, 210, 2, 41, 60.00
2026/09/14 16:15:31.011, 13.62, 210, 2, 41, 60.00
2026/09/14 16:15:31.042, 13.69, 210, 1, 41, 60.00
2026/09/14 16:15:31.073, 13.69, 210, 1, 41, 60.00
2026/09/14 16:15:31.104, 13.69, 210, 1, 41, 60.00
2026/09/14 16:15:31.136, 13.89, 210, 1, 41, 60.00
2026/09/14 16:15:31.166, 13.89, 210, 1, 41, 60.00
2026/09/14 16:15:31.197, 13.89, 210, 1, 41, 60.00
2026/09/14 16:15:31.229, 13.89, 210, 1, 41, 60.00
2026/09/14 16:15:31.245, 14.10, 210, 0, 41, 60.00
2026/09/14 16:15:31.277, 14.10, 210, 0, 41, 60.00
2026/09/14 16:15:31.308, 14.10, 210, 0, 41, 60.00
2026/09/14 16:15:31.339, 14.06, 210, 0, 41, 60.00
2026/09/14 16:15:31.370, 14.06, 210, 0, 41, 60.00
2026/09/14 16:15:31.401, 14.06, 210, 0, 41, 60.00
2026/09/14 16:15:31.418, 14.06, 210, 0, 41, 60.00
2026/09/14 16:15:31.449, 14.09, 210, 1, 41, 60.00
2026/09/14 16:15:31.480, 14.09, 210, 1, 41, 60.00
2026/09/14 16:15:31.512, 14.09, 210, 1, 41, 60.00
2026/09/14 16:15:31.542, 14.28, 210, 1, 41, 60.00
2026/09/14 16:15:31.573, 14.28, 210, 1, 41, 60.00
2026/09/14 16:15:31.605, 14.28, 210, 1, 41, 60.00
2026/09/14 16:15:31.636, 14.44, 210, 0, 41, 60.00
2026/09/14 16:15:31.668, 14.44, 210, 0, 41, 60.00
2026/09/14 16:15:31.698, 14.44, 210, 0, 41, 60.00
2026/09/14 16:15:31.729, 14.44, 210, 0, 41, 60.00
2026/09/14 16:15:31.761, 14.67, 210, 0, 41, 60.00
2026/09/14 16:15:31.777, 14.67, 210, 0, 41, 60.00
2026/09/14 16:15:31.808, 14.67, 210, 0, 41, 60.00
2026/09/14 16:15:31.839, 14.76, 210, 0, 41, 60.00
2026/09/14 16:15:31.870, 14.76, 210, 0, 41, 60.00
2026/09/14 16:15:31.902, 14.76, 210, 0, 41, 60.00
2026/09/14 16:15:31.934, 14.75, 210, 0, 41, 60.00
2026/09/14 16:15:31.964, 14.75, 210, 0, 41, 60.00
2026/09/14 16:15:31.995, 14.75, 210, 0, 41, 60.00
2026/09/14 16:15:32.027, 14.75, 210, 0, 41, 60.00
2026/09/14 16:15:32.057, 14.68, 210, 2, 41, 60.00
2026/09/14 16:15:32.088, 14.68, 210, 2, 41, 60.00
2026/09/14 16:15:32.119, 14.68, 210, 2, 41, 60.00
2026/09/14 16:15:32.151, 14.61, 210, 2, 41, 60.00
2026/09/14 16:15:32.182, 14.61, 210, 2, 41, 60.00
2026/09/14 16:15:32.213, 14.61, 210, 2, 41, 60.00
2026/09/14 16:15:32.244, 14.35, 210, 1, 41, 60.00
2026/09/14 16:15:32.276, 14.35, 210, 1, 41, 60.00
2026/09/14 16:15:32.307, 14.35, 210, 1, 41, 60.00
2026/09/14 16:15:32.337, 14.12, 210, 1, 41, 60.00
2026/09/14 16:15:32.369, 14.12, 210, 1, 41, 60.00
2026/09/14 16:15:32.400, 14.12, 210, 1, 41, 60.00
2026/09/14 16:15:32.431, 14.10, 210, 1, 41, 60.00
2026/09/14 16:15:32.462, 14.10, 210, 1, 41, 60.00
2026/09/14 16:15:32.493, 14.10, 210, 1, 41, 60.00
2026/09/14 16:15:32.524, 14.10, 210, 1, 41, 60.00
2026/09/14 16:15:32.555, 14.02, 210, 1, 41, 60.00
2026/09/14 16:15:32.586, 14.02, 210, 1, 41, 60.00
2026/09/14 16:15:32.618, 14.02, 210, 1, 41, 60.00
2026/09/14 16:15:32.649, 13.76, 210, 0, 41, 60.00
2026/09/14 16:15:32.680, 13.76, 210, 0, 41, 60.00
2026/09/14 16:15:32.711, 13.76, 210, 0, 41, 60.00
2026/09/14 16:15:32.727, 13.76, 210, 0, 41, 60.00
2026/09/14 16:15:32.758, 13.52, 210, 0, 41, 60.00
2026/09/14 16:15:32.790, 13.52, 210, 0, 41, 60.00
2026/09/14 16:15:32.806, 13.52, 210, 0, 41, 60.00
2026/09/14 16:15:32.823, 13.52, 210, 0, 41, 60.00
2026/09/14 16:15:32.854, 13.29, 210, 0, 41, 60.00
2026/09/14 16:15:32.885, 13.29, 210, 0, 41, 60.00
2026/09/14 16:15:32.916, 13.29, 210, 0, 41, 60.00
2026/09/14 16:15:32.948, 13.16, 210, 0, 41, 60.00
2026/09/14 16:15:32.979, 13.16, 210, 0, 41, 60.00
2026/09/14 16:15:33.010, 13.16, 210, 0, 41, 60.00
2026/09/14 16:15:33.041, 13.11, 210, 2, 41, 60.00
2026/09/14 16:15:33.072, 13.11, 210, 2, 41, 60.00
2026/09/14 16:15:33.104, 13.11, 210, 2, 41, 60.00
2026/09/14 16:15:33.134, 13.11, 210, 2, 41, 60.00
2026/09/14 16:15:33.165, 13.11, 210, 2, 41, 60.00
2026/09/14 16:15:33.196, 13.11, 210, 2, 41, 60.00
2026/09/14 16:15:33.228, 13.11, 210, 2, 41, 60.00
2026/09/14 16:15:33.259, 13.08, 210, 0, 41, 60.00
2026/09/14 16:15:33.290, 13.08, 210, 0, 41, 60.00
2026/09/14 16:15:33.321, 13.08, 210, 0, 41, 60.00
2026/09/14 16:15:33.352, 13.11, 210, 0, 41, 60.00
2026/09/14 16:15:33.383, 13.11, 210, 0, 41, 60.00
2026/09/14 16:15:33.415, 13.11, 210, 0, 41, 60.00
2026/09/14 16:15:33.446, 13.10, 210, 0, 41, 60.00
2026/09/14 16:15:33.477, 13.10, 210, 0, 41, 60.00
2026/09/14 16:15:33.508, 13.10, 210, 0, 41, 60.00
2026/09/14 16:15:33.540, 13.10, 210, 0, 41, 60.00
2026/09/14 16:15:33.571, 13.10, 210, 0, 41, 60.00
2026/09/14 16:15:33.603, 13.10, 210, 0, 41, 60.00
2026/09/14 16:15:33.633, 13.13, 210, 0, 41, 60.00
2026/09/14 16:15:33.665, 13.13, 210, 1, 41, 60.00
2026/09/14 16:15:33.697, 13.13, 210, 1, 41, 60.00
2026/09/14 16:15:33.728, 13.13, 210, 1, 41, 60.00
2026/09/14 16:15:33.745, 13.15, 210, 1, 41, 60.00
2026/09/14 16:15:33.776, 13.15, 210, 1, 41, 60.00
2026/09/14 16:15:33.808, 13.15, 210, 1, 41, 60.00
2026/09/14 16:15:33.839, 13.15, 210, 0, 41, 60.00
2026/09/14 16:15:33.871, 13.15, 210, 0, 41, 60.00
2026/09/14 16:15:33.902, 13.15, 210, 0, 41, 60.00
2026/09/14 16:15:33.934, 13.18, 210, 0, 41, 60.00
2026/09/14 16:15:33.966, 13.18, 210, 0, 41, 60.00
2026/09/14 16:15:33.997, 13.18, 210, 0, 41, 60.00
2026/09/14 16:15:34.029, 13.18, 210, 0, 41, 60.00
2026/09/14 16:15:34.060, 13.16, 210, 1, 41, 60.00
2026/09/14 16:15:34.091, 13.16, 210, 1, 41, 60.00
2026/09/14 16:15:34.122, 13.16, 210, 1, 41, 60.00
2026/09/14 16:15:34.153, 13.18, 210, 1, 41, 60.00
2026/09/14 16:15:34.185, 13.18, 210, 1, 41, 60.00
2026/09/14 16:15:34.217, 13.18, 210, 1, 41, 60.00
2026/09/14 16:15:34.248, 13.15, 210, 1, 41, 60.00
2026/09/14 16:15:34.279, 13.15, 210, 1, 41, 60.00
2026/09/14 16:15:34.310, 13.15, 210, 1, 41, 60.00
2026/09/14 16:15:34.341, 13.18, 210, 1, 41, 60.00
2026/09/14 16:15:34.372, 13.18, 210, 1, 41, 60.00
2026/09/14 16:15:34.404, 13.18, 210, 1, 41, 60.00
2026/09/14 16:15:34.435, 13.18, 210, 1, 41, 60.00
2026/09/14 16:15:34.466, 13.18, 210, 1, 41, 60.00
2026/09/14 16:15:34.498, 13.18, 210, 1, 41, 60.00
2026/09/14 16:15:34.529, 13.18, 210, 1, 41, 60.00
2026/09/14 16:15:34.561, 13.17, 210, 1, 41, 60.00
2026/09/14 16:15:34.592, 13.17, 210, 1, 41, 60.00
2026/09/14 16:15:34.623, 13.17, 210, 1, 41, 60.00
2026/09/14 16:15:34.655, 13.14, 210, 0, 41, 60.00
2026/09/14 16:15:34.686, 13.14, 210, 0, 41, 60.00
2026/09/14 16:15:34.717, 13.14, 210, 0, 41, 60.00
2026/09/14 16:15:34.749, 13.16, 210, 0, 41, 60.00
2026/09/14 16:15:34.781, 13.16, 210, 0, 41, 60.00
2026/09/14 16:15:34.811, 13.16, 210, 0, 41, 60.00
2026/09/14 16:15:34.842, 13.18, 210, 0, 41, 60.00
2026/09/14 16:15:34.873, 13.18, 210, 0, 41, 60.00
2026/09/14 16:15:34.905, 13.18, 210, 0, 41, 60.00
2026/09/14 16:15:34.937, 13.21, 210, 0, 41, 60.00
2026/09/14 16:15:34.968, 13.21, 210, 0, 41, 60.00
2026/09/14 16:15:34.999, 13.21, 210, 0, 41, 60.00
2026/09/14 16:15:35.032, 13.24, 210, 0, 41, 60.00
2026/09/14 16:15:35.063, 13.24, 210, 2, 41, 60.00
2026/09/14 16:15:35.094, 13.24, 210, 2, 41, 60.00
2026/09/14 16:15:35.125, 13.24, 210, 2, 41, 60.00
2026/09/14 16:15:35.157, 13.23, 210, 2, 41, 60.00
2026/09/14 16:15:35.189, 13.23, 210, 2, 41, 60.00
2026/09/14 16:15:35.221, 13.23, 210, 2, 41, 60.00
2026/09/14 16:15:35.253, 13.34, 210, 2, 41, 60.00
2026/09/14 16:15:35.283, 13.34, 210, 2, 41, 60.00
2026/09/14 16:15:35.315, 13.34, 210, 2, 41, 60.00
2026/09/14 16:15:35.345, 13.38, 210, 2, 41, 60.00
2026/09/14 16:15:35.376, 13.38, 210, 2, 41, 60.00
2026/09/14 16:15:35.407, 13.38, 210, 2, 41, 60.00
2026/09/14 16:15:35.439, 13.44, 210, 2, 41, 60.00
2026/09/14 16:15:35.471, 13.44, 210, 2, 41, 60.00
2026/09/14 16:15:35.503, 13.44, 210, 2, 41, 60.00
2026/09/14 16:15:35.534, 13.52, 210, 2, 41, 60.00
2026/09/14 16:15:35.566, 13.52, 210, 2, 41, 60.00
2026/09/14 16:15:35.597, 13.52, 210, 2, 41, 60.00
2026/09/14 16:15:35.628, 13.52, 210, 2, 41, 60.00
2026/09/14 16:15:35.660, 13.54, 210, 1, 41, 60.00
2026/09/14 16:15:35.691, 13.54, 210, 1, 41, 60.00
2026/09/14 16:15:35.723, 13.54, 210, 1, 41, 60.00
2026/09/14 16:15:35.754, 13.62, 210, 1, 41, 60.00
2026/09/14 16:15:35.786, 13.62, 210, 1, 41, 60.00
2026/09/14 16:15:35.818, 13.62, 210, 1, 41, 60.00
2026/09/14 16:15:35.850, 13.59, 210, 2, 41, 60.00
2026/09/14 16:15:35.866, 13.59, 210, 2, 41, 60.00
2026/09/14 16:15:35.897, 13.59, 210, 2, 41, 60.00
2026/09/14 16:15:35.914, 13.59, 210, 2, 41, 60.00
2026/09/14 16:15:35.946, 13.66, 210, 2, 41, 60.00
2026/09/14 16:15:35.977, 13.66, 210, 2, 41, 60.00
2026/09/14 16:15:36.007, 13.66, 210, 2, 41, 60.00
2026/09/14 16:15:36.040, 13.63, 210, 2, 41, 60.00
2026/09/14 16:15:36.071, 13.63, 210, 2, 41, 60.00
2026/09/14 16:15:36.102, 13.63, 210, 2, 41, 60.00
2026/09/14 16:15:36.134, 13.57, 210, 2, 41, 60.00
2026/09/14 16:15:36.165, 13.57, 210, 2, 41, 60.00
2026/09/14 16:15:36.195, 13.57, 210, 2, 41, 60.00
2026/09/14 16:15:36.226, 13.57, 210, 2, 41, 60.00
2026/09/14 16:15:36.257, 13.53, 210, 0, 41, 60.00
2026/09/14 16:15:36.288, 13.53, 210, 0, 41, 60.00
2026/09/14 16:15:36.319, 13.53, 210, 0, 41, 60.00
2026/09/14 16:15:36.350, 13.53, 210, 0, 41, 60.00
2026/09/14 16:15:36.381, 13.53, 210, 0, 41, 60.00
2026/09/14 16:15:36.412, 13.53, 210, 0, 41, 60.00
2026/09/14 16:15:36.443, 13.47, 210, 1, 41, 60.00
2026/09/14 16:15:36.475, 13.47, 210, 1, 41, 60.00
2026/09/14 16:15:36.505, 13.47, 210, 1, 41, 60.00
2026/09/14 16:15:36.537, 13.42, 210, 1, 41, 60.00
2026/09/14 16:15:36.568, 13.42, 210, 1, 41, 60.00
2026/09/14 16:15:36.600, 13.42, 210, 1, 41, 60.00
2026/09/14 16:15:36.632, 13.38, 210, 1, 41, 60.00
2026/09/14 16:15:36.663, 13.38, 210, 1, 41, 60.00
2026/09/14 16:15:36.694, 13.38, 210, 1, 41, 60.00
2026/09/14 16:15:36.727, 13.38, 210, 1, 41, 60.00
2026/09/14 16:15:36.758, 13.33, 210, 1, 41, 60.00
2026/09/14 16:15:36.789, 13.33, 210, 1, 41, 60.00
2026/09/14 16:15:36.820, 13.33, 210, 1, 41, 60.00
2026/09/14 16:15:36.852, 13.26, 210, 1, 41, 60.00
2026/09/14 16:15:36.883, 13.26, 210, 1, 41, 60.00
2026/09/14 16:15:36.914, 13.26, 210, 1, 41, 60.00
2026/09/14 16:15:36.946, 13.20, 210, 1, 41, 60.00
2026/09/14 16:15:36.976, 13.20, 210, 1, 41, 60.00
2026/09/14 16:15:37.007, 13.20, 210, 1, 41, 60.00
2026/09/14 16:15:37.039, 13.21, 210, 1, 41, 60.00
2026/09/14 16:15:37.070, 13.21, 210, 1, 41, 60.00
2026/09/14 16:15:37.101, 13.21, 210, 1, 41, 60.00
2026/09/14 16:15:37.132, 13.19, 210, 1, 41, 60.00
2026/09/14 16:15:37.163, 13.19, 210, 1, 41, 60.00
2026/09/14 16:15:37.194, 13.19, 210, 1, 41, 60.00
2026/09/14 16:15:37.225, 13.19, 210, 1, 41, 60.00
2026/09/14 16:15:37.256, 13.22, 210, 0, 41, 60.00
2026/09/14 16:15:37.288, 13.22, 210, 0, 41, 60.00
2026/09/14 16:15:37.318, 13.22, 210, 0, 41, 60.00
2026/09/14 16:15:37.350, 13.20, 210, 0, 41, 60.00
2026/09/14 16:15:37.381, 13.20, 210, 0, 41, 60.00
2026/09/14 16:15:37.413, 13.20, 210, 0, 41, 60.00
2026/09/14 16:15:37.444, 13.15, 210, 1, 41, 60.00
2026/09/14 16:15:37.475, 13.15, 210, 1, 41, 60.00
2026/09/14 16:15:37.506, 13.15, 210, 1, 41, 60.00
2026/09/14 16:15:37.537, 13.14, 210, 1, 41, 60.00
2026/09/14 16:15:37.568, 13.14, 210, 1, 41, 60.00
2026/09/14 16:15:37.599, 13.14, 210, 1, 41, 60.00
2026/09/14 16:15:37.630, 13.10, 210, 1, 41, 60.00
2026/09/14 16:15:37.662, 13.10, 210, 0, 41, 60.00
2026/09/14 16:15:37.693, 13.10, 210, 0, 41, 60.00
2026/09/14 16:15:37.709, 13.10, 210, 0, 41, 60.00
2026/09/14 16:15:37.740, 13.12, 210, 0, 41, 60.00
2026/09/14 16:15:37.771, 13.12, 210, 0, 41, 60.00
2026/09/14 16:15:37.802, 13.12, 210, 0, 41, 60.00
2026/09/14 16:15:37.819, 13.12, 210, 0, 41, 60.00
2026/09/14 16:15:37.851, 13.11, 210, 0, 41, 60.00
2026/09/14 16:15:37.882, 13.11, 210, 0, 41, 60.00
2026/09/14 16:15:37.914, 13.11, 210, 0, 41, 60.00
2026/09/14 16:15:37.944, 13.10, 210, 0, 41, 60.00
2026/09/14 16:15:37.976, 13.10, 210, 0, 41, 60.00
2026/09/14 16:15:38.007, 13.10, 210, 0, 41, 60.00
2026/09/14 16:15:38.038, 13.11, 210, 2, 41, 60.00
2026/09/14 16:15:38.069, 13.11, 210, 2, 41, 60.00
2026/09/14 16:15:38.101, 13.11, 210, 2, 41, 60.00
2026/09/14 16:15:38.132, 13.09, 210, 2, 41, 60.00
2026/09/14 16:15:38.148, 13.09, 210, 2, 41, 60.00
2026/09/14 16:15:38.164, 13.09, 210, 2, 41, 60.00
2026/09/14 16:15:38.180, 13.09, 210, 2, 41, 60.00
2026/09/14 16:15:38.196, 13.09, 210, 2, 41, 60.00
2026/09/14 16:15:38.212, 13.09, 210, 2, 41, 60.00
2026/09/14 16:15:38.227, 13.09, 210, 2, 41, 60.00
2026/09/14 16:15:38.242, 13.08, 210, 0, 41, 60.00
2026/09/14 16:15:38.258, 13.08, 210, 0, 41, 60.00
2026/09/14 16:15:38.274, 13.08, 210, 0, 41, 60.00
2026/09/14 16:15:38.289, 13.08, 210, 0, 41, 60.00
2026/09/14 16:15:38.305, 13.08, 210, 0, 41, 60.00
2026/09/14 16:15:38.321, 13.08, 210, 0, 41, 60.00
2026/09/14 16:15:38.337, 13.03, 210, 0, 41, 60.00
2026/09/14 16:15:38.352, 13.03, 210, 0, 41, 60.00
2026/09/14 16:15:38.368, 13.03, 210, 0, 41, 60.00
2026/09/14 16:15:38.384, 13.03, 210, 0, 41, 60.00
2026/09/14 16:15:38.399, 13.03, 210, 0, 41, 60.00
2026/09/14 16:15:38.415, 13.03, 210, 0, 41, 60.00
2026/09/14 16:15:38.431, 13.02, 210, 0, 41, 60.00
2026/09/14 16:15:38.447, 13.02, 210, 0, 41, 60.00
2026/09/14 16:15:38.463, 13.02, 210, 0, 41, 60.00
2026/09/14 16:15:38.478, 13.02, 210, 0, 41, 60.00
2026/09/14 16:15:38.493, 13.02, 210, 0, 41, 60.00
2026/09/14 16:15:38.508, 13.02, 210, 0, 41, 60.00
2026/09/14 16:15:38.524, 13.02, 210, 0, 41, 60.00
2026/09/14 16:15:38.539, 13.04, 210, 0, 41, 60.00
2026/09/14 16:15:38.555, 13.04, 210, 0, 41, 60.00
2026/09/14 16:15:38.586, 13.04, 210, 0, 41, 60.00
2026/09/14 16:15:38.602, 13.04, 210, 0, 41, 60.00
2026/09/14 16:15:38.617, 13.04, 210, 0, 41, 60.00
2026/09/14 16:15:38.632, 13.04, 210, 0, 41, 60.00
2026/09/14 16:15:38.649, 13.04, 210, 1, 41, 60.00
2026/09/14 16:15:38.664, 13.04, 210, 1, 41, 60.00
2026/09/14 16:15:38.680, 13.04, 210, 1, 41, 60.00
2026/09/14 16:15:38.695, 13.04, 210, 1, 41, 60.00
2026/09/14 16:15:38.711, 13.04, 210, 1, 41, 60.00
2026/09/14 16:15:38.726, 13.04, 210, 1, 41, 60.00
2026/09/14 16:15:38.742, 13.04, 210, 1, 41, 60.00
2026/09/14 16:15:38.758, 13.04, 210, 1, 41, 60.00
2026/09/14 16:15:38.773, 13.04, 210, 1, 41, 60.00
2026/09/14 16:15:38.789, 13.04, 210, 1, 41, 60.00
2026/09/14 16:15:38.804, 13.04, 210, 1, 41, 60.00
2026/09/14 16:15:38.819, 13.04, 210, 1, 41, 60.00
2026/09/14 16:15:38.835, 12.97, 210, 0, 41, 60.00
2026/09/14 16:15:38.851, 12.97, 210, 0, 41, 60.00
2026/09/14 16:15:38.867, 12.97, 210, 0, 41, 60.00
2026/09/14 16:15:38.882, 12.97, 210, 0, 41, 60.00
2026/09/14 16:15:38.898, 12.97, 210, 0, 41, 60.00
2026/09/14 16:15:38.914, 12.97, 210, 0, 41, 60.00
2026/09/14 16:15:38.930, 12.97, 210, 0, 41, 60.00
2026/09/14 16:15:38.945, 12.96, 210, 0, 41, 60.00
2026/09/14 16:15:38.960, 12.96, 210, 0, 41, 60.00
2026/09/14 16:15:38.976, 12.96, 210, 0, 41, 60.00
2026/09/14 16:15:38.992, 12.96, 210, 0, 41, 60.00
2026/09/14 16:15:39.008, 12.96, 210, 0, 41, 60.00
2026/09/14 16:15:39.038, 12.97, 210, 2, 41, 60.00
2026/09/14 16:15:39.070, 12.97, 210, 2, 41, 60.00
2026/09/14 16:15:39.086, 12.97, 210, 2, 41, 60.00
2026/09/14 16:15:39.102, 12.97, 210, 2, 41, 60.00
2026/09/14 16:15:39.117, 12.97, 210, 2, 41, 60.00
2026/09/14 16:15:39.133, 12.97, 210, 2, 41, 60.00
2026/09/14 16:15:39.148, 12.97, 210, 2, 41, 60.00
2026/09/14 16:15:39.163, 12.97, 210, 2, 41, 60.00
2026/09/14 16:15:39.179, 12.97, 210, 2, 41, 60.00
2026/09/14 16:15:39.194, 12.97, 210, 2, 41, 60.00
2026/09/14 16:15:39.210, 12.97, 210, 2, 41, 60.00
2026/09/14 16:15:39.225, 12.97, 210, 2, 41, 60.00
2026/09/14 16:15:39.241, 12.94, 210, 1, 41, 60.00
2026/09/14 16:15:39.256, 12.94, 210, 1, 41, 60.00
2026/09/14 16:15:39.271, 12.94, 210, 1, 41, 60.00
2026/09/14 16:15:39.287, 12.94, 210, 1, 41, 60.00
2026/09/14 16:15:39.303, 12.94, 210, 1, 41, 60.00
2026/09/14 16:15:39.319, 12.94, 210, 1, 41, 60.00
2026/09/14 16:15:39.334, 12.95, 210, 1, 41, 60.00
2026/09/14 16:15:39.350, 12.95, 210, 1, 41, 60.00
2026/09/14 16:15:39.365, 12.95, 210, 1, 41, 60.00
2026/09/14 16:15:39.381, 12.95, 210, 1, 41, 60.00
2026/09/14 16:15:39.397, 12.95, 210, 1, 41, 60.00
2026/09/14 16:15:39.412, 12.95, 210, 1, 41, 60.00
2026/09/14 16:15:39.428, 12.95, 210, 1, 41, 60.00
2026/09/14 16:15:39.444, 12.96, 210, 0, 41, 60.00
2026/09/14 16:15:39.460, 12.96, 210, 0, 41, 60.00
2026/09/14 16:15:39.491, 12.96, 210, 0, 41, 60.00
2026/09/14 16:15:39.506, 12.96, 210, 0, 41, 60.00
2026/09/14 16:15:39.522, 12.96, 210, 0, 41, 60.00
2026/09/14 16:15:39.538, 12.98, 210, 0, 41, 60.00
2026/09/14 16:15:39.553, 12.98, 210, 0, 41, 60.00
2026/09/14 16:15:39.569, 12.98, 210, 0, 41, 60.00
2026/09/14 16:15:39.585, 12.98, 210, 0, 41, 60.00
2026/09/14 16:15:39.601, 12.98, 210, 0, 41, 60.00
2026/09/14 16:15:39.616, 12.98, 210, 0, 41, 60.00
2026/09/14 16:15:39.632, 12.94, 210, 1, 41, 60.00
2026/09/14 16:15:39.647, 12.94, 210, 1, 41, 60.00
2026/09/14 16:15:39.663, 12.94, 210, 1, 41, 60.00
2026/09/14 16:15:39.679, 12.94, 210, 1, 41, 60.00
2026/09/14 16:15:39.694, 12.94, 210, 1, 41, 60.00
2026/09/14 16:15:39.709, 12.94, 210, 1, 41, 60.00
2026/09/14 16:15:39.725, 12.94, 210, 1, 41, 60.00
2026/09/14 16:15:39.740, 12.94, 210, 1, 41, 60.00
2026/09/14 16:15:39.756, 12.94, 210, 1, 41, 60.00
2026/09/14 16:15:39.772, 12.94, 210, 1, 41, 60.00
2026/09/14 16:15:39.788, 12.94, 210, 1, 41, 60.00
2026/09/14 16:15:39.803, 12.94, 210, 1, 41, 60.00
2026/09/14 16:15:39.819, 12.94, 210, 1, 41, 60.00
2026/09/14 16:15:39.835, 12.92, 210, 0, 41, 60.00
2026/09/14 16:15:39.850, 12.92, 210, 0, 41, 60.00
2026/09/14 16:15:39.866, 12.92, 210, 0, 41, 60.00
2026/09/14 16:15:39.882, 12.92, 210, 0, 41, 60.00
2026/09/14 16:15:39.898, 12.92, 210, 0, 41, 60.00
2026/09/14 16:15:39.913, 12.92, 210, 0, 41, 60.00
2026/09/14 16:15:39.945, 12.97, 210, 0, 41, 60.00
2026/09/14 16:15:39.961, 12.97, 210, 0, 41, 60.00
2026/09/14 16:15:39.977, 12.97, 210, 0, 41, 60.00
2026/09/14 16:15:39.992, 12.97, 210, 0, 41, 60.00
2026/09/14 16:15:40.008, 12.97, 210, 0, 41, 60.00
2026/09/14 16:15:40.024, 12.97, 210, 0, 41, 60.00
2026/09/14 16:15:40.040, 12.97, 210, 2, 41, 60.00
2026/09/14 16:15:40.056, 12.97, 210, 2, 41, 60.00
2026/09/14 16:15:40.071, 12.97, 210, 2, 41, 60.00
2026/09/14 16:15:40.087, 12.97, 210, 2, 41, 60.00
2026/09/14 16:15:40.103, 12.97, 210, 2, 41, 60.00
2026/09/14 16:15:40.118, 12.97, 210, 2, 41, 60.00
2026/09/14 16:15:40.134, 13.00, 210, 2, 41, 60.00
2026/09/14 16:15:40.149, 13.00, 210, 2, 41, 60.00
2026/09/14 16:15:40.165, 13.00, 210, 2, 41, 60.00
2026/09/14 16:15:40.181, 13.00, 210, 2, 41, 60.00
2026/09/14 16:15:40.196, 13.00, 210, 2, 41, 60.00
2026/09/14 16:15:40.212, 13.00, 210, 2, 41, 60.00
2026/09/14 16:15:40.227, 13.00, 210, 2, 41, 60.00
2026/09/14 16:15:40.243, 13.07, 210, 3, 41, 60.00
2026/09/14 16:15:40.258, 13.07, 210, 3, 41, 60.00
2026/09/14 16:15:40.273, 13.07, 210, 3, 41, 60.00
2026/09/14 16:15:40.289, 13.07, 210, 3, 41, 60.00
2026/09/14 16:15:40.305, 13.07, 210, 3, 41, 60.00
2026/09/14 16:15:40.321, 13.07, 210, 3, 41, 60.00
2026/09/14 16:15:40.337, 13.15, 210, 3, 41, 60.00
2026/09/14 16:15:40.353, 13.15, 210, 3, 41, 60.00
2026/09/14 16:15:40.369, 13.15, 210, 3, 41, 60.00
2026/09/14 16:15:40.400, 13.15, 210, 3, 41, 60.00
2026/09/14 16:15:40.416, 13.15, 210, 3, 41, 60.00
2026/09/14 16:15:40.432, 13.15, 210, 3, 41, 60.00
2026/09/14 16:15:40.448, 13.23, 210, 1, 41, 60.00
2026/09/14 16:15:40.463, 13.23, 210, 1, 41, 60.00
2026/09/14 16:15:40.479, 13.23, 210, 1, 41, 60.00
2026/09/14 16:15:40.494, 13.23, 210, 1, 41, 60.00
2026/09/14 16:15:40.510, 13.23, 210, 1, 41, 60.00
2026/09/14 16:15:40.526, 13.23, 210, 1, 41, 60.00
2026/09/14 16:15:40.542, 13.24, 210, 1, 41, 60.00
2026/09/14 16:15:40.558, 13.24, 210, 1, 41, 60.00
2026/09/14 16:15:40.574, 13.24, 210, 1, 41, 60.00
2026/09/14 16:15:40.590, 13.24, 210, 1, 41, 60.00
2026/09/14 16:15:40.606, 13.24, 210, 1, 41, 60.00
2026/09/14 16:15:40.621, 13.24, 210, 1, 41, 60.00
2026/09/14 16:15:40.636, 13.27, 210, 1, 41, 60.00
2026/09/14 16:15:40.653, 13.27, 210, 1, 41, 60.00
2026/09/14 16:15:40.669, 13.27, 210, 1, 41, 60.00
2026/09/14 16:15:40.685, 13.27, 210, 1, 41, 60.00
2026/09/14 16:15:40.702, 13.27, 210, 1, 41, 60.00
2026/09/14 16:15:40.717, 13.27, 210, 1, 41, 60.00
2026/09/14 16:15:40.733, 13.31, 210, 1, 41, 60.00
2026/09/14 16:15:40.749, 13.31, 210, 1, 41, 60.00
2026/09/14 16:15:40.764, 13.31, 210, 1, 41, 60.00
2026/09/14 16:15:40.780, 13.31, 210, 1, 41, 60.00
2026/09/14 16:15:40.797, 13.31, 210, 1, 41, 60.00
2026/09/14 16:15:40.813, 13.31, 210, 1, 41, 60.00
2026/09/14 16:15:40.827, 13.31, 210, 1, 41, 60.00
2026/09/14 16:15:40.858, 13.31, 210, 1, 41, 60.00
2026/09/14 16:15:40.874, 13.31, 210, 1, 41, 60.00
2026/09/14 16:15:40.890, 13.31, 210, 1, 41, 60.00
2026/09/14 16:15:40.905, 13.31, 210, 1, 41, 60.00
2026/09/14 16:15:40.920, 13.31, 210, 1, 41, 60.00
2026/09/14 16:15:40.936, 13.31, 210, 1, 41, 60.00
2026/09/14 16:15:40.951, 13.41, 210, 1, 41, 60.00
2026/09/14 16:15:40.967, 13.41, 210, 1, 41, 60.00
2026/09/14 16:15:40.982, 13.41, 210, 1, 41, 60.00
2026/09/14 16:15:40.997, 13.41, 210, 1, 41, 60.00
2026/09/14 16:15:41.013, 13.41, 210, 1, 41, 60.00
2026/09/14 16:15:41.029, 13.41, 210, 1, 41, 60.00
2026/09/14 16:15:41.044, 13.37, 210, 1, 41, 60.00
2026/09/14 16:15:41.059, 13.37, 210, 1, 41, 60.00
2026/09/14 16:15:41.075, 13.37, 210, 1, 41, 60.00
2026/09/14 16:15:41.090, 13.37, 210, 1, 41, 60.00
2026/09/14 16:15:41.105, 13.37, 210, 1, 41, 60.00
2026/09/14 16:15:41.121, 13.37, 210, 1, 41, 60.00
2026/09/14 16:15:41.137, 13.34, 210, 1, 41, 60.00
2026/09/14 16:15:41.152, 13.34, 210, 1, 41, 60.00
2026/09/14 16:15:41.167, 13.34, 210, 1, 41, 60.00
2026/09/14 16:15:41.182, 13.34, 210, 1, 41, 60.00
2026/09/14 16:15:41.198, 13.34, 210, 1, 41, 60.00
2026/09/14 16:15:41.214, 13.34, 210, 1, 41, 60.00
2026/09/14 16:15:41.230, 13.27, 210, 1, 41, 60.00
2026/09/14 16:15:41.246, 13.27, 210, 0, 41, 60.00
2026/09/14 16:15:41.261, 13.27, 210, 0, 41, 60.00
2026/09/14 16:15:41.277, 13.27, 210, 0, 41, 60.00
2026/09/14 16:15:41.308, 13.27, 210, 0, 41, 60.00
2026/09/14 16:15:41.324, 13.27, 210, 0, 41, 60.00
2026/09/14 16:15:41.340, 13.24, 210, 0, 41, 60.00
2026/09/14 16:15:41.355, 13.24, 210, 0, 41, 60.00
2026/09/14 16:15:41.372, 13.24, 210, 0, 41, 60.00
2026/09/14 16:15:41.403, 13.24, 210, 0, 41, 60.00
2026/09/14 16:15:41.418, 13.24, 210, 0, 41, 60.00
2026/09/14 16:15:41.434, 13.25, 210, 2, 41, 60.00
2026/09/14 16:15:41.449, 13.25, 210, 2, 41, 60.00
2026/09/14 16:15:41.464, 13.25, 210, 2, 41, 60.00
2026/09/14 16:15:41.480, 13.25, 210, 2, 41, 60.00
2026/09/14 16:15:41.495, 13.25, 210, 2, 41, 60.00
2026/09/14 16:15:41.510, 13.25, 210, 2, 41, 60.00
2026/09/14 16:15:41.526, 13.25, 210, 2, 41, 60.00
2026/09/14 16:15:41.543, 13.18, 210, 2, 41, 60.00
2026/09/14 16:15:41.558, 13.18, 210, 2, 41, 60.00
2026/09/14 16:15:41.574, 13.18, 210, 2, 41, 60.00
2026/09/14 16:15:41.590, 13.18, 210, 2, 41, 60.00
2026/09/14 16:15:41.605, 13.18, 210, 2, 41, 60.00
2026/09/14 16:15:41.621, 13.18, 210, 2, 41, 60.00
2026/09/14 16:15:41.637, 13.13, 210, 0, 41, 60.00
2026/09/14 16:15:41.651, 13.13, 210, 0, 41, 60.00
2026/09/14 16:15:41.667, 13.13, 210, 0, 41, 60.00
2026/09/14 16:15:41.683, 13.13, 210, 0, 41, 60.00
2026/09/14 16:15:41.698, 13.13, 210, 0, 41, 60.00
2026/09/14 16:15:41.714, 13.13, 210, 0, 41, 60.00
2026/09/14 16:15:41.730, 13.09, 210, 0, 41, 60.00
2026/09/14 16:15:41.761, 13.09, 210, 0, 41, 60.00
2026/09/14 16:15:41.776, 13.09, 210, 0, 41, 60.00
2026/09/14 16:15:41.791, 13.09, 210, 0, 41, 60.00
2026/09/14 16:15:41.807, 13.09, 210, 0, 41, 60.00
2026/09/14 16:15:41.823, 13.09, 210, 0, 41, 60.00
2026/09/14 16:15:41.838, 13.06, 210, 1, 41, 60.00
2026/09/14 16:15:41.853, 13.06, 210, 1, 41, 60.00
2026/09/14 16:15:41.869, 13.06, 210, 1, 41, 60.00
2026/09/14 16:15:41.885, 13.06, 210, 1, 41, 60.00
2026/09/14 16:15:41.901, 13.06, 210, 1, 41, 60.00
2026/09/14 16:15:41.917, 13.06, 210, 1, 41, 60.00
2026/09/14 16:15:41.932, 13.09, 210, 1, 41, 60.00
2026/09/14 16:15:41.948, 13.09, 210, 1, 41, 60.00
2026/09/14 16:15:41.964, 13.09, 210, 1, 41, 60.00
2026/09/14 16:15:41.979, 13.09, 210, 1, 41, 60.00
2026/09/14 16:15:41.994, 13.09, 210, 1, 41, 60.00
2026/09/14 16:15:42.009, 13.09, 210, 1, 41, 60.00
2026/09/14 16:15:42.025, 13.09, 210, 1, 41, 60.00
2026/09/14 16:15:42.041, 13.08, 210, 2, 41, 60.00
2026/09/14 16:15:42.057, 13.08, 210, 2, 41, 60.00
2026/09/14 16:15:42.072, 13.08, 210, 2, 41, 60.00
2026/09/14 16:15:42.087, 13.08, 210, 2, 41, 60.00
2026/09/14 16:15:42.102, 13.08, 210, 2, 41, 60.00
2026/09/14 16:15:42.117, 13.08, 210, 2, 41, 60.00
2026/09/14 16:15:42.133, 13.09, 210, 2, 41, 60.00
2026/09/14 16:15:42.148, 13.09, 210, 2, 41, 60.00
2026/09/14 16:15:42.164, 13.09, 210, 2, 41, 60.00
2026/09/14 16:15:42.180, 13.09, 210, 2, 41, 60.00
2026/09/14 16:15:42.211, 13.09, 210, 2, 41, 60.00
2026/09/14 16:15:42.226, 13.09, 210, 2, 41, 60.00
2026/09/14 16:15:42.241, 13.09, 210, 0, 41, 60.00
2026/09/14 16:15:42.257, 13.09, 210, 0, 41, 60.00
2026/09/14 16:15:42.274, 13.09, 210, 0, 41, 60.00
2026/09/14 16:15:42.289, 13.09, 210, 0, 41, 60.00
2026/09/14 16:15:42.305, 13.09, 210, 0, 41, 60.00
2026/09/14 16:15:42.321, 13.09, 210, 0, 41, 60.00
2026/09/14 16:15:42.336, 13.10, 210, 0, 41, 60.00
2026/09/14 16:15:42.351, 13.10, 210, 0, 41, 60.00
2026/09/14 16:15:42.368, 13.10, 210, 0, 41, 60.00
2026/09/14 16:15:42.384, 13.10, 210, 0, 41, 60.00
2026/09/14 16:15:42.399, 13.10, 210, 0, 41, 60.00
2026/09/14 16:15:42.415, 13.10, 210, 0, 41, 60.00
2026/09/14 16:15:42.430, 13.11, 210, 0, 41, 60.00
2026/09/14 16:15:42.447, 13.11, 210, 1, 41, 60.00
2026/09/14 16:15:42.462, 13.11, 210, 1, 41, 60.00
2026/09/14 16:15:42.478, 13.11, 210, 1, 41, 60.00
2026/09/14 16:15:42.494, 13.11, 210, 1, 41, 60.00
2026/09/14 16:15:42.509, 13.11, 210, 1, 41, 60.00
2026/09/14 16:15:42.524, 13.11, 210, 1, 41, 60.00
2026/09/14 16:15:42.541, 13.05, 210, 1, 41, 60.00
2026/09/14 16:15:42.557, 13.05, 210, 1, 41, 60.00
2026/09/14 16:15:42.573, 13.05, 210, 1, 41, 60.00
2026/09/14 16:15:42.589, 13.05, 210, 1, 41, 60.00
2026/09/14 16:15:42.604, 13.05, 210, 1, 41, 60.00
2026/09/14 16:15:42.620, 13.05, 210, 1, 41, 60.00
2026/09/14 16:15:42.636, 13.09, 210, 1, 41, 60.00
2026/09/14 16:15:42.668, 13.09, 210, 1, 41, 60.00
2026/09/14 16:15:42.684, 13.09, 210, 1, 41, 60.00
2026/09/14 16:15:42.699, 13.09, 210, 1, 41, 60.00
2026/09/14 16:15:42.716, 13.09, 210, 1, 41, 60.00
2026/09/14 16:15:42.732, 13.12, 210, 1, 41, 60.00
2026/09/14 16:15:42.748, 13.12, 210, 1, 41, 60.00
2026/09/14 16:15:42.763, 13.12, 210, 1, 41, 60.00
2026/09/14 16:15:42.780, 13.12, 210, 1, 41, 60.00
2026/09/14 16:15:42.795, 13.12, 210, 1, 41, 60.00
2026/09/14 16:15:42.811, 13.12, 210, 1, 41, 60.00
2026/09/14 16:15:42.827, 13.12, 210, 1, 41, 60.00
2026/09/14 16:15:42.842, 13.11, 210, 0, 41, 60.00
2026/09/14 16:15:42.858, 13.11, 210, 0, 41, 60.00
2026/09/14 16:15:42.873, 13.11, 210, 0, 41, 60.00
2026/09/14 16:15:42.889, 13.11, 210, 0, 41, 60.00
2026/09/14 16:15:42.905, 13.11, 210, 0, 41, 60.00
2026/09/14 16:15:42.920, 13.11, 210, 0, 41, 60.00
2026/09/14 16:15:42.936, 13.10, 210, 0, 41, 60.00
2026/09/14 16:15:42.951, 13.10, 210, 0, 41, 60.00
2026/09/14 16:15:42.966, 13.10, 210, 0, 41, 60.00
2026/09/14 16:15:42.983, 13.10, 210, 0, 41, 60.00
2026/09/14 16:15:42.998, 13.10, 210, 0, 41, 60.00
2026/09/14 16:15:43.013, 13.10, 210, 0, 41, 60.00
2026/09/14 16:15:43.029, 13.12, 210, 0, 41, 60.00
2026/09/14 16:15:43.045, 13.12, 210, 2, 41, 60.00
2026/09/14 16:15:43.060, 13.12, 210, 2, 41, 60.00
2026/09/14 16:15:43.076, 13.12, 210, 2, 41, 60.00
2026/09/14 16:15:43.092, 13.12, 210, 2, 41, 60.00
2026/09/14 16:15:43.122, 13.12, 210, 2, 41, 60.00
2026/09/14 16:15:43.138, 13.06, 210, 2, 41, 60.00
2026/09/14 16:15:43.153, 13.06, 210, 2, 41, 60.00
2026/09/14 16:15:43.169, 13.06, 210, 2, 41, 60.00
2026/09/14 16:15:43.185, 13.06, 210, 2, 41, 60.00
2026/09/14 16:15:43.201, 13.06, 210, 2, 41, 60.00
2026/09/14 16:15:43.217, 13.06, 210, 2, 41, 60.00
2026/09/14 16:15:43.233, 13.05, 210, 0, 41, 60.00
2026/09/14 16:15:43.248, 13.05, 210, 0, 41, 60.00
2026/09/14 16:15:43.264, 13.05, 210, 0, 41, 60.00
2026/09/14 16:15:43.295, 13.05, 210, 0, 41, 60.00
2026/09/14 16:15:43.310, 13.05, 210, 0, 41, 60.00
2026/09/14 16:15:43.326, 13.05, 210, 0, 41, 60.00
2026/09/14 16:15:43.341, 13.08, 210, 0, 41, 60.00
2026/09/14 16:15:43.357, 13.08, 210, 0, 41, 60.00
2026/09/14 16:15:43.372, 13.08, 210, 0, 41, 60.00
2026/09/14 16:15:43.388, 13.08, 210, 0, 41, 60.00
2026/09/14 16:15:43.404, 13.08, 210, 0, 41, 60.00
2026/09/14 16:15:43.419, 13.08, 210, 0, 41, 60.00
2026/09/14 16:15:43.435, 13.09, 210, 1, 41, 60.00
2026/09/14 16:15:43.450, 13.09, 210, 1, 41, 60.00
2026/09/14 16:15:43.467, 13.09, 210, 1, 41, 60.00
2026/09/14 16:15:43.482, 13.09, 210, 1, 41, 60.00
2026/09/14 16:15:43.497, 13.09, 210, 1, 41, 60.00
2026/09/14 16:15:43.512, 13.09, 210, 1, 41, 60.00
2026/09/14 16:15:43.528, 13.06, 210, 1, 41, 60.00
2026/09/14 16:15:43.543, 13.06, 210, 1, 41, 60.00
2026/09/14 16:15:43.574, 13.06, 210, 1, 41, 60.00
2026/09/14 16:15:43.589, 13.06, 210, 1, 41, 60.00
2026/09/14 16:15:43.605, 13.06, 210, 1, 41, 60.00
2026/09/14 16:15:43.621, 13.06, 210, 1, 41, 60.00
2026/09/14 16:15:43.637, 13.07, 210, 1, 41, 60.00
2026/09/14 16:15:43.653, 13.07, 210, 1, 41, 60.00
2026/09/14 16:15:43.668, 13.07, 210, 1, 41, 60.00
2026/09/14 16:15:43.684, 13.07, 210, 1, 41, 60.00
2026/09/14 16:15:43.699, 13.07, 210, 1, 41, 60.00
2026/09/14 16:15:43.714, 13.07, 210, 1, 41, 60.00
2026/09/14 16:15:43.730, 13.04, 210, 1, 41, 60.00
2026/09/14 16:15:43.746, 13.04, 210, 1, 41, 60.00
2026/09/14 16:15:43.761, 13.04, 210, 1, 41, 60.00
2026/09/14 16:15:43.777, 13.04, 210, 1, 41, 60.00
2026/09/14 16:15:43.792, 13.04, 210, 1, 41, 60.00
2026/09/14 16:15:43.808, 13.04, 210, 1, 41, 60.00
2026/09/14 16:15:43.824, 13.04, 210, 1, 41, 60.00
2026/09/14 16:15:43.840, 12.99, 210, 1, 41, 60.00
2026/09/14 16:15:43.871, 12.99, 210, 1, 41, 60.00
2026/09/14 16:15:43.886, 12.99, 210, 1, 41, 60.00
2026/09/14 16:15:43.902, 12.99, 210, 1, 41, 60.00
2026/09/14 16:15:43.917, 12.99, 210, 1, 41, 60.00
2026/09/14 16:15:43.934, 13.04, 210, 1, 41, 60.00
2026/09/14 16:15:43.949, 13.04, 210, 1, 41, 60.00
2026/09/14 16:15:43.964, 13.04, 210, 1, 41, 60.00
2026/09/14 16:15:43.979, 13.04, 210, 1, 41, 60.00
2026/09/14 16:15:43.995, 13.04, 210, 1, 41, 60.00
2026/09/14 16:15:44.026, 13.04, 210, 1, 41, 60.00
2026/09/14 16:15:44.041, 13.04, 210, 2, 41, 60.00
2026/09/14 16:15:44.057, 13.04, 210, 2, 41, 60.00
2026/09/14 16:15:44.073, 13.04, 210, 2, 41, 60.00
2026/09/14 16:15:44.089, 13.04, 210, 2, 41, 60.00
2026/09/14 16:15:44.104, 13.04, 210, 2, 41, 60.00
2026/09/14 16:15:44.121, 13.04, 210, 2, 41, 60.00
2026/09/14 16:15:44.137, 12.99, 210, 2, 41, 60.00
2026/09/14 16:15:44.153, 12.99, 210, 2, 41, 60.00
2026/09/14 16:15:44.168, 12.99, 210, 2, 41, 60.00
2026/09/14 16:15:44.183, 12.99, 210, 2, 41, 60.00
2026/09/14 16:15:44.199, 12.99, 210, 2, 41, 60.00
2026/09/14 16:15:44.214, 12.99, 210, 2, 41, 60.00
2026/09/14 16:15:44.229, 12.96, 210, 2, 41, 60.00
2026/09/14 16:15:44.245, 12.96, 210, 0, 41, 60.00
2026/09/14 16:15:44.260, 12.96, 210, 0, 41, 60.00
2026/09/14 16:15:44.275, 12.96, 210, 0, 41, 60.00
2026/09/14 16:15:44.292, 12.96, 210, 0, 41, 60.00
2026/09/14 16:15:44.307, 12.96, 210, 0, 41, 60.00
2026/09/14 16:15:44.322, 12.96, 210, 0, 41, 60.00
2026/09/14 16:15:44.338, 12.94, 210, 0, 41, 60.00
2026/09/14 16:15:44.353, 12.94, 210, 0, 41, 60.00
2026/09/14 16:15:44.369, 12.94, 210, 0, 41, 60.00
2026/09/14 16:15:44.385, 12.94, 210, 0, 41, 60.00
2026/09/14 16:15:44.400, 12.94, 210, 0, 41, 60.00
2026/09/14 16:15:44.415, 12.94, 210, 0, 41, 60.00
2026/09/14 16:15:44.430, 12.88, 210, 0, 41, 60.00
2026/09/14 16:15:44.445, 12.88, 210, 0, 41, 60.00
2026/09/14 16:15:44.460, 12.88, 210, 0, 40, 60.00
2026/09/14 16:15:44.492, 12.88, 210, 0, 40, 60.00
2026/09/14 16:15:44.508, 12.88, 210, 0, 40, 60.00
2026/09/14 16:15:44.523, 12.88, 210, 0, 40, 60.00
2026/09/14 16:15:44.540, 12.87, 210, 0, 40, 60.00
2026/09/14 16:15:44.555, 12.87, 210, 0, 40, 60.00
2026/09/14 16:15:44.570, 12.87, 210, 0, 40, 60.00
2026/09/14 16:15:44.587, 12.87, 210, 0, 40, 60.00
2026/09/14 16:15:44.603, 12.87, 210, 0, 40, 60.00
2026/09/14 16:15:44.619, 12.87, 210, 0, 40, 60.00
2026/09/14 16:15:44.634, 12.86, 210, 1, 40, 60.00
2026/09/14 16:15:44.649, 12.86, 210, 1, 40, 60.00
2026/09/14 16:15:44.665, 12.86, 210, 1, 40, 60.00
2026/09/14 16:15:44.680, 12.86, 210, 1, 40, 60.00
2026/09/14 16:15:44.696, 12.86, 210, 1, 40, 60.00
2026/09/14 16:15:44.711, 12.86, 210, 1, 40, 60.00
2026/09/14 16:15:44.726, 12.86, 210, 1, 40, 60.00
2026/09/14 16:15:44.742, 12.84, 210, 1, 40, 60.00
2026/09/14 16:15:44.757, 12.84, 210, 1, 40, 60.00
2026/09/14 16:15:44.772, 12.84, 210, 1, 40, 60.00
2026/09/14 16:15:44.788, 12.84, 210, 1, 40, 60.00
2026/09/14 16:15:44.803, 12.84, 210, 1, 40, 60.00
2026/09/14 16:15:44.818, 12.84, 210, 1, 40, 60.00
2026/09/14 16:15:44.835, 12.83, 210, 0, 40, 60.00
2026/09/14 16:15:44.850, 12.83, 210, 0, 40, 60.00
2026/09/14 16:15:44.866, 12.83, 210, 0, 40, 60.00
2026/09/14 16:15:44.881, 12.83, 210, 0, 40, 60.00
2026/09/14 16:15:44.896, 12.83, 210, 0, 40, 60.00
2026/09/14 16:15:44.912, 12.83, 210, 0, 41, 60.00
2026/09/14 16:15:44.944, 12.85, 210, 0, 41, 60.00
2026/09/14 16:15:44.959, 12.85, 210, 0, 41, 60.00
2026/09/14 16:15:44.974, 12.85, 210, 0, 41, 60.00
2026/09/14 16:15:44.990, 12.85, 210, 0, 41, 60.00
2026/09/14 16:15:45.005, 12.85, 210, 0, 41, 60.00
2026/09/14 16:15:45.020, 12.85, 210, 0, 41, 60.00
2026/09/14 16:15:45.035, 12.91, 210, 2, 41, 60.00
2026/09/14 16:15:45.051, 12.91, 210, 2, 41, 60.00
2026/09/14 16:15:45.067, 12.91, 210, 2, 41, 60.00
2026/09/14 16:15:45.082, 12.91, 210, 2, 41, 60.00
2026/09/14 16:15:45.098, 12.91, 210, 2, 41, 60.00
2026/09/14 16:15:45.113, 12.91, 210, 2, 41, 60.00
2026/09/14 16:15:45.146, 12.91, 210, 2, 41, 60.00
2026/09/14 16:15:45.162, 12.91, 210, 2, 41, 60.00
2026/09/14 16:15:45.177, 12.91, 210, 2, 41, 60.00
2026/09/14 16:15:45.194, 12.91, 210, 2, 41, 60.00
2026/09/14 16:15:45.209, 12.91, 210, 2, 41, 60.00
2026/09/14 16:15:45.226, 12.91, 210, 2, 41, 60.00
2026/09/14 16:15:45.242, 13.01, 210, 2, 41, 60.00
2026/09/14 16:15:45.257, 13.01, 210, 2, 41, 60.00
2026/09/14 16:15:45.273, 13.01, 210, 2, 41, 60.00
2026/09/14 16:15:45.289, 13.01, 210, 2, 41, 60.00
2026/09/14 16:15:45.304, 13.01, 210, 2, 41, 60.00
2026/09/14 16:15:45.319, 13.01, 210, 2, 41, 60.00
2026/09/14 16:15:45.335, 13.11, 210, 2, 41, 60.00
2026/09/14 16:15:45.351, 13.11, 210, 2, 41, 60.00
2026/09/14 16:15:45.366, 13.11, 210, 2, 41, 60.00
2026/09/14 16:15:45.397, 13.11, 210, 2, 41, 60.00
2026/09/14 16:15:45.412, 13.11, 210, 2, 41, 60.00
2026/09/14 16:15:45.428, 13.22, 210, 2, 41, 60.00
2026/09/14 16:15:45.443, 13.22, 210, 1, 41, 60.00
2026/09/14 16:15:45.459, 13.22, 210, 1, 41, 60.00
2026/09/14 16:15:45.474, 13.22, 210, 1, 41, 60.00
2026/09/14 16:15:45.489, 13.22, 210, 1, 41, 60.00
2026/09/14 16:15:45.505, 13.22, 210, 1, 41, 60.00
2026/09/14 16:15:45.521, 13.22, 210, 1, 41, 60.00
2026/09/14 16:15:45.537, 13.39, 210, 1, 41, 60.00
2026/09/14 16:15:45.552, 13.39, 210, 1, 41, 60.00
2026/09/14 16:15:45.567, 13.39, 210, 1, 41, 60.00
2026/09/14 16:15:45.582, 13.39, 210, 1, 41, 60.00
2026/09/14 16:15:45.597, 13.39, 210, 1, 41, 60.00
2026/09/14 16:15:45.613, 13.39, 210, 1, 41, 60.00
2026/09/14 16:15:45.628, 13.40, 210, 1, 41, 60.00
2026/09/14 16:15:45.644, 13.40, 210, 5, 41, 60.00
2026/09/14 16:15:45.658, 13.40, 210, 5, 41, 60.00
2026/09/14 16:15:45.674, 13.40, 210, 5, 41, 60.00
2026/09/14 16:15:45.690, 13.40, 210, 5, 41, 60.00
2026/09/14 16:15:45.705, 13.40, 210, 5, 41, 60.00
2026/09/14 16:15:45.721, 13.40, 210, 5, 41, 60.00
2026/09/14 16:15:45.736, 13.46, 210, 5, 41, 60.00
2026/09/14 16:15:45.752, 13.46, 210, 5, 41, 60.00
2026/09/14 16:15:45.768, 13.46, 210, 5, 41, 60.00
2026/09/14 16:15:45.784, 13.46, 210, 5, 41, 60.00
2026/09/14 16:15:45.799, 13.46, 210, 5, 41, 60.00
2026/09/14 16:15:45.815, 13.46, 210, 5, 41, 60.00
2026/09/14 16:15:45.831, 13.50, 210, 1, 41, 60.00
2026/09/14 16:15:45.863, 13.50, 210, 1, 41, 60.00
2026/09/14 16:15:45.878, 13.50, 210, 1, 41, 60.00
2026/09/14 16:15:45.894, 13.50, 210, 1, 41, 60.00
2026/09/14 16:15:45.909, 13.50, 210, 1, 41, 60.00
2026/09/14 16:15:45.925, 13.50, 210, 1, 41, 60.00
2026/09/14 16:15:45.941, 13.58, 210, 1, 41, 60.00
2026/09/14 16:15:45.956, 13.58, 210, 1, 41, 60.00
2026/09/14 16:15:45.972, 13.58, 210, 1, 41, 60.00
2026/09/14 16:15:45.988, 13.58, 210, 1, 41, 60.00
2026/09/14 16:15:46.004, 13.58, 210, 1, 41, 60.00
2026/09/14 16:15:46.020, 13.58, 210, 1, 41, 60.00
2026/09/14 16:15:46.035, 13.66, 210, 3, 41, 60.00
2026/09/14 16:15:46.051, 13.66, 210, 3, 41, 60.00
2026/09/14 16:15:46.067, 13.66, 210, 3, 41, 60.00
2026/09/14 16:15:46.082, 13.66, 210, 3, 41, 60.00
2026/09/14 16:15:46.097, 13.66, 210, 3, 41, 60.00
2026/09/14 16:15:46.113, 13.66, 210, 3, 41, 60.00
2026/09/14 16:15:46.129, 13.57, 210, 3, 41, 60.00
2026/09/14 16:15:46.145, 13.57, 210, 3, 41, 60.00
2026/09/14 16:15:46.160, 13.57, 210, 3, 41, 60.00
2026/09/14 16:15:46.176, 13.57, 210, 3, 41, 60.00
2026/09/14 16:15:46.192, 13.57, 210, 3, 41, 60.00
2026/09/14 16:15:46.207, 13.57, 210, 3, 41, 60.00
2026/09/14 16:15:46.223, 13.57, 210, 3, 41, 60.00
2026/09/14 16:15:46.238, 13.55, 210, 1, 41, 60.00
2026/09/14 16:15:46.254, 13.55, 210, 1, 41, 60.00
2026/09/14 16:15:46.270, 13.55, 210, 1, 41, 60.00
2026/09/14 16:15:46.287, 13.55, 210, 1, 41, 60.00
2026/09/14 16:15:46.320, 13.55, 210, 1, 41, 60.00
2026/09/14 16:15:46.335, 13.54, 210, 1, 41, 60.00
2026/09/14 16:15:46.351, 13.54, 210, 1, 41, 60.00
2026/09/14 16:15:46.366, 13.54, 210, 1, 41, 60.00
2026/09/14 16:15:46.382, 13.54, 210, 1, 41, 60.00
2026/09/14 16:15:46.398, 13.54, 210, 1, 41, 60.00
2026/09/14 16:15:46.413, 13.54, 210, 1, 41, 60.00
2026/09/14 16:15:46.429, 13.45, 210, 1, 41, 60.00
2026/09/14 16:15:46.445, 13.45, 210, 0, 41, 60.00
2026/09/14 16:15:46.460, 13.45, 210, 0, 41, 60.00
2026/09/14 16:15:46.476, 13.45, 210, 0, 41, 60.00
2026/09/14 16:15:46.492, 13.45, 210, 0, 41, 60.00
2026/09/14 16:15:46.507, 13.45, 210, 0, 41, 60.00
2026/09/14 16:15:46.523, 13.45, 210, 0, 41, 60.00
2026/09/14 16:15:46.539, 13.36, 210, 0, 41, 60.00
2026/09/14 16:15:46.555, 13.36, 210, 0, 41, 60.00
2026/09/14 16:15:46.571, 13.36, 210, 0, 41, 60.00
2026/09/14 16:15:46.586, 13.36, 210, 0, 41, 60.00
2026/09/14 16:15:46.602, 13.36, 210, 0, 41, 60.00
2026/09/14 16:15:46.617, 13.36, 210, 0, 41, 60.00
2026/09/14 16:15:46.633, 13.26, 210, 0, 41, 60.00
2026/09/14 16:15:46.649, 13.26, 210, 0, 41, 60.00
2026/09/14 16:15:46.664, 13.26, 210, 0, 41, 60.00
2026/09/14 16:15:46.680, 13.26, 210, 0, 41, 60.00
2026/09/14 16:15:46.696, 13.26, 210, 0, 41, 60.00
2026/09/14 16:15:46.710, 13.26, 210, 0, 41, 60.00
2026/09/14 16:15:46.726, 13.26, 210, 0, 41, 60.00
2026/09/14 16:15:46.742, 13.18, 210, 0, 41, 60.00
2026/09/14 16:15:46.774, 13.18, 210, 0, 41, 60.00
2026/09/14 16:15:46.789, 13.18, 210, 0, 41, 60.00
2026/09/14 16:15:46.805, 13.18, 210, 0, 41, 60.00
2026/09/14 16:15:46.821, 13.18, 210, 0, 41, 60.00
2026/09/14 16:15:46.836, 13.15, 210, 1, 41, 60.00
2026/09/14 16:15:46.852, 13.15, 210, 1, 41, 60.00
2026/09/14 16:15:46.867, 13.15, 210, 1, 41, 60.00
2026/09/14 16:15:46.882, 13.15, 210, 1, 41, 60.00
2026/09/14 16:15:46.897, 13.15, 210, 1, 41, 60.00
2026/09/14 16:15:46.913, 13.15, 210, 1, 41, 60.00
2026/09/14 16:15:46.928, 13.11, 210, 1, 41, 60.00
2026/09/14 16:15:46.943, 13.11, 210, 1, 41, 60.00
2026/09/14 16:15:46.959, 13.11, 210, 1, 41, 60.00
2026/09/14 16:15:46.975, 13.11, 210, 1, 41, 60.00
2026/09/14 16:15:46.990, 13.11, 210, 1, 41, 60.00
2026/09/14 16:15:47.006, 13.11, 210, 1, 41, 60.00
2026/09/14 16:15:47.022, 13.11, 210, 1, 41, 60.00
2026/09/14 16:15:47.038, 13.10, 210, 1, 41, 60.00
2026/09/14 16:15:47.054, 13.10, 210, 1, 41, 60.00
2026/09/14 16:15:47.071, 13.10, 210, 1, 41, 60.00
2026/09/14 16:15:47.087, 13.10, 210, 1, 41, 60.00
2026/09/14 16:15:47.102, 13.10, 210, 1, 41, 60.00
2026/09/14 16:15:47.118, 13.10, 210, 1, 41, 60.00
2026/09/14 16:15:47.133, 13.02, 210, 1, 41, 60.00
2026/09/14 16:15:47.149, 13.02, 210, 1, 41, 60.00
2026/09/14 16:15:47.165, 13.02, 210, 1, 41, 60.00
2026/09/14 16:15:47.180, 13.02, 210, 1, 41, 60.00
2026/09/14 16:15:47.196, 13.02, 210, 1, 41, 60.00
2026/09/14 16:15:47.228, 13.02, 210, 1, 41, 60.00
2026/09/14 16:15:47.243, 13.02, 210, 0, 41, 60.00
2026/09/14 16:15:47.259, 13.02, 210, 0, 41, 60.00
2026/09/14 16:15:47.274, 13.02, 210, 0, 41, 60.00
2026/09/14 16:15:47.289, 13.02, 210, 0, 41, 60.00
2026/09/14 16:15:47.305, 13.02, 210, 0, 41, 60.00
2026/09/14 16:15:47.321, 13.02, 210, 0, 41, 60.00
2026/09/14 16:15:47.336, 12.94, 210, 0, 41, 60.00
2026/09/14 16:15:47.352, 12.94, 210, 0, 41, 60.00
2026/09/14 16:15:47.368, 12.94, 210, 0, 41, 60.00
2026/09/14 16:15:47.384, 12.94, 210, 0, 41, 60.00
2026/09/14 16:15:47.400, 12.94, 210, 0, 41, 60.00
2026/09/14 16:15:47.416, 12.94, 210, 0, 41, 60.00
2026/09/14 16:15:47.431, 12.94, 210, 1, 41, 60.00
2026/09/14 16:15:47.447, 12.94, 210, 1, 41, 60.00
2026/09/14 16:15:47.463, 12.94, 210, 1, 41, 60.00
2026/09/14 16:15:47.477, 12.94, 210, 1, 41, 60.00
2026/09/14 16:15:47.493, 12.94, 210, 1, 41, 60.00
2026/09/14 16:15:47.508, 12.94, 210, 1, 41, 60.00
2026/09/14 16:15:47.524, 12.94, 210, 1, 41, 60.00
2026/09/14 16:15:47.540, 12.95, 210, 1, 41, 60.00
2026/09/14 16:15:47.556, 12.95, 210, 1, 41, 60.00
2026/09/14 16:15:47.571, 12.95, 210, 1, 41, 60.00
2026/09/14 16:15:47.586, 12.95, 210, 1, 41, 60.00
2026/09/14 16:15:47.602, 12.95, 210, 1, 41, 60.00
2026/09/14 16:15:47.618, 12.95, 210, 1, 41, 60.00
2026/09/14 16:15:47.634, 12.98, 210, 1, 41, 60.00
2026/09/14 16:15:47.650, 12.98, 210, 1, 41, 60.00
2026/09/14 16:15:47.682, 12.98, 210, 1, 41, 60.00
2026/09/14 16:15:47.698, 12.98, 210, 1, 41, 60.00
2026/09/14 16:15:47.713, 12.98, 210, 1, 41, 60.00
2026/09/14 16:15:47.729, 12.99, 210, 1, 41, 60.00
2026/09/14 16:15:47.744, 12.99, 210, 1, 41, 60.00
2026/09/14 16:15:47.760, 12.99, 210, 1, 41, 60.00
2026/09/14 16:15:47.774, 12.99, 210, 1, 41, 60.00
2026/09/14 16:15:47.791, 12.99, 210, 1, 41, 60.00
2026/09/14 16:15:47.807, 12.99, 210, 1, 41, 60.00
2026/09/14 16:15:47.822, 12.99, 210, 1, 41, 60.00
2026/09/14 16:15:47.837, 13.03, 210, 0, 41, 60.00
2026/09/14 16:15:47.853, 13.03, 210, 0, 41, 60.00
2026/09/14 16:15:47.869, 13.03, 210, 0, 41, 60.00
2026/09/14 16:15:47.884, 13.03, 210, 0, 41, 60.00
2026/09/14 16:15:47.899, 13.03, 210, 0, 41, 60.00
2026/09/14 16:15:47.914, 13.03, 210, 0, 41, 60.00
2026/09/14 16:15:47.929, 13.02, 210, 0, 41, 60.00
2026/09/14 16:15:47.944, 13.02, 210, 0, 41, 60.00
2026/09/14 16:15:47.960, 13.02, 210, 0, 41, 60.00
2026/09/14 16:15:47.977, 13.02, 210, 0, 41, 60.00
2026/09/14 16:15:47.992, 13.02, 210, 0, 41, 60.00
2026/09/14 16:15:48.007, 13.02, 210, 0, 41, 60.00
2026/09/14 16:15:48.023, 13.02, 210, 0, 41, 60.00
2026/09/14 16:15:48.039, 13.09, 210, 2, 41, 60.00
2026/09/14 16:15:48.055, 13.09, 210, 2, 41, 60.00
2026/09/14 16:15:48.070, 13.09, 210, 2, 41, 60.00
2026/09/14 16:15:48.085, 13.09, 210, 2, 41, 60.00
2026/09/14 16:15:48.101, 13.09, 210, 2, 41, 60.00
2026/09/14 16:15:48.133, 13.05, 210, 2, 41, 60.00
2026/09/14 16:15:48.148, 13.05, 210, 2, 41, 60.00
2026/09/14 16:15:48.163, 13.05, 210, 2, 41, 60.00
2026/09/14 16:15:48.179, 13.05, 210, 2, 41, 60.00
2026/09/14 16:15:48.195, 13.05, 210, 2, 41, 60.00
2026/09/14 16:15:48.210, 13.05, 210, 2, 41, 60.00
2026/09/14 16:15:48.226, 13.05, 210, 2, 41, 60.00
2026/09/14 16:15:48.242, 13.04, 210, 0, 41, 60.00
2026/09/14 16:15:48.257, 13.04, 210, 0, 41, 60.00
2026/09/14 16:15:48.273, 13.04, 210, 0, 41, 60.00
2026/09/14 16:15:48.288, 13.04, 210, 0, 41, 60.00
2026/09/14 16:15:48.303, 13.04, 210, 0, 41, 60.00
2026/09/14 16:15:48.319, 13.04, 210, 0, 41, 60.00
2026/09/14 16:15:48.335, 13.06, 210, 0, 41, 60.00
2026/09/14 16:15:48.350, 13.06, 210, 0, 41, 60.00
2026/09/14 16:15:48.366, 13.06, 210, 0, 41, 60.00
2026/09/14 16:15:48.382, 13.06, 210, 0, 41, 60.00
2026/09/14 16:15:48.397, 13.06, 210, 0, 41, 60.00
2026/09/14 16:15:48.412, 13.06, 210, 0, 41, 60.00
2026/09/14 16:15:48.428, 13.03, 210, 0, 41, 60.00
2026/09/14 16:15:48.444, 13.03, 210, 0, 41, 60.00
2026/09/14 16:15:48.460, 13.03, 210, 0, 41, 60.00
2026/09/14 16:15:48.475, 13.03, 210, 0, 41, 60.00
2026/09/14 16:15:48.491, 13.03, 210, 0, 41, 60.00
2026/09/14 16:15:48.507, 13.03, 210, 0, 41, 60.00
2026/09/14 16:15:48.523, 13.03, 210, 0, 41, 60.00
2026/09/14 16:15:48.538, 13.08, 210, 0, 41, 60.00
2026/09/14 16:15:48.554, 13.08, 210, 0, 41, 60.00
2026/09/14 16:15:48.585, 13.08, 210, 0, 41, 60.00
2026/09/14 16:15:48.601, 13.08, 210, 0, 41, 60.00
2026/09/14 16:15:48.617, 13.08, 210, 0, 41, 60.00
2026/09/14 16:15:48.632, 13.07, 210, 0, 41, 60.00
2026/09/14 16:15:48.648, 13.07, 210, 0, 41, 60.00
2026/09/14 16:15:48.664, 13.07, 210, 0, 41, 60.00
2026/09/14 16:15:48.679, 13.07, 210, 0, 41, 60.00
2026/09/14 16:15:48.694, 13.07, 210, 0, 41, 60.00
2026/09/14 16:15:48.710, 13.07, 210, 0, 41, 60.00
2026/09/14 16:15:48.725, 13.07, 210, 0, 41, 60.00
2026/09/14 16:15:48.741, 13.01, 210, 0, 41, 60.00
2026/09/14 16:15:48.756, 13.01, 210, 0, 41, 60.00
2026/09/14 16:15:48.771, 13.01, 210, 0, 41, 60.00
2026/09/14 16:15:48.787, 13.01, 210, 0, 41, 60.00
2026/09/14 16:15:48.802, 13.01, 210, 0, 41, 60.00
2026/09/14 16:15:48.817, 13.01, 210, 0, 41, 60.00
2026/09/14 16:15:48.833, 13.00, 210, 0, 41, 60.00
2026/09/14 16:15:48.848, 13.00, 210, 0, 41, 60.00
2026/09/14 16:15:48.864, 13.00, 210, 0, 41, 60.00
2026/09/14 16:15:48.879, 13.00, 210, 0, 41, 60.00
2026/09/14 16:15:48.895, 13.00, 210, 0, 41, 60.00
2026/09/14 16:15:48.911, 13.00, 210, 0, 41, 60.00
2026/09/14 16:15:48.927, 12.98, 210, 0, 41, 60.00
2026/09/14 16:15:48.942, 12.98, 210, 0, 41, 60.00
2026/09/14 16:15:48.958, 12.98, 210, 0, 41, 60.00
2026/09/14 16:15:48.974, 12.98, 210, 0, 41, 60.00
2026/09/14 16:15:48.989, 12.98, 210, 0, 41, 60.00
2026/09/14 16:15:49.005, 12.98, 210, 0, 40, 60.00
2026/09/14 16:15:49.036, 13.03, 210, 2, 40, 60.00
2026/09/14 16:15:49.052, 13.03, 210, 2, 40, 60.00
2026/09/14 16:15:49.067, 13.03, 210, 2, 40, 60.00
2026/09/14 16:15:49.082, 13.03, 210, 2, 40, 60.00
2026/09/14 16:15:49.098, 13.03, 210, 2, 40, 60.00
2026/09/14 16:15:49.114, 13.03, 210, 2, 40, 60.00
2026/09/14 16:15:49.129, 13.02, 210, 2, 40, 60.00
2026/09/14 16:15:49.145, 13.02, 210, 2, 40, 60.00
2026/09/14 16:15:49.161, 13.02, 210, 2, 40, 60.00
2026/09/14 16:15:49.177, 13.02, 210, 2, 40, 60.00
2026/09/14 16:15:49.193, 13.02, 210, 2, 40, 60.00
2026/09/14 16:15:49.208, 13.02, 210, 2, 40, 60.00
2026/09/14 16:15:49.224, 13.02, 210, 2, 40, 60.00
2026/09/14 16:15:49.239, 12.98, 210, 1, 40, 60.00
2026/09/14 16:15:49.256, 12.98, 210, 1, 40, 60.00
2026/09/14 16:15:49.271, 12.98, 210, 1, 40, 60.00
2026/09/14 16:15:49.287, 12.98, 210, 1, 40, 60.00
2026/09/14 16:15:49.303, 12.98, 210, 1, 40, 60.00
2026/09/14 16:15:49.319, 12.98, 210, 1, 40, 60.00
2026/09/14 16:15:49.335, 12.99, 210, 1, 40, 60.00
2026/09/14 16:15:49.351, 12.99, 210, 1, 40, 60.00
2026/09/14 16:15:49.367, 12.99, 210, 1, 40, 60.00
2026/09/14 16:15:49.382, 12.99, 210, 1, 40, 60.00
2026/09/14 16:15:49.398, 12.99, 210, 1, 40, 60.00
2026/09/14 16:15:49.413, 12.99, 210, 1, 40, 60.00
2026/09/14 16:15:49.428, 12.96, 210, 1, 40, 60.00
2026/09/14 16:15:49.444, 12.96, 210, 0, 40, 60.00
2026/09/14 16:15:49.459, 12.96, 210, 0, 40, 60.00
2026/09/14 16:15:49.490, 12.96, 210, 0, 40, 60.00
2026/09/14 16:15:49.506, 12.96, 210, 0, 40, 60.00
2026/09/14 16:15:49.522, 12.96, 210, 0, 40, 60.00
2026/09/14 16:15:49.537, 12.98, 210, 0, 40, 60.00
2026/09/14 16:15:49.553, 12.98, 210, 0, 40, 60.00
2026/09/14 16:15:49.568, 12.98, 210, 0, 40, 60.00
2026/09/14 16:15:49.584, 12.98, 210, 0, 40, 60.00
2026/09/14 16:15:49.599, 12.98, 210, 0, 40, 60.00
2026/09/14 16:15:49.616, 12.98, 210, 0, 40, 60.00
2026/09/14 16:15:49.631, 12.97, 210, 1, 40, 60.00
2026/09/14 16:15:49.661, 12.97, 210, 1, 40, 60.00
2026/09/14 16:15:49.677, 12.97, 210, 1, 40, 60.00
2026/09/14 16:15:49.692, 12.97, 210, 1, 40, 60.00
2026/09/14 16:15:49.708, 12.97, 210, 1, 40, 60.00
2026/09/14 16:15:49.724, 12.97, 210, 1, 40, 60.00
2026/09/14 16:15:49.740, 12.99, 210, 1, 40, 60.00
2026/09/14 16:15:49.756, 12.99, 210, 1, 40, 60.00
2026/09/14 16:15:49.772, 12.99, 210, 1, 40, 60.00
2026/09/14 16:15:49.788, 12.99, 210, 1, 40, 60.00
2026/09/14 16:15:49.804, 12.99, 210, 1, 40, 60.00
2026/09/14 16:15:49.819, 12.99, 210, 1, 40, 60.00
2026/09/14 16:15:49.835, 13.00, 210, 0, 40, 60.00
2026/09/14 16:15:49.851, 13.00, 210, 0, 40, 60.00
2026/09/14 16:15:49.866, 13.00, 210, 0, 40, 60.00
2026/09/14 16:15:49.881, 13.00, 210, 0, 40, 60.00
2026/09/14 16:15:49.897, 13.00, 210, 0, 40, 60.00
2026/09/14 16:15:49.912, 13.00, 210, 0, 41, 60.00
2026/09/14 16:15:49.944, 13.03, 210, 0, 41, 60.00
2026/09/14 16:15:49.959, 13.03, 210, 0, 41, 60.00
2026/09/14 16:15:49.975, 13.03, 210, 0, 41, 60.00
2026/09/14 16:15:49.991, 13.03, 210, 0, 41, 60.00
2026/09/14 16:15:50.007, 13.03, 210, 0, 41, 60.00
2026/09/14 16:15:50.022, 13.03, 210, 0, 41, 60.00
2026/09/14 16:15:50.038, 13.11, 210, 2, 41, 60.00
2026/09/14 16:15:50.054, 13.11, 210, 2, 41, 60.00
2026/09/14 16:15:50.069, 13.11, 210, 2, 41, 60.00
2026/09/14 16:15:50.085, 13.11, 210, 2, 41, 60.00
2026/09/14 16:15:50.101, 13.11, 210, 2, 41, 60.00
2026/09/14 16:15:50.115, 13.11, 210, 2, 41, 60.00
2026/09/14 16:15:50.131, 13.08, 210, 2, 41, 60.00
2026/09/14 16:15:50.147, 13.08, 210, 2, 41, 60.00
2026/09/14 16:15:50.163, 13.08, 210, 2, 41, 60.00
2026/09/14 16:15:50.179, 13.08, 210, 2, 41, 60.00
2026/09/14 16:15:50.195, 13.08, 210, 2, 41, 60.00
2026/09/14 16:15:50.211, 13.08, 210, 2, 41, 60.00
2026/09/14 16:15:50.227, 13.12, 210, 2, 41, 60.00
2026/09/14 16:15:50.243, 13.12, 210, 2, 41, 60.00
2026/09/14 16:15:50.259, 13.12, 210, 2, 41, 60.00
2026/09/14 16:15:50.274, 13.12, 210, 2, 41, 60.00
2026/09/14 16:15:50.290, 13.12, 210, 2, 41, 60.00
2026/09/14 16:15:50.305, 13.12, 210, 2, 41, 60.00
2026/09/14 16:15:50.321, 13.12, 210, 2, 41, 60.00
2026/09/14 16:15:50.337, 13.19, 210, 2, 41, 60.00
2026/09/14 16:15:50.353, 13.19, 210, 2, 41, 60.00
2026/09/14 16:15:50.368, 13.19, 210, 2, 40, 60.00
2026/09/14 16:15:50.399, 13.19, 210, 2, 40, 60.00
2026/09/14 16:15:50.415, 13.19, 210, 2, 40, 60.00
2026/09/14 16:15:50.431, 13.29, 210, 1, 40, 60.00
2026/09/14 16:15:50.447, 13.29, 210, 1, 40, 60.00
2026/09/14 16:15:50.463, 13.29, 210, 1, 40, 60.00
2026/09/14 16:15:50.479, 13.29, 210, 1, 40, 60.00
2026/09/14 16:15:50.494, 13.29, 210, 1, 40, 60.00
2026/09/14 16:15:50.510, 13.29, 210, 1, 40, 60.00
2026/09/14 16:15:50.526, 13.26, 210, 1, 40, 60.00
2026/09/14 16:15:50.541, 13.26, 210, 1, 40, 60.00
2026/09/14 16:15:50.557, 13.26, 210, 1, 40, 60.00
2026/09/14 16:15:50.573, 13.26, 210, 1, 40, 60.00
2026/09/14 16:15:50.589, 13.26, 210, 1, 40, 60.00
2026/09/14 16:15:50.605, 13.26, 210, 1, 40, 60.00
2026/09/14 16:15:50.620, 13.26, 210, 1, 40, 60.00
2026/09/14 16:15:50.636, 13.32, 210, 1, 40, 60.00
2026/09/14 16:15:50.651, 13.32, 210, 1, 40, 60.00
2026/09/14 16:15:50.666, 13.32, 210, 1, 40, 60.00
2026/09/14 16:15:50.682, 13.32, 210, 1, 40, 60.00
2026/09/14 16:15:50.697, 13.32, 210, 1, 40, 60.00
2026/09/14 16:15:50.713, 13.32, 210, 1, 40, 60.00
2026/09/14 16:15:50.728, 13.36, 210, 1, 40, 60.00
2026/09/14 16:15:50.744, 13.36, 210, 1, 40, 60.00
2026/09/14 16:15:50.760, 13.36, 210, 1, 40, 60.00
2026/09/14 16:15:50.776, 13.36, 210, 1, 40, 60.00
2026/09/14 16:15:50.792, 13.36, 210, 1, 40, 60.00
2026/09/14 16:15:50.807, 13.36, 210, 1, 40, 60.00
2026/09/14 16:15:50.823, 13.42, 210, 1, 41, 60.00
2026/09/14 16:15:50.856, 13.42, 210, 3, 41, 60.00
2026/09/14 16:15:50.872, 13.42, 210, 3, 41, 60.00
2026/09/14 16:15:50.887, 13.42, 210, 3, 41, 60.00
2026/09/14 16:15:50.902, 13.42, 210, 3, 41, 60.00
2026/09/14 16:15:50.918, 13.42, 210, 3, 41, 60.00
2026/09/14 16:15:50.933, 13.42, 210, 3, 41, 60.00
2026/09/14 16:15:50.949, 13.42, 210, 3, 41, 60.00
2026/09/14 16:15:50.964, 13.42, 210, 3, 41, 60.00
2026/09/14 16:15:50.980, 13.42, 210, 3, 41, 60.00
2026/09/14 16:15:50.995, 13.42, 210, 3, 41, 60.00
2026/09/14 16:15:51.011, 13.42, 210, 3, 41, 60.00
2026/09/14 16:15:51.027, 13.42, 210, 3, 41, 60.00
2026/09/14 16:15:51.042, 13.42, 210, 2, 41, 60.00
2026/09/14 16:15:51.058, 13.42, 210, 2, 41, 60.00
2026/09/14 16:15:51.073, 13.42, 210, 2, 41, 60.00
2026/09/14 16:15:51.090, 13.42, 210, 2, 41, 60.00
2026/09/14 16:15:51.105, 13.42, 210, 2, 41, 60.00
2026/09/14 16:15:51.121, 13.42, 210, 2, 41, 60.00
2026/09/14 16:15:51.136, 13.36, 210, 2, 41, 60.00
2026/09/14 16:15:51.152, 13.36, 210, 2, 41, 60.00
2026/09/14 16:15:51.167, 13.36, 210, 2, 41, 60.00
2026/09/14 16:15:51.183, 13.36, 210, 2, 41, 60.00
2026/09/14 16:15:51.198, 13.36, 210, 2, 41, 60.00
2026/09/14 16:15:51.214, 13.36, 210, 2, 41, 60.00
2026/09/14 16:15:51.229, 13.31, 210, 1, 41, 60.00
2026/09/14 16:15:51.244, 13.31, 210, 1, 41, 60.00
2026/09/14 16:15:51.260, 13.31, 210, 1, 41, 60.00
2026/09/14 16:15:51.275, 13.31, 210, 1, 40, 60.00
2026/09/14 16:15:51.306, 13.31, 210, 1, 40, 60.00
2026/09/14 16:15:51.322, 13.31, 210, 1, 40, 60.00
2026/09/14 16:15:51.337, 13.23, 210, 1, 40, 60.00
2026/09/14 16:15:51.353, 13.23, 210, 1, 40, 60.00
2026/09/14 16:15:51.368, 13.23, 210, 1, 40, 60.00
2026/09/14 16:15:51.384, 13.23, 210, 1, 40, 60.00
2026/09/14 16:15:51.399, 13.23, 210, 1, 40, 60.00
2026/09/14 16:15:51.415, 13.23, 210, 1, 40, 60.00
2026/09/14 16:15:51.431, 13.14, 210, 0, 40, 60.00
2026/09/14 16:15:51.446, 13.14, 210, 0, 40, 60.00
2026/09/14 16:15:51.462, 13.14, 210, 0, 40, 60.00
2026/09/14 16:15:51.479, 13.14, 210, 0, 40, 60.00
2026/09/14 16:15:51.494, 13.14, 210, 0, 40, 60.00
2026/09/14 16:15:51.510, 13.14, 210, 0, 40, 60.00
2026/09/14 16:15:51.525, 13.14, 210, 0, 40, 60.00
2026/09/14 16:15:51.541, 13.09, 210, 0, 40, 60.00
2026/09/14 16:15:51.556, 13.09, 210, 0, 40, 60.00
2026/09/14 16:15:51.572, 13.09, 210, 0, 40, 60.00
2026/09/14 16:15:51.589, 13.09, 210, 0, 40, 60.00
2026/09/14 16:15:51.604, 13.09, 210, 0, 40, 60.00
2026/09/14 16:15:51.620, 13.09, 210, 0, 40, 60.00
2026/09/14 16:15:51.635, 13.05, 210, 0, 40, 60.00
2026/09/14 16:15:51.650, 13.05, 210, 0, 40, 60.00
2026/09/14 16:15:51.666, 13.05, 210, 0, 40, 60.00
2026/09/14 16:15:51.683, 13.05, 210, 0, 40, 60.00
2026/09/14 16:15:51.698, 13.05, 210, 0, 40, 60.00
2026/09/14 16:15:51.714, 13.05, 210, 0, 40, 60.00
2026/09/14 16:15:51.730, 13.02, 210, 0, 41, 60.00
2026/09/14 16:15:51.760, 13.02, 210, 0, 41, 60.00
2026/09/14 16:15:51.775, 13.02, 210, 0, 41, 60.00
2026/09/14 16:15:51.791, 13.02, 210, 0, 41, 60.00
2026/09/14 16:15:51.806, 13.02, 210, 0, 41, 60.00
2026/09/14 16:15:51.822, 13.02, 210, 0, 41, 60.00
2026/09/14 16:15:51.838, 12.97, 210, 1, 41, 60.00
2026/09/14 16:15:51.853, 12.97, 210, 1, 41, 60.00
2026/09/14 16:15:51.869, 12.97, 210, 1, 41, 60.00
2026/09/14 16:15:51.885, 12.97, 210, 1, 41, 60.00
2026/09/14 16:15:51.901, 12.97, 210, 1, 41, 60.00
2026/09/14 16:15:51.917, 12.97, 210, 1, 41, 60.00
2026/09/14 16:15:51.932, 12.94, 210, 1, 41, 60.00
2026/09/14 16:15:51.947, 12.94, 210, 1, 41, 60.00
2026/09/14 16:15:51.962, 12.94, 210, 1, 41, 60.00
2026/09/14 16:15:51.978, 12.94, 210, 1, 41, 60.00
2026/09/14 16:15:51.993, 12.94, 210, 1, 41, 60.00
2026/09/14 16:15:52.009, 12.94, 210, 1, 41, 60.00
2026/09/14 16:15:52.024, 12.94, 210, 1, 41, 60.00
2026/09/14 16:15:52.039, 12.93, 210, 1, 41, 60.00
2026/09/14 16:15:52.055, 12.93, 210, 1, 41, 60.00
2026/09/14 16:15:52.072, 12.93, 210, 1, 41, 60.00
2026/09/14 16:15:52.087, 12.93, 210, 1, 41, 60.00
2026/09/14 16:15:52.102, 12.93, 210, 1, 41, 60.00
2026/09/14 16:15:52.118, 12.93, 210, 1, 41, 60.00
2026/09/14 16:15:52.134, 12.89, 210, 1, 41, 60.00
2026/09/14 16:15:52.149, 12.89, 210, 1, 41, 60.00
2026/09/14 16:15:52.164, 12.89, 210, 1, 41, 60.00
2026/09/14 16:15:52.180, 12.89, 210, 1, 41, 60.00
2026/09/14 16:15:52.195, 12.89, 210, 1, 40, 60.00
2026/09/14 16:15:52.226, 12.87, 210, 1, 40, 60.00
2026/09/14 16:15:52.242, 12.87, 210, 0, 40, 60.00
2026/09/14 16:15:52.258, 12.87, 210, 0, 40, 60.00
2026/09/14 16:15:52.273, 12.87, 210, 0, 40, 60.00
2026/09/14 16:15:52.289, 12.87, 210, 0, 40, 60.00
2026/09/14 16:15:52.305, 12.87, 210, 0, 40, 60.00
2026/09/14 16:15:52.321, 12.87, 210, 0, 40, 60.00
2026/09/14 16:15:52.337, 12.93, 210, 0, 40, 60.00
2026/09/14 16:15:52.352, 12.93, 210, 0, 40, 60.00
2026/09/14 16:15:52.369, 12.93, 210, 0, 40, 60.00
2026/09/14 16:15:52.384, 12.93, 210, 0, 40, 60.00
2026/09/14 16:15:52.400, 12.93, 210, 0, 40, 60.00
2026/09/14 16:15:52.416, 12.93, 210, 0, 40, 60.00
2026/09/14 16:15:52.432, 12.90, 210, 1, 40, 60.00
2026/09/14 16:15:52.447, 12.90, 210, 1, 40, 60.00
2026/09/14 16:15:52.462, 12.90, 210, 1, 40, 60.00
2026/09/14 16:15:52.477, 12.90, 210, 1, 40, 60.00
2026/09/14 16:15:52.493, 12.90, 210, 1, 40, 60.00
2026/09/14 16:15:52.508, 12.90, 210, 1, 40, 60.00
2026/09/14 16:15:52.524, 12.90, 210, 1, 40, 60.00
2026/09/14 16:15:52.539, 12.91, 210, 1, 40, 60.00
2026/09/14 16:15:52.554, 12.91, 210, 1, 40, 60.00
2026/09/14 16:15:52.569, 12.91, 210, 1, 40, 60.00
2026/09/14 16:15:52.586, 12.91, 210, 1, 40, 60.00
2026/09/14 16:15:52.601, 12.91, 210, 1, 40, 60.00
2026/09/14 16:15:52.616, 12.91, 210, 1, 40, 60.00
2026/09/14 16:15:52.631, 12.89, 210, 0, 40, 60.00
2026/09/14 16:15:52.647, 12.89, 210, 0, 40, 60.00
2026/09/14 16:15:52.679, 12.89, 210, 0, 40, 60.00
2026/09/14 16:15:52.694, 12.89, 210, 0, 40, 60.00
2026/09/14 16:15:52.709, 12.89, 210, 0, 40, 60.00
2026/09/14 16:15:52.726, 12.94, 210, 0, 40, 60.00
2026/09/14 16:15:52.741, 12.94, 210, 0, 40, 60.00
2026/09/14 16:15:52.757, 12.94, 210, 0, 40, 60.00
2026/09/14 16:15:52.772, 12.94, 210, 0, 40, 60.00
2026/09/14 16:15:52.788, 12.94, 210, 0, 40, 60.00
2026/09/14 16:15:52.804, 12.94, 210, 0, 40, 60.00
2026/09/14 16:15:52.819, 12.94, 210, 0, 40, 60.00
2026/09/14 16:15:52.835, 12.91, 210, 2, 40, 60.00
2026/09/14 16:15:52.850, 12.91, 210, 2, 40, 60.00
2026/09/14 16:15:52.865, 12.91, 210, 2, 40, 60.00
2026/09/14 16:15:52.881, 12.91, 210, 2, 40, 60.00
2026/09/14 16:15:52.897, 12.91, 210, 2, 40, 60.00
2026/09/14 16:15:52.912, 12.91, 210, 2, 40, 60.00
2026/09/14 16:15:52.928, 12.92, 210, 2, 40, 60.00
2026/09/14 16:15:52.944, 12.92, 210, 2, 40, 60.00
2026/09/14 16:15:52.960, 12.92, 210, 2, 40, 60.00
2026/09/14 16:15:52.975, 12.92, 210, 2, 40, 60.00
2026/09/14 16:15:52.990, 12.92, 210, 2, 40, 60.00
2026/09/14 16:15:53.006, 12.92, 210, 2, 40, 60.00
2026/09/14 16:15:53.021, 12.92, 210, 2, 40, 60.00
2026/09/14 16:15:53.037, 12.97, 210, 1, 40, 60.00
2026/09/14 16:15:53.053, 12.97, 210, 1, 40, 60.00
2026/09/14 16:15:53.069, 12.97, 210, 1, 40, 60.00
2026/09/14 16:15:53.085, 12.97, 210, 1, 40, 60.00
2026/09/14 16:15:53.100, 12.97, 210, 1, 40, 60.00
2026/09/14 16:15:53.132, 12.92, 210, 1, 40, 60.00
2026/09/14 16:15:53.147, 12.92, 210, 1, 40, 60.00
2026/09/14 16:15:53.164, 12.92, 210, 1, 40, 60.00
2026/09/14 16:15:53.179, 12.92, 210, 1, 40, 60.00
2026/09/14 16:15:53.195, 12.92, 210, 1, 40, 60.00
2026/09/14 16:15:53.210, 12.92, 210, 1, 40, 60.00
2026/09/14 16:15:53.225, 12.99, 210, 1, 40, 60.00
2026/09/14 16:15:53.241, 12.99, 210, 1, 40, 60.00
2026/09/14 16:15:53.257, 12.99, 210, 1, 40, 60.00
2026/09/14 16:15:53.272, 12.99, 210, 1, 40, 60.00
2026/09/14 16:15:53.288, 12.99, 210, 1, 40, 60.00
2026/09/14 16:15:53.303, 12.99, 210, 1, 40, 60.00
2026/09/14 16:15:53.318, 12.99, 210, 1, 40, 60.00
2026/09/14 16:15:53.335, 12.97, 210, 1, 40, 60.00
2026/09/14 16:15:53.349, 12.97, 210, 1, 40, 60.00
2026/09/14 16:15:53.365, 12.97, 210, 1, 40, 60.00
2026/09/14 16:15:53.380, 12.97, 210, 1, 40, 60.00
2026/09/14 16:15:53.396, 12.97, 210, 1, 40, 60.00
2026/09/14 16:15:53.411, 12.97, 210, 1, 40, 60.00
2026/09/14 16:15:53.427, 12.94, 210, 1, 40, 60.00
2026/09/14 16:15:53.442, 12.94, 210, 1, 40, 60.00
2026/09/14 16:15:53.458, 12.94, 210, 1, 40, 60.00
2026/09/14 16:15:53.473, 12.94, 210, 1, 40, 60.00
2026/09/14 16:15:53.489, 12.94, 210, 1, 40, 60.00
2026/09/14 16:15:53.505, 12.94, 210, 1, 40, 60.00
2026/09/14 16:15:53.522, 12.94, 210, 1, 40, 60.00
2026/09/14 16:15:53.538, 12.96, 210, 1, 40, 60.00
2026/09/14 16:15:53.554, 12.96, 210, 1, 40, 60.00
2026/09/14 16:15:53.585, 12.96, 210, 1, 40, 60.00
2026/09/14 16:15:53.601, 12.96, 210, 1, 40, 60.00
2026/09/14 16:15:53.616, 12.96, 210, 1, 40, 60.00
2026/09/14 16:15:53.632, 12.97, 210, 0, 40, 60.00
2026/09/14 16:15:53.648, 12.97, 210, 0, 40, 60.00
2026/09/14 16:15:53.663, 12.97, 210, 0, 40, 60.00
2026/09/14 16:15:53.679, 12.97, 210, 0, 40, 60.00
2026/09/14 16:15:53.695, 12.97, 210, 0, 40, 60.00
2026/09/14 16:15:53.711, 12.97, 210, 0, 40, 60.00
2026/09/14 16:15:53.727, 13.00, 210, 0, 40, 60.00
2026/09/14 16:15:53.743, 13.00, 210, 0, 40, 60.00
2026/09/14 16:15:53.759, 13.00, 210, 0, 40, 60.00
2026/09/14 16:15:53.774, 13.00, 210, 0, 40, 60.00
2026/09/14 16:15:53.790, 13.00, 210, 0, 40, 60.00
2026/09/14 16:15:53.806, 13.00, 210, 0, 40, 60.00
2026/09/14 16:15:53.821, 13.00, 210, 0, 40, 60.00
2026/09/14 16:15:53.837, 12.96, 210, 0, 40, 60.00
2026/09/14 16:15:53.853, 12.96, 210, 0, 40, 60.00
2026/09/14 16:15:53.869, 12.96, 210, 0, 40, 60.00
2026/09/14 16:15:53.885, 12.96, 210, 0, 40, 60.00
2026/09/14 16:15:53.900, 12.96, 210, 0, 40, 60.00
2026/09/14 16:15:53.916, 12.96, 210, 0, 40, 60.00
2026/09/14 16:15:53.932, 12.95, 210, 0, 40, 60.00
2026/09/14 16:15:53.948, 12.95, 210, 0, 40, 60.00
2026/09/14 16:15:53.964, 12.95, 210, 0, 40, 60.00
2026/09/14 16:15:53.980, 12.95, 210, 0, 40, 60.00
2026/09/14 16:15:53.995, 12.95, 210, 0, 40, 60.00
2026/09/14 16:15:54.011, 12.95, 210, 0, 40, 60.00
2026/09/14 16:15:54.042, 12.98, 210, 2, 40, 60.00
2026/09/14 16:15:54.057, 12.98, 210, 2, 40, 60.00
2026/09/14 16:15:54.073, 12.98, 210, 2, 40, 60.00
2026/09/14 16:15:54.089, 12.98, 210, 2, 40, 60.00
2026/09/14 16:15:54.105, 12.98, 210, 2, 40, 60.00
2026/09/14 16:15:54.120, 12.98, 210, 2, 40, 60.00
2026/09/14 16:15:54.135, 12.95, 210, 2, 40, 60.00
2026/09/14 16:15:54.151, 12.95, 210, 2, 40, 60.00
2026/09/14 16:15:54.166, 12.95, 210, 2, 40, 60.00
2026/09/14 16:15:54.181, 12.95, 210, 2, 40, 60.00
2026/09/14 16:15:54.196, 12.95, 210, 2, 40, 60.00
2026/09/14 16:15:54.212, 12.95, 210, 2, 40, 60.00
2026/09/14 16:15:54.228, 12.95, 210, 0, 40, 60.00
2026/09/14 16:15:54.244, 12.95, 210, 0, 40, 60.00
2026/09/14 16:15:54.259, 12.95, 210, 0, 40, 60.00
2026/09/14 16:15:54.275, 12.95, 210, 0, 40, 60.00
2026/09/14 16:15:54.290, 12.95, 210, 0, 40, 60.00
2026/09/14 16:15:54.306, 12.95, 210, 0, 40, 60.00
2026/09/14 16:15:54.322, 12.95, 210, 0, 40, 60.00
2026/09/14 16:15:54.338, 12.94, 210, 0, 40, 60.00
2026/09/14 16:15:54.353, 12.94, 210, 0, 40, 60.00
2026/09/14 16:15:54.369, 12.94, 210, 0, 40, 60.00
2026/09/14 16:15:54.385, 12.94, 210, 0, 40, 60.00
2026/09/14 16:15:54.401, 12.94, 210, 0, 40, 60.00
2026/09/14 16:15:54.416, 12.94, 210, 0, 40, 60.00
2026/09/14 16:15:54.432, 12.94, 210, 1, 40, 60.00
2026/09/14 16:15:54.447, 12.94, 210, 1, 40, 60.00
2026/09/14 16:15:54.464, 12.94, 210, 1, 40, 60.00
2026/09/14 16:15:54.495, 12.94, 210, 1, 40, 60.00
2026/09/14 16:15:54.511, 12.94, 210, 1, 40, 60.00
2026/09/14 16:15:54.527, 12.98, 210, 1, 40, 60.00
2026/09/14 16:15:54.543, 12.98, 210, 1, 40, 60.00
2026/09/14 16:15:54.559, 12.98, 210, 1, 40, 60.00
2026/09/14 16:15:54.574, 12.98, 210, 1, 40, 60.00
2026/09/14 16:15:54.589, 12.98, 210, 1, 40, 60.00
2026/09/14 16:15:54.605, 12.98, 210, 1, 40, 60.00
2026/09/14 16:15:54.621, 12.98, 210, 1, 40, 60.00
2026/09/14 16:15:54.637, 12.96, 210, 1, 40, 60.00
2026/09/14 16:15:54.652, 12.96, 210, 1, 40, 60.00
2026/09/14 16:15:54.668, 12.96, 210, 1, 40, 60.00
2026/09/14 16:15:54.683, 12.96, 210, 1, 40, 60.00
2026/09/14 16:15:54.699, 12.96, 210, 1, 40, 60.00
2026/09/14 16:15:54.715, 12.96, 210, 1, 40, 60.00
2026/09/14 16:15:54.730, 12.97, 210, 1, 40, 60.00
2026/09/14 16:15:54.746, 12.97, 210, 1, 40, 60.00
2026/09/14 16:15:54.762, 12.97, 210, 1, 40, 60.00
2026/09/14 16:15:54.777, 12.97, 210, 1, 40, 60.00
2026/09/14 16:15:54.792, 12.97, 210, 1, 40, 60.00
2026/09/14 16:15:54.808, 12.97, 210, 1, 40, 60.00
2026/09/14 16:15:54.823, 12.97, 210, 1, 40, 60.00
2026/09/14 16:15:54.839, 12.95, 210, 0, 40, 60.00
2026/09/14 16:15:54.855, 12.95, 210, 0, 40, 60.00
2026/09/14 16:15:54.871, 12.95, 210, 0, 40, 60.00
2026/09/14 16:15:54.886, 12.95, 210, 0, 40, 60.00
2026/09/14 16:15:54.902, 12.95, 210, 0, 40, 60.00
2026/09/14 16:15:54.919, 12.95, 210, 0, 40, 60.00
2026/09/14 16:15:54.950, 12.95, 210, 0, 40, 60.00
2026/09/14 16:15:54.966, 12.95, 210, 0, 40, 60.00
2026/09/14 16:15:54.981, 12.95, 210, 0, 40, 60.00
2026/09/14 16:15:54.997, 12.95, 210, 0, 40, 60.00
2026/09/14 16:15:55.012, 12.95, 210, 0, 40, 60.00
2026/09/14 16:15:55.028, 13.06, 210, 3, 40, 60.00
2026/09/14 16:15:55.043, 13.06, 210, 3, 40, 60.00
2026/09/14 16:15:55.058, 13.06, 210, 3, 40, 60.00
2026/09/14 16:15:55.074, 13.06, 210, 3, 40, 60.00
2026/09/14 16:15:55.089, 13.06, 210, 3, 40, 60.00
2026/09/14 16:15:55.105, 13.06, 210, 3, 40, 60.00
2026/09/14 16:15:55.120, 13.06, 210, 3, 40, 60.00
2026/09/14 16:15:55.136, 13.09, 210, 3, 40, 60.00
2026/09/14 16:15:55.151, 13.09, 210, 3, 40, 60.00
2026/09/14 16:15:55.166, 13.09, 210, 3, 40, 60.00
2026/09/14 16:15:55.183, 13.09, 210, 3, 40, 60.00
2026/09/14 16:15:55.213, 13.09, 210, 3, 40, 60.00
2026/09/14 16:15:55.228, 13.09, 210, 1, 40, 60.00
2026/09/14 16:15:55.244, 13.16, 210, 1, 40, 60.00
2026/09/14 16:15:55.260, 13.16, 210, 1, 40, 60.00
2026/09/14 16:15:55.275, 13.16, 210, 1, 40, 60.00
2026/09/14 16:15:55.290, 13.16, 210, 1, 40, 60.00
2026/09/14 16:15:55.306, 13.16, 210, 1, 40, 60.00
2026/09/14 16:15:55.322, 13.16, 210, 1, 40, 60.00
2026/09/14 16:15:55.338, 13.20, 210, 1, 40, 60.00
2026/09/14 16:15:55.354, 13.20, 210, 1, 40, 60.00
2026/09/14 16:15:55.369, 13.20, 210, 1, 40, 60.00
2026/09/14 16:15:55.400, 13.20, 210, 1, 40, 60.00
2026/09/14 16:15:55.416, 13.20, 210, 1, 40, 60.00
2026/09/14 16:15:55.432, 13.30, 210, 1, 40, 60.00
2026/09/14 16:15:55.463, 13.30, 210, 1, 40, 60.00
2026/09/14 16:15:55.478, 13.30, 210, 1, 40, 60.00
2026/09/14 16:15:55.493, 13.30, 210, 1, 40, 60.00
2026/09/14 16:15:55.510, 13.30, 210, 1, 40, 60.00
2026/09/14 16:15:55.526, 13.30, 210, 1, 40, 60.00
2026/09/14 16:15:55.541, 13.30, 210, 1, 40, 60.00
2026/09/14 16:15:55.557, 13.30, 210, 1, 40, 60.00
2026/09/14 16:15:55.573, 13.30, 210, 1, 40, 60.00
2026/09/14 16:15:55.588, 13.30, 210, 1, 40, 60.00
2026/09/14 16:15:55.603, 13.30, 210, 1, 40, 60.00
2026/09/14 16:15:55.619, 13.30, 210, 1, 40, 60.00
2026/09/14 16:15:55.635, 13.29, 210, 2, 40, 60.00
2026/09/14 16:15:55.667, 13.29, 210, 2, 40, 60.00
2026/09/14 16:15:55.683, 13.29, 210, 2, 40, 60.00
2026/09/14 16:15:55.699, 13.29, 210, 2, 40, 60.00
2026/09/14 16:15:55.714, 13.29, 210, 2, 40, 60.00
2026/09/14 16:15:55.730, 13.34, 210, 2, 40, 60.00
2026/09/14 16:15:55.745, 13.34, 210, 2, 40, 60.00
2026/09/14 16:15:55.762, 13.34, 210, 2, 40, 60.00
2026/09/14 16:15:55.776, 13.34, 210, 2, 40, 60.00
2026/09/14 16:15:55.792, 13.34, 210, 2, 40, 60.00
2026/09/14 16:15:55.808, 13.34, 210, 2, 40, 60.00
2026/09/14 16:15:55.822, 13.36, 210, 2, 40, 60.00
2026/09/14 16:15:55.854, 13.36, 210, 1, 40, 60.00
2026/09/14 16:15:55.870, 13.36, 210, 1, 40, 60.00
2026/09/14 16:15:55.886, 13.36, 210, 1, 40, 60.00
2026/09/14 16:15:55.902, 13.36, 210, 1, 40, 60.00
2026/09/14 16:15:55.918, 13.36, 210, 1, 40, 60.00
2026/09/14 16:15:55.933, 13.41, 210, 1, 40, 60.00
2026/09/14 16:15:55.949, 13.41, 210, 1, 40, 60.00
2026/09/14 16:15:55.965, 13.41, 210, 1, 40, 60.00
2026/09/14 16:15:55.981, 13.41, 210, 1, 40, 60.00
2026/09/14 16:15:55.996, 13.41, 210, 1, 40, 60.00
2026/09/14 16:15:56.012, 13.41, 210, 1, 40, 60.00
2026/09/14 16:15:56.027, 13.44, 210, 1, 40, 60.00
2026/09/14 16:15:56.043, 13.44, 210, 1, 40, 60.00
2026/09/14 16:15:56.058, 13.44, 210, 1, 40, 60.00
2026/09/14 16:15:56.073, 13.44, 210, 1, 40, 60.00
2026/09/14 16:15:56.089, 13.44, 210, 1, 40, 60.00
2026/09/14 16:15:56.105, 13.44, 210, 1, 40, 60.00
2026/09/14 16:15:56.120, 13.44, 210, 1, 40, 60.00
2026/09/14 16:15:56.136, 13.38, 210, 1, 40, 60.00
2026/09/14 16:15:56.151, 13.38, 210, 1, 40, 60.00
2026/09/14 16:15:56.168, 13.38, 210, 1, 40, 60.00
2026/09/14 16:15:56.183, 13.38, 210, 1, 40, 60.00
2026/09/14 16:15:56.199, 13.38, 210, 1, 40, 60.00
2026/09/14 16:15:56.215, 13.38, 210, 1, 40, 60.00
2026/09/14 16:15:56.231, 13.34, 210, 2, 40, 60.00
2026/09/14 16:15:56.247, 13.34, 210, 2, 40, 60.00
2026/09/14 16:15:56.262, 13.34, 210, 2, 40, 60.00
2026/09/14 16:15:56.278, 13.34, 210, 2, 40, 60.00
2026/09/14 16:15:56.309, 13.34, 210, 2, 40, 60.00
2026/09/14 16:15:56.325, 13.28, 210, 2, 40, 60.00
2026/09/14 16:15:56.340, 13.28, 210, 2, 40, 60.00
2026/09/14 16:15:56.356, 13.28, 210, 2, 40, 60.00
2026/09/14 16:15:56.371, 13.28, 210, 2, 40, 60.00
2026/09/14 16:15:56.387, 13.28, 210, 2, 40, 60.00
2026/09/14 16:15:56.403, 13.28, 210, 2, 40, 60.00
2026/09/14 16:15:56.418, 13.28, 210, 2, 40, 60.00
2026/09/14 16:15:56.433, 13.23, 210, 0, 40, 60.00
2026/09/14 16:15:56.450, 13.23, 210, 0, 40, 60.00
2026/09/14 16:15:56.465, 13.23, 210, 0, 40, 60.00
2026/09/14 16:15:56.482, 13.23, 210, 0, 40, 60.00
2026/09/14 16:15:56.497, 13.23, 210, 0, 40, 60.00
2026/09/14 16:15:56.513, 13.23, 210, 0, 40, 60.00
2026/09/14 16:15:56.528, 13.19, 210, 0, 40, 60.00
2026/09/14 16:15:56.544, 13.19, 210, 0, 40, 60.00
2026/09/14 16:15:56.560, 13.19, 210, 0, 40, 60.00
2026/09/14 16:15:56.576, 13.19, 210, 0, 40, 60.00
2026/09/14 16:15:56.592, 13.19, 210, 0, 40, 60.00
2026/09/14 16:15:56.607, 13.19, 210, 0, 40, 60.00
2026/09/14 16:15:56.624, 13.19, 210, 0, 40, 60.00
2026/09/14 16:15:56.639, 13.15, 210, 1, 40, 60.00
2026/09/14 16:15:56.654, 13.15, 210, 1, 40, 60.00
2026/09/14 16:15:56.669, 13.15, 210, 1, 40, 60.00
2026/09/14 16:15:56.686, 13.15, 210, 1, 40, 60.00
2026/09/14 16:15:56.702, 13.15, 210, 1, 40, 60.00
2026/09/14 16:15:56.718, 13.15, 210, 1, 40, 60.00
2026/09/14 16:15:56.733, 13.13, 210, 1, 40, 60.00
2026/09/14 16:15:56.766, 13.13, 210, 1, 40, 60.00
2026/09/14 16:15:56.782, 13.13, 210, 1, 40, 60.00
2026/09/14 16:15:56.797, 13.13, 210, 1, 40, 60.00
2026/09/14 16:15:56.812, 13.13, 210, 1, 40, 60.00
2026/09/14 16:15:56.829, 13.10, 210, 1, 40, 60.00
2026/09/14 16:15:56.860, 13.10, 210, 1, 40, 60.00
2026/09/14 16:15:56.875, 13.10, 210, 1, 40, 60.00
2026/09/14 16:15:56.891, 13.10, 210, 1, 40, 60.00
2026/09/14 16:15:56.906, 13.10, 210, 1, 40, 60.00
2026/09/14 16:15:56.922, 13.10, 210, 1, 40, 60.00
2026/09/14 16:15:56.937, 13.08, 210, 1, 40, 60.00
2026/09/14 16:15:56.953, 13.08, 210, 1, 40, 60.00
2026/09/14 16:15:56.968, 13.08, 210, 1, 40, 60.00
2026/09/14 16:15:56.984, 13.08, 210, 1, 40, 60.00
2026/09/14 16:15:57.014, 13.08, 210, 1, 40, 60.00
2026/09/14 16:15:57.045, 13.14, 210, 2, 40, 60.00
2026/09/14 16:15:57.062, 13.14, 210, 2, 40, 60.00
2026/09/14 16:15:57.078, 13.14, 210, 2, 40, 60.00
2026/09/14 16:15:57.094, 13.14, 210, 2, 40, 60.00
2026/09/14 16:15:57.109, 13.14, 210, 2, 40, 60.00
2026/09/14 16:15:57.140, 13.16, 210, 2, 40, 60.00
2026/09/14 16:15:57.156, 13.16, 210, 2, 40, 60.00
2026/09/14 16:15:57.173, 13.16, 210, 2, 40, 60.00
2026/09/14 16:15:57.189, 13.16, 210, 2, 40, 60.00
2026/09/14 16:15:57.221, 13.16, 210, 2, 40, 60.00
2026/09/14 16:15:57.236, 13.16, 210, 2, 40, 60.00
2026/09/14 16:15:57.252, 13.16, 210, 2, 40, 60.00
2026/09/14 16:15:57.267, 13.16, 210, 2, 40, 60.00
2026/09/14 16:15:57.283, 13.16, 210, 2, 40, 60.00
2026/09/14 16:15:57.298, 13.16, 210, 2, 40, 60.00
2026/09/14 16:15:57.315, 13.16, 210, 2, 40, 60.00
2026/09/14 16:15:57.330, 13.16, 210, 2, 40, 60.00
2026/09/14 16:15:57.346, 13.16, 210, 2, 40, 60.00
2026/09/14 16:15:57.362, 13.16, 210, 2, 40, 60.00
2026/09/14 16:15:57.377, 13.16, 210, 2, 40, 60.00
2026/09/14 16:15:57.393, 13.16, 210, 2, 40, 60.00
2026/09/14 16:15:57.409, 13.16, 210, 2, 40, 60.00
2026/09/14 16:15:57.424, 13.19, 210, 2, 40, 60.00
2026/09/14 16:15:57.440, 13.19, 210, 0, 40, 60.00
2026/09/14 16:15:57.456, 13.19, 210, 0, 40, 60.00
2026/09/14 16:15:57.472, 13.19, 210, 0, 40, 60.00
2026/09/14 16:15:57.488, 13.19, 210, 0, 40, 60.00
2026/09/14 16:15:57.503, 13.19, 210, 0, 40, 60.00
2026/09/14 16:15:57.519, 13.19, 210, 0, 40, 60.00
2026/09/14 16:15:57.534, 13.17, 210, 0, 40, 60.00
2026/09/14 16:15:57.550, 13.17, 210, 0, 40, 60.00
2026/09/14 16:15:57.566, 13.17, 210, 0, 40, 60.00
2026/09/14 16:15:57.581, 13.17, 210, 0, 40, 60.00
2026/09/14 16:15:57.597, 13.17, 210, 0, 40, 60.00
2026/09/14 16:15:57.613, 13.17, 210, 0, 40, 60.00
2026/09/14 16:15:57.629, 13.12, 210, 0, 40, 60.00
2026/09/14 16:15:57.645, 13.12, 210, 0, 40, 60.00
2026/09/14 16:15:57.676, 13.12, 210, 0, 40, 60.00
2026/09/14 16:15:57.692, 13.12, 210, 0, 40, 60.00
2026/09/14 16:15:57.707, 13.12, 210, 0, 40, 60.00
2026/09/14 16:15:57.722, 13.12, 210, 0, 40, 60.00
2026/09/14 16:15:57.738, 13.12, 210, 0, 40, 60.00
2026/09/14 16:15:57.753, 13.12, 210, 0, 40, 60.00
2026/09/14 16:15:57.769, 13.12, 210, 0, 40, 60.00
2026/09/14 16:15:57.784, 13.12, 210, 0, 40, 60.00
2026/09/14 16:15:57.800, 13.12, 210, 0, 40, 60.00
2026/09/14 16:15:57.816, 13.12, 210, 0, 40, 60.00
2026/09/14 16:15:57.832, 13.11, 210, 1, 40, 60.00
2026/09/14 16:15:57.847, 13.11, 210, 1, 40, 60.00
2026/09/14 16:15:57.863, 13.11, 210, 1, 40, 60.00
2026/09/14 16:15:57.879, 13.11, 210, 1, 40, 60.00
2026/09/14 16:15:57.894, 13.11, 210, 1, 40, 60.00
2026/09/14 16:15:57.910, 13.11, 210, 1, 40, 60.00
2026/09/14 16:15:57.926, 13.11, 210, 1, 40, 60.00
2026/09/14 16:15:57.941, 13.11, 210, 1, 40, 60.00
2026/09/14 16:15:57.957, 13.11, 210, 1, 40, 60.00
2026/09/14 16:15:57.972, 13.11, 210, 1, 40, 60.00
2026/09/14 16:15:57.988, 13.11, 210, 1, 40, 60.00
2026/09/14 16:15:58.004, 13.11, 210, 1, 40, 60.00
2026/09/14 16:15:58.019, 13.11, 210, 1, 40, 60.00
2026/09/14 16:15:58.035, 13.14, 210, 1, 40, 60.00
2026/09/14 16:15:58.050, 13.14, 210, 1, 40, 60.00
2026/09/14 16:15:58.065, 13.14, 210, 1, 40, 60.00
2026/09/14 16:15:58.081, 13.14, 210, 1, 40, 60.00
2026/09/14 16:15:58.097, 13.14, 210, 1, 40, 60.00
2026/09/14 16:15:58.128, 13.07, 210, 1, 40, 60.00
2026/09/14 16:15:58.144, 13.07, 210, 1, 40, 60.00
2026/09/14 16:15:58.159, 13.07, 210, 1, 40, 60.00
2026/09/14 16:15:58.176, 13.07, 210, 1, 40, 60.00
2026/09/14 16:15:58.191, 13.07, 210, 1, 40, 60.00
2026/09/14 16:15:58.206, 13.07, 210, 1, 40, 60.00
2026/09/14 16:15:58.222, 13.07, 210, 1, 40, 60.00
2026/09/14 16:15:58.238, 13.00, 210, 0, 40, 60.00
2026/09/14 16:15:58.253, 13.00, 210, 0, 40, 60.00
2026/09/14 16:15:58.269, 13.00, 210, 0, 40, 60.00
2026/09/14 16:15:58.285, 13.00, 210, 0, 40, 60.00
2026/09/14 16:15:58.300, 13.00, 210, 0, 40, 60.00
2026/09/14 16:15:58.315, 13.00, 210, 0, 40, 60.00
2026/09/14 16:15:58.330, 13.01, 210, 0, 40, 60.00
2026/09/14 16:15:58.346, 13.01, 210, 0, 40, 60.00
2026/09/14 16:15:58.362, 13.01, 210, 0, 40, 60.00
2026/09/14 16:15:58.377, 13.01, 210, 0, 40, 60.00
2026/09/14 16:15:58.393, 13.01, 210, 0, 40, 60.00
2026/09/14 16:15:58.408, 13.01, 210, 0, 40, 60.00
2026/09/14 16:15:58.424, 12.97, 210, 0, 40, 60.00
2026/09/14 16:15:58.440, 12.97, 210, 1, 40, 60.00
2026/09/14 16:15:58.455, 12.97, 210, 1, 40, 60.00
2026/09/14 16:15:58.470, 12.97, 210, 1, 40, 60.00
2026/09/14 16:15:58.485, 12.97, 210, 1, 40, 60.00
2026/09/14 16:15:58.501, 12.97, 210, 1, 40, 60.00
2026/09/14 16:15:58.517, 12.97, 210, 1, 40, 60.00
2026/09/14 16:15:58.533, 12.96, 210, 1, 40, 60.00
2026/09/14 16:15:58.549, 12.96, 210, 1, 40, 60.00
2026/09/14 16:15:58.579, 12.96, 210, 1, 40, 60.00
2026/09/14 16:15:58.595, 12.96, 210, 1, 40, 60.00
2026/09/14 16:15:58.610, 12.96, 210, 1, 40, 60.00
2026/09/14 16:15:58.672, 12.96, 210, 0, 40, 60.00
2026/09/14 16:15:58.688, 12.96, 210, 0, 40, 60.00
2026/09/14 16:15:58.704, 12.96, 210, 0, 40, 60.00
2026/09/14 16:15:58.720, 12.96, 210, 0, 40, 60.00
2026/09/14 16:15:58.735, 13.03, 210, 0, 40, 60.00
2026/09/14 16:15:58.751, 13.03, 210, 0, 40, 60.00
2026/09/14 16:15:58.766, 13.03, 210, 0, 40, 60.00
2026/09/14 16:15:58.782, 13.03, 210, 0, 40, 60.00
2026/09/14 16:15:58.798, 13.03, 210, 0, 40, 60.00
2026/09/14 16:15:58.814, 13.03, 210, 0, 40, 60.00
2026/09/14 16:15:58.829, 13.02, 210, 0, 40, 60.00
2026/09/14 16:15:58.861, 13.02, 210, 0, 40, 60.00
2026/09/14 16:15:58.876, 13.02, 210, 0, 40, 60.00
2026/09/14 16:15:58.891, 13.02, 210, 0, 40, 60.00
2026/09/14 16:15:58.907, 13.02, 210, 0, 40, 60.00
2026/09/14 16:15:58.923, 13.02, 210, 0, 40, 60.00
2026/09/14 16:15:58.938, 13.03, 210, 0, 40, 60.00
2026/09/14 16:15:58.954, 13.03, 210, 0, 40, 60.00
2026/09/14 16:15:58.970, 13.03, 210, 0, 40, 60.00
2026/09/14 16:15:58.986, 13.03, 210, 0, 40, 60.00
2026/09/14 16:15:59.001, 13.03, 210, 0, 40, 60.00
2026/09/14 16:15:59.032, 13.05, 210, 2, 40, 60.00
2026/09/14 16:15:59.047, 13.05, 210, 2, 40, 60.00
2026/09/14 16:15:59.063, 13.05, 210, 2, 40, 60.00
2026/09/14 16:15:59.079, 13.05, 210, 2, 40, 60.00
2026/09/14 16:15:59.094, 13.05, 210, 2, 40, 60.00
2026/09/14 16:15:59.109, 13.05, 210, 2, 40, 60.00
2026/09/14 16:15:59.125, 13.01, 210, 2, 40, 60.00
2026/09/14 16:15:59.141, 13.01, 210, 2, 40, 60.00
2026/09/14 16:15:59.157, 13.01, 210, 2, 40, 60.00
2026/09/14 16:15:59.173, 13.01, 210, 2, 40, 60.00
2026/09/14 16:15:59.189, 13.01, 210, 2, 40, 60.00
2026/09/14 16:15:59.205, 13.01, 210, 2, 40, 60.00
2026/09/14 16:15:59.220, 13.01, 210, 2, 40, 60.00
2026/09/14 16:15:59.236, 12.98, 210, 0, 40, 60.00
2026/09/14 16:15:59.252, 12.98, 210, 0, 40, 60.00
2026/09/14 16:15:59.268, 12.98, 210, 0, 40, 60.00
2026/09/14 16:15:59.283, 12.98, 210, 0, 40, 60.00
2026/09/14 16:15:59.299, 12.98, 210, 0, 40, 60.00
2026/09/14 16:15:59.314, 12.98, 210, 0, 40, 60.00
2026/09/14 16:15:59.330, 13.00, 210, 0, 40, 60.00
2026/09/14 16:15:59.346, 13.00, 210, 0, 40, 60.00
2026/09/14 16:15:59.361, 13.00, 210, 0, 40, 60.00
2026/09/14 16:15:59.377, 13.00, 210, 0, 40, 60.00
2026/09/14 16:15:59.407, 13.00, 210, 0, 40, 60.00
2026/09/14 16:15:59.422, 13.00, 210, 0, 40, 60.00
2026/09/14 16:15:59.438, 12.95, 210, 1, 40, 60.00
2026/09/14 16:15:59.454, 12.95, 210, 1, 40, 60.00
2026/09/14 16:15:59.486, 12.95, 210, 1, 40, 60.00
2026/09/14 16:15:59.502, 12.95, 210, 1, 40, 60.00
2026/09/14 16:15:59.517, 12.95, 210, 1, 40, 60.00
2026/09/14 16:15:59.533, 12.97, 210, 1, 40, 60.00
2026/09/14 16:15:59.549, 12.97, 210, 1, 40, 60.00
2026/09/14 16:15:59.564, 12.97, 210, 1, 40, 60.00
2026/09/14 16:15:59.580, 12.97, 210, 1, 40, 60.00
2026/09/14 16:15:59.596, 12.97, 210, 1, 40, 60.00
2026/09/14 16:15:59.611, 12.97, 210, 1, 40, 60.00
2026/09/14 16:15:59.627, 12.96, 210, 0, 40, 60.00
2026/09/14 16:15:59.642, 12.96, 210, 0, 40, 60.00
2026/09/14 16:15:59.658, 12.96, 210, 0, 40, 60.00
2026/09/14 16:15:59.673, 12.96, 210, 0, 40, 60.00
2026/09/14 16:15:59.688, 12.96, 210, 0, 40, 60.00
2026/09/14 16:15:59.704, 12.96, 210, 0, 40, 60.00
2026/09/14 16:15:59.720, 12.96, 210, 0, 40, 60.00
2026/09/14 16:15:59.735, 12.94, 210, 0, 40, 60.00
2026/09/14 16:15:59.752, 12.94, 210, 0, 40, 60.00
2026/09/14 16:15:59.767, 12.94, 210, 0, 40, 60.00
2026/09/14 16:15:59.783, 12.94, 210, 0, 40, 60.00
2026/09/14 16:15:59.798, 12.94, 210, 0, 40, 60.00
2026/09/14 16:15:59.814, 12.94, 210, 0, 40, 60.00
2026/09/14 16:15:59.830, 12.85, 210, 0, 40, 60.00
2026/09/14 16:15:59.845, 12.85, 210, 0, 40, 60.00
2026/09/14 16:15:59.861, 12.85, 210, 0, 40, 60.00
2026/09/14 16:15:59.877, 12.85, 210, 0, 40, 60.00
2026/09/14 16:15:59.892, 12.85, 210, 0, 40, 60.00
2026/09/14 16:15:59.907, 12.85, 210, 0, 40, 60.00
2026/09/14 16:15:59.938, 12.83, 210, 0, 40, 60.00
2026/09/14 16:15:59.953, 12.83, 210, 0, 40, 60.00
2026/09/14 16:15:59.969, 12.83, 210, 0, 40, 60.00
2026/09/14 16:15:59.984, 12.83, 210, 0, 40, 60.00
2026/09/14 16:15:59.999, 12.83, 210, 0, 40, 60.00
2026/09/14 16:16:00.014, 12.83, 210, 0, 40, 60.00
2026/09/14 16:16:00.030, 12.90, 210, 2, 40, 60.00
2026/09/14 16:16:00.046, 12.90, 210, 2, 40, 60.00
2026/09/14 16:16:00.062, 12.90, 210, 2, 40, 60.00
2026/09/14 16:16:00.077, 12.90, 210, 2, 40, 60.00
2026/09/14 16:16:00.093, 12.90, 210, 2, 40, 60.00
2026/09/14 16:16:00.108, 12.90, 210, 2, 40, 60.00
2026/09/14 16:16:00.124, 12.88, 210, 2, 40, 60.00
2026/09/14 16:16:00.140, 12.88, 210, 2, 40, 60.00
2026/09/14 16:16:00.156, 12.88, 210, 2, 40, 60.00
2026/09/14 16:16:00.171, 12.88, 210, 2, 40, 60.00
2026/09/14 16:16:00.188, 12.88, 210, 2, 40, 60.00
2026/09/14 16:16:00.203, 12.88, 210, 2, 40, 60.00
2026/09/14 16:16:00.219, 12.88, 210, 2, 40, 60.00
2026/09/14 16:16:00.235, 12.96, 210, 1, 40, 60.00
2026/09/14 16:16:00.251, 12.96, 210, 1, 40, 60.00
2026/09/14 16:16:00.266, 12.96, 210, 1, 40, 60.00
2026/09/14 16:16:00.282, 12.96, 210, 1, 40, 60.00
2026/09/14 16:16:00.298, 12.96, 210, 1, 40, 60.00
2026/09/14 16:16:00.313, 12.96, 210, 1, 40, 60.00
2026/09/14 16:16:00.329, 13.07, 210, 1, 40, 60.00
2026/09/14 16:16:00.344, 13.07, 210, 1, 40, 60.00
2026/09/14 16:16:00.360, 13.07, 210, 1, 40, 60.00
2026/09/14 16:16:00.391, 13.07, 210, 1, 40, 60.00
2026/09/14 16:16:00.406, 13.07, 210, 1, 40, 60.00
2026/09/14 16:16:00.422, 13.07, 210, 1, 40, 60.00
2026/09/14 16:16:00.437, 13.10, 210, 1, 40, 60.00
2026/09/14 16:16:00.453, 13.10, 210, 1, 40, 60.00
2026/09/14 16:16:00.469, 13.10, 210, 1, 40, 60.00
2026/09/14 16:16:00.484, 13.10, 210, 1, 40, 60.00
2026/09/14 16:16:00.500, 13.10, 210, 1, 40, 60.00
2026/09/14 16:16:00.515, 13.10, 210, 1, 40, 60.00
2026/09/14 16:16:00.531, 13.21, 210, 1, 40, 60.00
2026/09/14 16:16:00.547, 13.21, 210, 1, 40, 60.00
2026/09/14 16:16:00.562, 13.21, 210, 1, 40, 60.00
2026/09/14 16:16:00.578, 13.21, 210, 1, 40, 60.00
2026/09/14 16:16:00.594, 13.21, 210, 1, 40, 60.00
2026/09/14 16:16:00.609, 13.21, 210, 1, 40, 60.00
2026/09/14 16:16:00.625, 13.25, 210, 1, 40, 60.00
2026/09/14 16:16:00.640, 13.25, 210, 2, 40, 60.00
2026/09/14 16:16:00.656, 13.25, 210, 2, 40, 60.00
2026/09/14 16:16:00.672, 13.25, 210, 2, 40, 60.00
2026/09/14 16:16:00.688, 13.25, 210, 2, 40, 60.00
2026/09/14 16:16:00.704, 13.25, 210, 2, 40, 60.00
2026/09/14 16:16:00.719, 13.25, 210, 2, 40, 60.00
2026/09/14 16:16:00.735, 13.42, 210, 2, 40, 60.00
2026/09/14 16:16:00.750, 13.42, 210, 2, 40, 60.00
2026/09/14 16:16:00.766, 13.42, 210, 2, 40, 60.00
2026/09/14 16:16:00.782, 13.42, 210, 2, 40, 60.00
2026/09/14 16:16:00.797, 13.42, 210, 2, 40, 60.00
2026/09/14 16:16:00.813, 13.42, 210, 2, 40, 60.00
2026/09/14 16:16:00.844, 13.43, 210, 1, 40, 60.00
2026/09/14 16:16:00.859, 13.43, 210, 1, 40, 60.00
2026/09/14 16:16:00.874, 13.43, 210, 1, 40, 60.00
2026/09/14 16:16:00.891, 13.43, 210, 1, 40, 60.00
2026/09/14 16:16:00.907, 13.43, 210, 1, 40, 60.00
2026/09/14 16:16:00.922, 13.48, 210, 1, 40, 60.00
2026/09/14 16:16:00.938, 13.48, 210, 1, 40, 60.00
2026/09/14 16:16:00.954, 13.48, 210, 1, 40, 60.00
2026/09/14 16:16:00.969, 13.48, 210, 1, 40, 60.00
2026/09/14 16:16:00.985, 13.48, 210, 1, 40, 60.00
2026/09/14 16:16:01.000, 13.48, 210, 1, 40, 60.00
2026/09/14 16:16:01.016, 13.48, 210, 1, 40, 60.00
2026/09/14 16:16:01.031, 13.52, 210, 2, 40, 60.00
2026/09/14 16:16:01.048, 13.52, 210, 2, 40, 60.00
2026/09/14 16:16:01.063, 13.52, 210, 2, 40, 60.00
2026/09/14 16:16:01.079, 13.52, 210, 2, 40, 60.00
2026/09/14 16:16:01.094, 13.52, 210, 2, 40, 60.00
2026/09/14 16:16:01.110, 13.52, 210, 2, 40, 60.00
2026/09/14 16:16:01.126, 13.46, 210, 2, 40, 60.00
2026/09/14 16:16:01.141, 13.46, 210, 2, 40, 60.00
2026/09/14 16:16:01.158, 13.46, 210, 2, 40, 60.00
2026/09/14 16:16:01.174, 13.46, 210, 2, 40, 60.00
2026/09/14 16:16:01.189, 13.46, 210, 2, 40, 60.00
2026/09/14 16:16:01.204, 13.46, 210, 2, 40, 60.00
2026/09/14 16:16:01.220, 13.46, 210, 2, 40, 60.00
2026/09/14 16:16:01.235, 13.44, 210, 0, 40, 60.00
2026/09/14 16:16:01.250, 13.44, 210, 0, 40, 60.00
2026/09/14 16:16:01.266, 13.44, 210, 0, 40, 60.00
2026/09/14 16:16:01.297, 13.44, 210, 0, 40, 60.00
2026/09/14 16:16:01.313, 13.44, 210, 0, 40, 60.00
2026/09/14 16:16:01.328, 13.38, 210, 0, 40, 60.00
2026/09/14 16:16:01.344, 13.38, 210, 0, 40, 60.00
2026/09/14 16:16:01.360, 13.38, 210, 0, 40, 60.00
2026/09/14 16:16:01.376, 13.38, 210, 0, 40, 60.00
2026/09/14 16:16:01.391, 13.38, 210, 0, 40, 60.00
2026/09/14 16:16:01.406, 13.38, 210, 0, 40, 60.00
2026/09/14 16:16:01.423, 13.28, 210, 0, 40, 60.00
2026/09/14 16:16:01.438, 13.28, 210, 0, 40, 60.00
2026/09/14 16:16:01.455, 13.28, 210, 0, 40, 60.00
2026/09/14 16:16:01.470, 13.28, 210, 0, 40, 60.00
2026/09/14 16:16:01.485, 13.28, 210, 0, 40, 60.00
2026/09/14 16:16:01.500, 13.28, 210, 0, 40, 60.00
2026/09/14 16:16:01.515, 13.28, 210, 0, 40, 60.00
2026/09/14 16:16:01.531, 13.25, 210, 0, 40, 60.00
2026/09/14 16:16:01.546, 13.25, 210, 0, 40, 60.00
2026/09/14 16:16:01.561, 13.25, 210, 0, 40, 60.00
2026/09/14 16:16:01.576, 13.25, 210, 0, 40, 60.00
2026/09/14 16:16:01.592, 13.25, 210, 0, 40, 60.00
2026/09/14 16:16:01.608, 13.25, 210, 0, 40, 60.00
2026/09/14 16:16:01.623, 13.13, 210, 0, 40, 60.00
2026/09/14 16:16:01.638, 13.13, 210, 1, 40, 60.00
2026/09/14 16:16:01.653, 13.13, 210, 1, 40, 60.00
2026/09/14 16:16:01.668, 13.13, 210, 1, 40, 60.00
2026/09/14 16:16:01.684, 13.13, 210, 1, 40, 60.00
2026/09/14 16:16:01.699, 13.13, 210, 1, 40, 60.00
2026/09/14 16:16:01.715, 13.13, 210, 1, 40, 60.00
2026/09/14 16:16:01.730, 13.12, 210, 1, 40, 60.00
2026/09/14 16:16:01.761, 13.12, 210, 1, 40, 60.00
2026/09/14 16:16:01.776, 13.12, 210, 1, 40, 60.00
2026/09/14 16:16:01.793, 13.12, 210, 1, 40, 60.00
2026/09/14 16:16:01.808, 13.12, 210, 1, 40, 60.00
2026/09/14 16:16:01.824, 13.03, 210, 1, 40, 60.00
2026/09/14 16:16:01.839, 13.03, 210, 0, 40, 60.00
2026/09/14 16:16:01.854, 13.03, 210, 0, 40, 60.00
2026/09/14 16:16:01.869, 13.03, 210, 0, 40, 60.00
2026/09/14 16:16:01.885, 13.03, 210, 0, 40, 60.00
2026/09/14 16:16:01.900, 13.03, 210, 0, 40, 60.00
2026/09/14 16:16:01.916, 13.03, 210, 0, 40, 60.00
2026/09/14 16:16:01.932, 12.98, 210, 0, 40, 60.00
2026/09/14 16:16:01.948, 12.98, 210, 0, 40, 60.00
2026/09/14 16:16:01.963, 12.98, 210, 0, 40, 60.00
2026/09/14 16:16:01.979, 12.98, 210, 0, 40, 60.00
2026/09/14 16:16:01.995, 12.98, 210, 0, 40, 60.00
2026/09/14 16:16:02.010, 12.98, 210, 0, 40, 60.00
2026/09/14 16:16:02.026, 12.99, 210, 1, 40, 60.00
2026/09/14 16:16:02.042, 12.99, 210, 1, 40, 60.00
2026/09/14 16:16:02.058, 12.99, 210, 1, 40, 60.00
2026/09/14 16:16:02.072, 12.99, 210, 1, 40, 60.00
2026/09/14 16:16:02.088, 12.99, 210, 1, 40, 60.00
2026/09/14 16:16:02.104, 12.99, 210, 1, 40, 60.00
2026/09/14 16:16:02.120, 12.99, 210, 1, 40, 60.00
2026/09/14 16:16:02.135, 12.93, 210, 1, 40, 60.00
2026/09/14 16:16:02.150, 12.93, 210, 1, 40, 60.00
2026/09/14 16:16:02.167, 12.93, 210, 1, 40, 60.00
2026/09/14 16:16:02.182, 12.93, 210, 1, 40, 60.00
2026/09/14 16:16:02.213, 12.93, 210, 1, 40, 60.00
2026/09/14 16:16:02.228, 13.03, 210, 2, 40, 60.00
2026/09/14 16:16:02.243, 13.03, 210, 2, 40, 60.00
2026/09/14 16:16:02.259, 13.03, 210, 2, 40, 60.00
2026/09/14 16:16:02.274, 13.03, 210, 2, 40, 60.00
2026/09/14 16:16:02.290, 13.03, 210, 2, 40, 60.00
2026/09/14 16:16:02.305, 13.03, 210, 2, 40, 60.00
2026/09/14 16:16:02.320, 13.03, 210, 2, 40, 60.00
2026/09/14 16:16:02.336, 13.04, 210, 2, 40, 60.00
2026/09/14 16:16:02.351, 13.04, 210, 2, 40, 60.00
2026/09/14 16:16:02.367, 13.04, 210, 2, 40, 60.00
2026/09/14 16:16:02.383, 13.04, 210, 2, 40, 60.00
2026/09/14 16:16:02.398, 13.04, 210, 2, 40, 60.00
2026/09/14 16:16:02.413, 13.04, 210, 2, 40, 60.00
2026/09/14 16:16:02.429, 13.05, 210, 0, 40, 60.00
2026/09/14 16:16:02.444, 13.05, 210, 0, 40, 60.00
2026/09/14 16:16:02.460, 13.05, 210, 0, 40, 60.00
2026/09/14 16:16:02.476, 13.05, 210, 0, 40, 60.00
2026/09/14 16:16:02.491, 13.05, 210, 0, 40, 60.00
2026/09/14 16:16:02.507, 13.05, 210, 0, 40, 60.00
2026/09/14 16:16:02.523, 13.05, 210, 0, 40, 60.00
2026/09/14 16:16:02.539, 13.05, 210, 0, 40, 60.00
2026/09/14 16:16:02.554, 13.05, 210, 0, 40, 60.00
2026/09/14 16:16:02.570, 13.05, 210, 0, 40, 60.00
2026/09/14 16:16:02.586, 13.05, 210, 0, 40, 60.00
2026/09/14 16:16:02.603, 13.05, 210, 0, 40, 60.00
2026/09/14 16:16:02.618, 13.05, 210, 0, 40, 60.00
2026/09/14 16:16:02.634, 13.06, 210, 0, 40, 60.00
2026/09/14 16:16:02.665, 13.06, 210, 0, 40, 60.00
2026/09/14 16:16:02.681, 13.06, 210, 0, 40, 60.00
2026/09/14 16:16:02.696, 13.06, 210, 0, 40, 60.00
2026/09/14 16:16:02.711, 13.06, 210, 0, 40, 60.00
2026/09/14 16:16:02.727, 13.09, 210, 0, 40, 60.00
2026/09/14 16:16:02.742, 13.09, 210, 0, 40, 60.00
2026/09/14 16:16:02.758, 13.09, 210, 0, 40, 60.00
2026/09/14 16:16:02.773, 13.09, 210, 0, 40, 60.00
2026/09/14 16:16:02.789, 13.09, 210, 0, 40, 60.00
2026/09/14 16:16:02.804, 13.09, 210, 0, 40, 60.00
2026/09/14 16:16:02.819, 13.09, 210, 0, 40, 60.00
2026/09/14 16:16:02.835, 13.09, 210, 1, 40, 60.00
2026/09/14 16:16:02.850, 13.09, 210, 1, 40, 60.00
2026/09/14 16:16:02.866, 13.09, 210, 1, 40, 60.00
2026/09/14 16:16:02.882, 13.09, 210, 1, 40, 60.00
2026/09/14 16:16:02.898, 13.09, 210, 1, 40, 60.00
2026/09/14 16:16:02.914, 13.09, 210, 1, 40, 60.00
2026/09/14 16:16:02.930, 13.11, 210, 1, 40, 60.00
2026/09/14 16:16:02.946, 13.11, 210, 1, 40, 60.00
2026/09/14 16:16:02.961, 13.11, 210, 1, 40, 60.00
2026/09/14 16:16:02.977, 13.11, 210, 1, 40, 60.00
2026/09/14 16:16:02.993, 13.11, 210, 1, 40, 60.00
2026/09/14 16:16:03.008, 13.11, 210, 1, 40, 60.00
2026/09/14 16:16:03.024, 13.14, 210, 1, 40, 60.00
2026/09/14 16:16:03.039, 13.14, 210, 1, 40, 60.00
2026/09/14 16:16:03.055, 13.14, 210, 1, 40, 60.00
2026/09/14 16:16:03.070, 13.14, 210, 1, 40, 60.00
2026/09/14 16:16:03.085, 13.14, 210, 1, 40, 60.00
2026/09/14 16:16:03.117, 13.14, 210, 1, 40, 60.00
2026/09/14 16:16:03.132, 13.11, 210, 1, 40, 60.00
2026/09/14 16:16:03.148, 13.11, 210, 1, 40, 60.00
2026/09/14 16:16:03.163, 13.11, 210, 1, 40, 60.00
2026/09/14 16:16:03.179, 13.11, 210, 1, 40, 60.00
2026/09/14 16:16:03.194, 13.11, 210, 1, 40, 60.00
2026/09/14 16:16:03.210, 13.11, 210, 1, 40, 60.00
2026/09/14 16:16:03.226, 13.13, 210, 1, 40, 60.00
2026/09/14 16:16:03.242, 13.13, 210, 1, 40, 60.00
2026/09/14 16:16:03.258, 13.13, 210, 1, 40, 60.00
2026/09/14 16:16:03.289, 13.13, 210, 1, 40, 60.00
2026/09/14 16:16:03.304, 13.13, 210, 1, 40, 60.00
2026/09/14 16:16:03.319, 13.13, 210, 1, 40, 60.00
2026/09/14 16:16:03.335, 13.06, 210, 1, 40, 60.00
2026/09/14 16:16:03.351, 13.06, 210, 1, 40, 60.00
2026/09/14 16:16:03.366, 13.06, 210, 1, 40, 60.00
2026/09/14 16:16:03.382, 13.06, 210, 1, 40, 60.00
2026/09/14 16:16:03.398, 13.06, 210, 1, 40, 60.00
2026/09/14 16:16:03.414, 13.06, 210, 1, 40, 60.00
2026/09/14 16:16:03.429, 13.07, 210, 1, 40, 60.00
2026/09/14 16:16:03.445, 13.07, 210, 1, 40, 60.00
2026/09/14 16:16:03.460, 13.07, 210, 1, 40, 60.00
2026/09/14 16:16:03.477, 13.07, 210, 1, 40, 60.00
2026/09/14 16:16:03.492, 13.07, 210, 1, 40, 60.00
2026/09/14 16:16:03.507, 13.07, 210, 1, 40, 60.00
2026/09/14 16:16:03.522, 13.05, 210, 1, 40, 60.00
2026/09/14 16:16:03.539, 13.05, 210, 1, 40, 60.00
2026/09/14 16:16:03.570, 13.05, 210, 1, 40, 60.00
2026/09/14 16:16:03.585, 13.05, 210, 1, 40, 60.00
2026/09/14 16:16:03.601, 13.05, 210, 1, 40, 60.00
2026/09/14 16:16:03.617, 13.05, 210, 1, 40, 60.00
2026/09/14 16:16:03.632, 13.08, 210, 0, 40, 60.00
2026/09/14 16:16:03.647, 13.08, 210, 0, 40, 60.00
2026/09/14 16:16:03.663, 13.08, 210, 0, 40, 60.00
2026/09/14 16:16:03.679, 13.08, 210, 0, 40, 60.00
2026/09/14 16:16:03.695, 13.08, 210, 0, 40, 60.00
2026/09/14 16:16:03.711, 13.08, 210, 0, 40, 60.00
2026/09/14 16:16:03.726, 13.05, 210, 0, 40, 60.00
2026/09/14 16:16:03.741, 13.05, 210, 0, 40, 60.00
2026/09/14 16:16:03.756, 13.05, 210, 0, 40, 60.00
2026/09/14 16:16:03.772, 13.05, 210, 0, 40, 60.00
2026/09/14 16:16:03.788, 13.05, 210, 0, 40, 60.00
2026/09/14 16:16:03.804, 13.05, 210, 0, 40, 60.00
2026/09/14 16:16:03.819, 13.05, 210, 0, 40, 60.00
2026/09/14 16:16:03.835, 13.08, 210, 2, 40, 60.00
2026/09/14 16:16:03.851, 13.08, 210, 2, 40, 60.00
2026/09/14 16:16:03.867, 13.08, 210, 2, 40, 60.00
2026/09/14 16:16:03.883, 13.08, 210, 2, 40, 60.00
2026/09/14 16:16:03.898, 13.08, 210, 2, 40, 60.00
2026/09/14 16:16:03.914, 13.08, 210, 2, 40, 60.00
2026/09/14 16:16:03.930, 13.07, 210, 2, 40, 60.00
2026/09/14 16:16:03.946, 13.07, 210, 2, 40, 60.00
2026/09/14 16:16:03.962, 13.07, 210, 2, 40, 60.00
2026/09/14 16:16:03.978, 13.07, 210, 2, 40, 60.00
2026/09/14 16:16:03.993, 13.07, 210, 2, 40, 60.00
2026/09/14 16:16:04.024, 13.07, 210, 2, 40, 60.00
2026/09/14 16:16:04.040, 13.07, 210, 1, 40, 60.00
2026/09/14 16:16:04.055, 13.07, 210, 1, 40, 60.00
2026/09/14 16:16:04.070, 13.07, 210, 1, 40, 60.00
2026/09/14 16:16:04.087, 13.07, 210, 1, 40, 60.00
2026/09/14 16:16:04.102, 13.07, 210, 1, 40, 60.00
2026/09/14 16:16:04.118, 13.07, 210, 1, 40, 60.00
2026/09/14 16:16:04.134, 13.06, 210, 1, 40, 60.00
2026/09/14 16:16:04.149, 13.06, 210, 1, 40, 60.00
2026/09/14 16:16:04.165, 13.06, 210, 1, 40, 60.00
2026/09/14 16:16:04.181, 13.06, 210, 1, 40, 60.00
2026/09/14 16:16:04.196, 13.06, 210, 1, 40, 60.00
2026/09/14 16:16:04.212, 13.06, 210, 1, 40, 60.00
2026/09/14 16:16:04.227, 13.02, 210, 0, 40, 60.00
2026/09/14 16:16:04.258, 13.02, 210, 0, 40, 60.00
2026/09/14 16:16:04.275, 13.02, 210, 0, 40, 60.00
2026/09/14 16:16:04.291, 13.02, 210, 0, 40, 60.00
2026/09/14 16:16:04.306, 13.02, 210, 0, 40, 60.00
2026/09/14 16:16:04.321, 13.03, 210, 0, 40, 60.00
2026/09/14 16:16:04.337, 13.03, 210, 0, 40, 60.00
2026/09/14 16:16:04.354, 13.03, 210, 0, 40, 60.00
2026/09/14 16:16:04.385, 13.03, 210, 0, 40, 60.00
2026/09/14 16:16:04.401, 13.03, 210, 0, 40, 60.00
2026/09/14 16:16:04.416, 13.03, 210, 0, 40, 60.00
2026/09/14 16:16:04.432, 13.07, 210, 2, 40, 60.00
2026/09/14 16:16:04.448, 13.07, 210, 2, 40, 60.00
2026/09/14 16:16:04.480, 13.07, 210, 2, 40, 60.00
2026/09/14 16:16:04.495, 13.07, 210, 2, 40, 60.00
2026/09/14 16:16:04.511, 13.07, 210, 2, 40, 60.00
2026/09/14 16:16:04.526, 13.06, 210, 2, 40, 60.00
2026/09/14 16:16:04.542, 13.06, 210, 2, 40, 60.00
2026/09/14 16:16:04.557, 13.06, 210, 2, 40, 60.00
2026/09/14 16:16:04.573, 13.06, 210, 2, 40, 60.00
2026/09/14 16:16:04.588, 13.06, 210, 2, 40, 60.00
2026/09/14 16:16:04.604, 13.06, 210, 2, 40, 60.00
2026/09/14 16:16:04.620, 13.06, 210, 2, 40, 60.00
2026/09/14 16:16:04.635, 13.07, 210, 0, 40, 60.00
2026/09/14 16:16:04.651, 13.07, 210, 0, 40, 60.00
2026/09/14 16:16:04.666, 13.07, 210, 0, 40, 60.00
2026/09/14 16:16:04.682, 13.07, 210, 0, 40, 60.00
2026/09/14 16:16:04.698, 13.07, 210, 0, 40, 60.00
2026/09/14 16:16:04.713, 13.07, 210, 0, 40, 60.00
2026/09/14 16:16:04.729, 13.08, 210, 0, 40, 60.00
2026/09/14 16:16:04.745, 13.08, 210, 0, 40, 60.00
2026/09/14 16:16:04.760, 13.08, 210, 0, 40, 60.00
2026/09/14 16:16:04.776, 13.08, 210, 0, 40, 60.00
2026/09/14 16:16:04.791, 13.08, 210, 0, 40, 60.00
2026/09/14 16:16:04.807, 13.08, 210, 0, 40, 60.00
2026/09/14 16:16:04.822, 13.01, 210, 0, 40, 60.00
2026/09/14 16:16:04.838, 13.01, 210, 0, 40, 60.00
2026/09/14 16:16:04.853, 13.01, 210, 0, 40, 60.00
2026/09/14 16:16:04.870, 13.01, 210, 0, 40, 60.00
2026/09/14 16:16:04.885, 13.01, 210, 0, 40, 60.00
2026/09/14 16:16:04.902, 13.01, 210, 0, 40, 60.00
2026/09/14 16:16:04.932, 13.06, 210, 0, 40, 60.00
2026/09/14 16:16:04.948, 13.06, 210, 0, 40, 60.00
2026/09/14 16:16:04.978, 13.06, 210, 0, 40, 60.00
2026/09/14 16:16:04.993, 13.06, 210, 0, 40, 60.00
2026/09/14 16:16:05.009, 13.06, 210, 0, 40, 60.00
2026/09/14 16:16:05.024, 13.12, 210, 0, 40, 60.00
2026/09/14 16:16:05.040, 13.12, 210, 2, 40, 60.00
2026/09/14 16:16:05.056, 13.12, 210, 2, 40, 60.00
2026/09/14 16:16:05.087, 13.12, 210, 2, 40, 60.00
2026/09/14 16:16:05.103, 13.12, 210, 2, 40, 60.00
2026/09/14 16:16:05.118, 13.12, 210, 2, 40, 60.00
2026/09/14 16:16:05.133, 13.15, 210, 2, 40, 60.00
2026/09/14 16:16:05.149, 13.15, 210, 2, 40, 60.00
2026/09/14 16:16:05.165, 13.15, 210, 2, 40, 60.00
2026/09/14 16:16:05.180, 13.15, 210, 2, 40, 60.00
2026/09/14 16:16:05.196, 13.15, 210, 2, 40, 60.00
2026/09/14 16:16:05.212, 13.15, 210, 2, 40, 60.00
2026/09/14 16:16:05.228, 13.13, 210, 1, 40, 60.00
2026/09/14 16:16:05.258, 13.13, 210, 1, 40, 60.00
2026/09/14 16:16:05.274, 13.13, 210, 1, 40, 60.00
2026/09/14 16:16:05.289, 13.13, 210, 1, 40, 60.00
2026/09/14 16:16:05.305, 13.13, 210, 1, 40, 60.00
2026/09/14 16:16:05.335, 13.23, 210, 1, 40, 60.00
2026/09/14 16:16:05.351, 13.23, 210, 1, 40, 60.00
2026/09/14 16:16:05.366, 13.23, 210, 1, 40, 60.00
2026/09/14 16:16:05.397, 13.23, 210, 1, 40, 60.00
2026/09/14 16:16:05.413, 13.23, 210, 1, 40, 60.00
2026/09/14 16:16:05.429, 13.25, 210, 2, 40, 60.00
2026/09/14 16:16:05.445, 13.25, 210, 2, 40, 60.00
2026/09/14 16:16:05.461, 13.25, 210, 2, 40, 60.00
2026/09/14 16:16:05.476, 13.25, 210, 2, 40, 60.00
2026/09/14 16:16:05.492, 13.25, 210, 2, 40, 60.00
2026/09/14 16:16:05.508, 13.25, 210, 2, 40, 60.00
2026/09/14 16:16:05.524, 13.23, 210, 2, 40, 60.00
2026/09/14 16:16:05.540, 13.23, 210, 2, 40, 60.00
2026/09/14 16:16:05.555, 13.23, 210, 2, 40, 60.00
2026/09/14 16:16:05.570, 13.23, 210, 2, 40, 60.00
2026/09/14 16:16:05.586, 13.23, 210, 2, 40, 60.00
2026/09/14 16:16:05.601, 13.23, 210, 2, 40, 60.00
2026/09/14 16:16:05.616, 13.23, 210, 2, 40, 60.00
2026/09/14 16:16:05.631, 13.33, 210, 2, 40, 60.00
2026/09/14 16:16:05.647, 13.33, 210, 2, 40, 60.00
2026/09/14 16:16:05.663, 13.33, 210, 2, 40, 60.00
2026/09/14 16:16:05.679, 13.33, 210, 2, 40, 60.00
2026/09/14 16:16:05.695, 13.33, 210, 2, 40, 60.00
2026/09/14 16:16:05.712, 13.33, 210, 2, 40, 60.00
2026/09/14 16:16:05.727, 13.37, 210, 2, 40, 60.00
2026/09/14 16:16:05.743, 13.37, 210, 2, 40, 60.00
2026/09/14 16:16:05.759, 13.37, 210, 2, 40, 60.00
2026/09/14 16:16:05.774, 13.37, 210, 2, 40, 60.00
2026/09/14 16:16:05.790, 13.37, 210, 2, 40, 60.00
2026/09/14 16:16:05.806, 13.37, 210, 2, 40, 60.00
2026/09/14 16:16:05.821, 13.38, 210, 2, 40, 60.00
2026/09/14 16:16:05.853, 13.38, 210, 1, 40, 60.00
2026/09/14 16:16:05.869, 13.38, 210, 1, 40, 60.00
2026/09/14 16:16:05.884, 13.38, 210, 1, 40, 60.00
2026/09/14 16:16:05.900, 13.38, 210, 1, 40, 60.00
2026/09/14 16:16:05.916, 13.38, 210, 1, 40, 60.00
2026/09/14 16:16:05.932, 13.45, 210, 1, 40, 60.00
2026/09/14 16:16:05.947, 13.45, 210, 1, 40, 60.00
2026/09/14 16:16:05.963, 13.45, 210, 1, 40, 60.00
2026/09/14 16:16:05.979, 13.45, 210, 1, 40, 60.00
2026/09/14 16:16:05.994, 13.45, 210, 1, 40, 60.00
2026/09/14 16:16:06.010, 13.45, 210, 1, 40, 60.00
2026/09/14 16:16:06.025, 13.44, 210, 2, 40, 60.00
2026/09/14 16:16:06.040, 13.44, 210, 2, 40, 60.00
2026/09/14 16:16:06.056, 13.44, 210, 2, 40, 60.00
2026/09/14 16:16:06.071, 13.44, 210, 2, 40, 60.00
2026/09/14 16:16:06.087, 13.44, 210, 2, 40, 60.00
2026/09/14 16:16:06.102, 13.44, 210, 2, 40, 60.00
2026/09/14 16:16:06.118, 13.44, 210, 2, 40, 60.00
2026/09/14 16:16:06.134, 13.38, 210, 2, 40, 60.00
2026/09/14 16:16:06.149, 13.38, 210, 2, 40, 60.00
2026/09/14 16:16:06.165, 13.38, 210, 2, 40, 60.00
2026/09/14 16:16:06.180, 13.38, 210, 2, 40, 60.00
2026/09/14 16:16:06.195, 13.38, 210, 2, 40, 60.00
2026/09/14 16:16:06.211, 13.38, 210, 2, 40, 60.00
2026/09/14 16:16:06.227, 13.31, 210, 0, 40, 60.00
2026/09/14 16:16:06.242, 13.31, 210, 0, 40, 60.00
2026/09/14 16:16:06.257, 13.31, 210, 0, 40, 60.00
2026/09/14 16:16:06.273, 13.31, 210, 0, 40, 60.00
2026/09/14 16:16:06.305, 13.31, 210, 0, 40, 60.00
2026/09/14 16:16:06.320, 13.32, 210, 0, 40, 60.00
2026/09/14 16:16:06.336, 13.32, 210, 0, 40, 60.00
2026/09/14 16:16:06.352, 13.32, 210, 0, 40, 60.00
2026/09/14 16:16:06.367, 13.32, 210, 0, 40, 60.00
2026/09/14 16:16:06.383, 13.32, 210, 0, 40, 60.00
2026/09/14 16:16:06.399, 13.32, 210, 0, 40, 60.00
2026/09/14 16:16:06.415, 13.32, 210, 0, 40, 60.00
2026/09/14 16:16:06.430, 13.24, 210, 0, 40, 60.00
2026/09/14 16:16:06.445, 13.24, 210, 0, 40, 60.00
2026/09/14 16:16:06.460, 13.24, 210, 0, 40, 60.00
2026/09/14 16:16:06.477, 13.24, 210, 0, 40, 60.00
2026/09/14 16:16:06.492, 13.24, 210, 0, 40, 60.00
2026/09/14 16:16:06.507, 13.24, 210, 0, 40, 60.00
2026/09/14 16:16:06.523, 13.18, 210, 0, 40, 60.00
2026/09/14 16:16:06.538, 13.18, 210, 0, 40, 60.00
2026/09/14 16:16:06.554, 13.18, 210, 0, 40, 60.00
2026/09/14 16:16:06.569, 13.18, 210, 0, 40, 60.00
2026/09/14 16:16:06.584, 13.18, 210, 0, 40, 60.00
2026/09/14 16:16:06.600, 13.18, 210, 0, 40, 60.00
2026/09/14 16:16:06.616, 13.18, 210, 0, 40, 60.00
2026/09/14 16:16:06.632, 13.20, 210, 1, 40, 60.00
2026/09/14 16:16:06.647, 13.20, 210, 1, 40, 60.00
2026/09/14 16:16:06.663, 13.20, 210, 1, 40, 60.00
2026/09/14 16:16:06.680, 13.20, 210, 1, 40, 60.00
2026/09/14 16:16:06.695, 13.20, 210, 1, 40, 60.00
2026/09/14 16:16:06.710, 13.20, 210, 1, 40, 60.00
2026/09/14 16:16:06.726, 13.10, 210, 1, 40, 60.00
2026/09/14 16:16:06.757, 13.10, 210, 1, 40, 60.00
2026/09/14 16:16:06.772, 13.10, 210, 1, 40, 60.00
2026/09/14 16:16:06.788, 13.10, 210, 1, 40, 60.00
2026/09/14 16:16:06.804, 13.10, 210, 1, 40, 60.00
2026/09/14 16:16:06.820, 13.10, 210, 1, 40, 60.00
2026/09/14 16:16:06.836, 13.06, 210, 0, 40, 60.00
2026/09/14 16:16:06.851, 13.06, 210, 0, 40, 60.00
2026/09/14 16:16:06.868, 13.06, 210, 0, 40, 60.00
2026/09/14 16:16:06.883, 13.06, 210, 0, 40, 60.00
2026/09/14 16:16:06.899, 13.06, 210, 0, 40, 60.00
2026/09/14 16:16:06.914, 13.06, 210, 0, 40, 60.00
2026/09/14 16:16:06.930, 13.04, 210, 0, 40, 60.00
2026/09/14 16:16:06.945, 13.04, 210, 0, 40, 60.00
2026/09/14 16:16:06.961, 13.04, 210, 0, 40, 60.00
2026/09/14 16:16:06.976, 13.04, 210, 0, 40, 60.00
2026/09/14 16:16:06.991, 13.04, 210, 0, 40, 60.00
2026/09/14 16:16:07.022, 13.07, 210, 0, 40, 60.00
2026/09/14 16:16:07.038, 13.07, 210, 2, 40, 60.00
2026/09/14 16:16:07.054, 13.07, 210, 2, 40, 60.00
2026/09/14 16:16:07.070, 13.07, 210, 2, 40, 60.00
2026/09/14 16:16:07.086, 13.07, 210, 2, 40, 60.00
2026/09/14 16:16:07.102, 13.07, 210, 2, 40, 60.00
2026/09/14 16:16:07.118, 13.07, 210, 2, 40, 60.00
2026/09/14 16:16:07.134, 13.06, 210, 2, 40, 60.00
2026/09/14 16:16:07.149, 13.06, 210, 2, 40, 60.00
2026/09/14 16:16:07.165, 13.06, 210, 2, 40, 60.00
2026/09/14 16:16:07.181, 13.06, 210, 2, 40, 60.00
2026/09/14 16:16:07.213, 13.06, 210, 2, 40, 60.00
2026/09/14 16:16:07.229, 13.06, 210, 1, 40, 60.00
2026/09/14 16:16:07.245, 13.06, 210, 1, 40, 60.00
2026/09/14 16:16:07.260, 13.06, 210, 1, 40, 60.00
2026/09/14 16:16:07.276, 13.06, 210, 1, 40, 60.00
2026/09/14 16:16:07.291, 13.06, 210, 1, 40, 60.00
2026/09/14 16:16:07.306, 13.06, 210, 1, 40, 60.00
2026/09/14 16:16:07.322, 13.12, 210, 1, 40, 60.00
2026/09/14 16:16:07.337, 13.12, 210, 1, 40, 60.00
2026/09/14 16:16:07.353, 13.12, 210, 1, 40, 60.00
2026/09/14 16:16:07.369, 13.12, 210, 1, 40, 60.00
2026/09/14 16:16:07.384, 13.12, 210, 1, 40, 60.00
2026/09/14 16:16:07.400, 13.12, 210, 1, 40, 60.00
2026/09/14 16:16:07.415, 13.12, 210, 1, 40, 60.00
2026/09/14 16:16:07.431, 13.13, 210, 1, 40, 60.00
2026/09/14 16:16:07.446, 13.13, 210, 1, 40, 60.00
2026/09/14 16:16:07.462, 13.13, 210, 1, 40, 60.00
2026/09/14 16:16:07.478, 13.13, 210, 1, 40, 60.00
2026/09/14 16:16:07.493, 13.13, 210, 1, 40, 60.00
2026/09/14 16:16:07.508, 13.13, 210, 1, 40, 60.00
2026/09/14 16:16:07.524, 13.14, 210, 1, 40, 60.00
2026/09/14 16:16:07.540, 13.14, 210, 1, 40, 60.00
2026/09/14 16:16:07.555, 13.14, 210, 1, 40, 60.00
2026/09/14 16:16:07.571, 13.14, 210, 1, 40, 60.00
2026/09/14 16:16:07.586, 13.14, 210, 1, 40, 60.00
2026/09/14 16:16:07.602, 13.14, 210, 1, 40, 60.00
2026/09/14 16:16:07.618, 13.14, 210, 1, 40, 60.00
2026/09/14 16:16:07.633, 13.13, 210, 0, 40, 60.00
2026/09/14 16:16:07.665, 13.13, 210, 0, 40, 60.00
2026/09/14 16:16:07.681, 13.13, 210, 0, 40, 60.00
2026/09/14 16:16:07.697, 13.13, 210, 0, 40, 60.00
2026/09/14 16:16:07.712, 13.13, 210, 0, 40, 60.00
2026/09/14 16:16:07.729, 13.10, 210, 0, 40, 60.00
2026/09/14 16:16:07.744, 13.10, 210, 0, 40, 60.00
2026/09/14 16:16:07.759, 13.10, 210, 0, 40, 60.00
2026/09/14 16:16:07.775, 13.10, 210, 0, 40, 60.00
2026/09/14 16:16:07.790, 13.10, 210, 0, 40, 60.00
2026/09/14 16:16:07.806, 13.10, 210, 0, 40, 60.00
2026/09/14 16:16:07.822, 13.10, 210, 0, 40, 60.00
2026/09/14 16:16:07.837, 13.10, 210, 1, 40, 60.00
2026/09/14 16:16:07.853, 13.10, 210, 1, 40, 60.00
2026/09/14 16:16:07.868, 13.10, 210, 1, 40, 60.00
2026/09/14 16:16:07.884, 13.10, 210, 1, 40, 60.00
2026/09/14 16:16:07.900, 13.10, 210, 1, 40, 60.00
2026/09/14 16:16:07.916, 13.10, 210, 1, 40, 60.00
2026/09/14 16:16:07.931, 13.10, 210, 1, 40, 60.00
2026/09/14 16:16:07.946, 13.10, 210, 1, 40, 60.00
2026/09/14 16:16:07.962, 13.10, 210, 1, 40, 60.00
2026/09/14 16:16:07.977, 13.10, 210, 1, 40, 60.00
2026/09/14 16:16:07.992, 13.10, 210, 1, 40, 60.00
2026/09/14 16:16:08.008, 13.10, 210, 1, 40, 60.00
2026/09/14 16:16:08.024, 13.12, 210, 1, 40, 60.00
2026/09/14 16:16:08.039, 13.12, 210, 1, 40, 60.00
2026/09/14 16:16:08.055, 13.12, 210, 1, 40, 60.00
2026/09/14 16:16:08.070, 13.12, 210, 1, 40, 60.00
2026/09/14 16:16:08.085, 13.12, 210, 1, 40, 60.00
2026/09/14 16:16:08.117, 13.12, 210, 1, 40, 60.00
2026/09/14 16:16:08.133, 13.06, 210, 1, 40, 60.00
2026/09/14 16:16:08.149, 13.06, 210, 1, 40, 60.00
2026/09/14 16:16:08.166, 13.06, 210, 1, 40, 60.00
2026/09/14 16:16:08.181, 13.06, 210, 1, 40, 60.00
2026/09/14 16:16:08.196, 13.06, 210, 1, 40, 60.00
2026/09/14 16:16:08.212, 13.06, 210, 1, 40, 60.00
2026/09/14 16:16:08.228, 13.02, 210, 1, 40, 60.00
2026/09/14 16:16:08.261, 13.02, 210, 1, 40, 60.00
2026/09/14 16:16:08.276, 13.02, 210, 1, 40, 60.00
2026/09/14 16:16:08.292, 13.02, 210, 1, 40, 60.00
2026/09/14 16:16:08.308, 13.02, 210, 1, 40, 60.00
2026/09/14 16:16:08.323, 13.04, 210, 1, 40, 60.00
2026/09/14 16:16:08.339, 13.04, 210, 1, 40, 60.00
2026/09/14 16:16:08.354, 13.04, 210, 1, 40, 60.00
2026/09/14 16:16:08.370, 13.04, 210, 1, 40, 60.00
2026/09/14 16:16:08.384, 13.04, 210, 1, 40, 60.00
2026/09/14 16:16:08.400, 13.04, 210, 1, 40, 60.00
2026/09/14 16:16:08.416, 13.04, 210, 1, 40, 60.00
2026/09/14 16:16:08.431, 12.98, 210, 0, 40, 60.00
2026/09/14 16:16:08.446, 12.98, 210, 0, 40, 60.00
2026/09/14 16:16:08.462, 12.98, 210, 0, 40, 60.00
2026/09/14 16:16:08.477, 12.98, 210, 0, 40, 60.00
2026/09/14 16:16:08.493, 12.98, 210, 0, 40, 60.00
2026/09/14 16:16:08.509, 12.98, 210, 0, 40, 60.00
2026/09/14 16:16:08.525, 12.98, 210, 0, 40, 60.00
2026/09/14 16:16:08.541, 12.98, 210, 0, 40, 60.00
2026/09/14 16:16:08.573, 12.98, 210, 0, 40, 60.00
2026/09/14 16:16:08.588, 12.98, 210, 0, 40, 60.00
2026/09/14 16:16:08.604, 12.98, 210, 0, 40, 60.00
2026/09/14 16:16:08.620, 12.98, 210, 0, 40, 60.00
2026/09/14 16:16:08.636, 12.97, 210, 0, 40, 60.00
2026/09/14 16:16:08.651, 12.97, 210, 0, 40, 60.00
2026/09/14 16:16:08.666, 12.97, 210, 0, 40, 60.00
2026/09/14 16:16:08.682, 12.97, 210, 0, 40, 60.00
2026/09/14 16:16:08.698, 12.97, 210, 0, 40, 60.00
2026/09/14 16:16:08.713, 12.97, 210, 0, 40, 60.00
2026/09/14 16:16:08.729, 12.97, 210, 0, 40, 60.00
2026/09/14 16:16:08.746, 12.97, 210, 0, 40, 60.00
2026/09/14 16:16:08.760, 12.97, 210, 0, 40, 60.00
2026/09/14 16:16:08.776, 12.97, 210, 0, 40, 60.00
2026/09/14 16:16:08.791, 12.97, 210, 0, 40, 60.00
2026/09/14 16:16:08.807, 12.97, 210, 0, 40, 60.00
2026/09/14 16:16:08.823, 12.97, 210, 0, 40, 60.00
2026/09/14 16:16:08.839, 12.97, 210, 1, 40, 60.00
2026/09/14 16:16:08.854, 12.97, 210, 1, 40, 60.00
2026/09/14 16:16:08.870, 12.97, 210, 1, 40, 60.00
2026/09/14 16:16:08.885, 12.97, 210, 1, 40, 60.00
2026/09/14 16:16:08.902, 12.97, 210, 1, 40, 60.00
2026/09/14 16:16:08.918, 12.97, 210, 1, 40, 60.00
2026/09/14 16:16:08.934, 12.98, 210, 1, 40, 60.00
2026/09/14 16:16:08.950, 12.98, 210, 1, 40, 60.00
2026/09/14 16:16:08.966, 12.98, 210, 1, 40, 60.00
2026/09/14 16:16:08.981, 12.98, 210, 1, 40, 60.00
2026/09/14 16:16:08.997, 12.98, 210, 1, 40, 60.00
2026/09/14 16:16:09.028, 12.99, 210, 1, 40, 60.00
2026/09/14 16:16:09.043, 12.99, 210, 1, 40, 60.00
2026/09/14 16:16:09.059, 12.99, 210, 1, 40, 60.00
2026/09/14 16:16:09.075, 12.99, 210, 1, 40, 60.00
2026/09/14 16:16:09.091, 12.99, 210, 1, 40, 60.00
2026/09/14 16:16:09.106, 12.99, 210, 1, 40, 60.00
2026/09/14 16:16:09.121, 12.97, 210, 1, 40, 60.00
2026/09/14 16:16:09.137, 12.97, 210, 1, 40, 60.00
2026/09/14 16:16:09.152, 12.97, 210, 1, 40, 60.00
2026/09/14 16:16:09.168, 12.97, 210, 1, 40, 60.00
2026/09/14 16:16:09.183, 12.97, 210, 1, 40, 60.00
2026/09/14 16:16:09.199, 12.97, 210, 1, 40, 60.00
2026/09/14 16:16:09.215, 12.97, 210, 1, 40, 60.00
2026/09/14 16:16:09.230, 12.94, 210, 0, 40, 60.00
2026/09/14 16:16:09.246, 12.94, 210, 0, 40, 60.00
2026/09/14 16:16:09.262, 12.94, 210, 0, 40, 60.00
2026/09/14 16:16:09.277, 12.94, 210, 0, 40, 60.00
2026/09/14 16:16:09.293, 12.94, 210, 0, 40, 60.00
2026/09/14 16:16:09.310, 12.94, 210, 0, 40, 60.00
2026/09/14 16:16:09.325, 12.97, 210, 0, 40, 60.00
2026/09/14 16:16:09.340, 12.97, 210, 0, 40, 60.00
2026/09/14 16:16:09.356, 12.97, 210, 0, 40, 60.00
2026/09/14 16:16:09.372, 12.97, 210, 0, 40, 60.00
2026/09/14 16:16:09.388, 12.97, 210, 0, 40, 60.00
2026/09/14 16:16:09.404, 12.97, 210, 0, 40, 60.00
2026/09/14 16:16:09.420, 12.97, 210, 0, 40, 60.00
2026/09/14 16:16:09.436, 12.99, 210, 1, 40, 60.00
2026/09/14 16:16:09.451, 12.99, 210, 1, 40, 60.00
2026/09/14 16:16:09.483, 12.99, 210, 1, 40, 60.00
2026/09/14 16:16:09.498, 12.99, 210, 1, 40, 60.00
2026/09/14 16:16:09.513, 12.99, 210, 1, 40, 60.00
2026/09/14 16:16:09.529, 13.01, 210, 1, 40, 60.00
2026/09/14 16:16:09.545, 13.01, 210, 1, 40, 60.00
2026/09/14 16:16:09.561, 13.01, 210, 1, 40, 60.00
2026/09/14 16:16:09.577, 13.01, 210, 1, 40, 60.00
2026/09/14 16:16:09.592, 13.01, 210, 1, 40, 60.00
2026/09/14 16:16:09.608, 13.01, 210, 1, 40, 60.00
2026/09/14 16:16:09.623, 13.00, 210, 0, 40, 60.00
2026/09/14 16:16:09.638, 13.00, 210, 0, 40, 60.00
2026/09/14 16:16:09.654, 13.00, 210, 0, 40, 60.00
2026/09/14 16:16:09.670, 13.00, 210, 0, 40, 60.00
2026/09/14 16:16:09.685, 13.00, 210, 0, 40, 60.00
2026/09/14 16:16:09.701, 13.00, 210, 0, 40, 60.00
2026/09/14 16:16:09.716, 13.00, 210, 0, 40, 60.00
2026/09/14 16:16:09.732, 13.00, 210, 0, 40, 60.00
2026/09/14 16:16:09.749, 13.00, 210, 0, 40, 60.00
2026/09/14 16:16:09.763, 13.00, 210, 0, 40, 60.00
2026/09/14 16:16:09.779, 13.00, 210, 0, 40, 60.00
2026/09/14 16:16:09.795, 13.00, 210, 0, 40, 60.00
2026/09/14 16:16:09.811, 13.00, 210, 0, 40, 60.00
2026/09/14 16:16:09.827, 13.02, 210, 1, 40, 60.00
2026/09/14 16:16:09.842, 13.02, 210, 1, 40, 60.00
2026/09/14 16:16:09.858, 13.02, 210, 1, 40, 60.00
2026/09/14 16:16:09.873, 13.02, 210, 1, 40, 60.00
2026/09/14 16:16:09.904, 13.02, 210, 1, 40, 60.00
2026/09/14 16:16:09.936, 13.04, 210, 1, 40, 60.00
2026/09/14 16:16:09.952, 13.04, 210, 1, 40, 60.00
2026/09/14 16:16:09.983, 13.04, 210, 1, 40, 60.00
2026/09/14 16:16:09.999, 13.04, 210, 1, 40, 60.00
2026/09/14 16:16:10.013, 13.04, 210, 1, 40, 60.00
2026/09/14 16:16:10.029, 13.08, 210, 2, 40, 60.00
2026/09/14 16:16:10.045, 13.08, 210, 2, 40, 60.00
2026/09/14 16:16:10.061, 13.08, 210, 2, 40, 60.00
2026/09/14 16:16:10.076, 13.08, 210, 2, 40, 60.00
2026/09/14 16:16:10.092, 13.08, 210, 2, 40, 60.00
2026/09/14 16:16:10.107, 13.08, 210, 2, 40, 60.00
2026/09/14 16:16:10.123, 13.12, 210, 2, 40, 60.00
2026/09/14 16:16:10.138, 13.12, 210, 2, 40, 60.00
2026/09/14 16:16:10.153, 13.12, 210, 2, 40, 60.00
2026/09/14 16:16:10.168, 13.12, 210, 2, 40, 60.00
2026/09/14 16:16:10.184, 13.12, 210, 2, 40, 60.00
2026/09/14 16:16:10.200, 13.12, 210, 2, 40, 60.00
2026/09/14 16:16:10.215, 13.12, 210, 2, 40, 60.00
2026/09/14 16:16:10.231, 13.19, 210, 1, 40, 60.00
2026/09/14 16:16:10.247, 13.19, 210, 1, 40, 60.00
2026/09/14 16:16:10.262, 13.19, 210, 1, 40, 60.00
2026/09/14 16:16:10.278, 13.19, 210, 1, 40, 60.00
2026/09/14 16:16:10.294, 13.19, 210, 1, 40, 60.00
2026/09/14 16:16:10.310, 13.19, 210, 1, 40, 60.00
2026/09/14 16:16:10.324, 13.24, 210, 1, 40, 60.00
2026/09/14 16:16:10.340, 13.24, 210, 1, 40, 60.00
2026/09/14 16:16:10.355, 13.24, 210, 1, 40, 60.00
2026/09/14 16:16:10.387, 13.24, 210, 1, 40, 60.00
2026/09/14 16:16:10.403, 13.24, 210, 1, 40, 60.00
2026/09/14 16:16:10.433, 13.28, 210, 2, 40, 60.00
2026/09/14 16:16:10.465, 13.28, 210, 2, 40, 60.00
2026/09/14 16:16:10.482, 13.28, 210, 2, 40, 60.00
2026/09/14 16:16:10.497, 13.28, 210, 2, 40, 60.00
2026/09/14 16:16:10.513, 13.28, 210, 2, 40, 60.00
2026/09/14 16:16:10.528, 13.31, 210, 2, 40, 60.00
2026/09/14 16:16:10.544, 13.31, 210, 2, 40, 60.00
2026/09/14 16:16:10.560, 13.31, 210, 2, 40, 60.00
2026/09/14 16:16:10.576, 13.31, 210, 2, 40, 60.00
2026/09/14 16:16:10.592, 13.31, 210, 2, 40, 60.00
2026/09/14 16:16:10.607, 13.31, 210, 2, 40, 60.00
2026/09/14 16:16:10.622, 13.36, 210, 2, 40, 60.00
2026/09/14 16:16:10.638, 13.36, 210, 1, 40, 60.00
2026/09/14 16:16:10.655, 13.36, 210, 1, 40, 60.00
2026/09/14 16:16:10.670, 13.36, 210, 1, 40, 60.00
2026/09/14 16:16:10.685, 13.36, 210, 1, 40, 60.00
2026/09/14 16:16:10.702, 13.36, 210, 1, 40, 60.00
2026/09/14 16:16:10.717, 13.36, 210, 1, 40, 60.00
2026/09/14 16:16:10.732, 13.41, 210, 1, 40, 60.00
2026/09/14 16:16:10.748, 13.41, 210, 1, 40, 60.00
2026/09/14 16:16:10.764, 13.41, 210, 1, 40, 60.00
2026/09/14 16:16:10.780, 13.41, 210, 1, 40, 60.00
2026/09/14 16:16:10.795, 13.41, 210, 1, 40, 60.00
2026/09/14 16:16:10.810, 13.41, 210, 1, 40, 60.00
2026/09/14 16:16:10.842, 13.47, 210, 1, 40, 60.00
2026/09/14 16:16:10.858, 13.47, 210, 1, 40, 60.00
2026/09/14 16:16:10.874, 13.47, 210, 1, 40, 60.00
2026/09/14 16:16:10.889, 13.47, 210, 1, 40, 60.00
2026/09/14 16:16:10.905, 13.47, 210, 1, 40, 60.00
2026/09/14 16:16:10.936, 13.49, 210, 1, 40, 60.00
2026/09/14 16:16:10.950, 13.49, 210, 1, 40, 60.00
2026/09/14 16:16:10.981, 13.49, 210, 1, 40, 60.00
2026/09/14 16:16:10.996, 13.49, 210, 1, 40, 60.00
2026/09/14 16:16:11.012, 13.49, 210, 1, 40, 60.00
2026/09/14 16:16:11.027, 13.48, 210, 2, 40, 60.00
2026/09/14 16:16:11.043, 13.48, 210, 2, 40, 60.00
2026/09/14 16:16:11.058, 13.48, 210, 2, 40, 60.00
2026/09/14 16:16:11.074, 13.48, 210, 2, 40, 60.00
2026/09/14 16:16:11.089, 13.48, 210, 2, 40, 60.00
2026/09/14 16:16:11.105, 13.48, 210, 2, 40, 60.00
2026/09/14 16:16:11.121, 13.45, 210, 2, 40, 60.00
2026/09/14 16:16:11.137, 13.45, 210, 2, 40, 60.00
2026/09/14 16:16:11.152, 13.45, 210, 2, 40, 60.00
2026/09/14 16:16:11.167, 13.45, 210, 2, 40, 60.00
2026/09/14 16:16:11.183, 13.45, 210, 2, 40, 60.00
2026/09/14 16:16:11.198, 13.45, 210, 2, 40, 60.00
2026/09/14 16:16:11.214, 13.45, 210, 2, 40, 60.00
2026/09/14 16:16:11.230, 13.39, 210, 0, 40, 60.00
2026/09/14 16:16:11.245, 13.39, 210, 0, 40, 60.00
2026/09/14 16:16:11.260, 13.39, 210, 0, 40, 60.00
2026/09/14 16:16:11.276, 13.39, 210, 0, 40, 60.00
2026/09/14 16:16:11.307, 13.39, 210, 0, 40, 60.00
2026/09/14 16:16:11.323, 13.33, 210, 0, 40, 60.00
2026/09/14 16:16:11.339, 13.33, 210, 0, 40, 60.00
2026/09/14 16:16:11.354, 13.33, 210, 0, 40, 60.00
2026/09/14 16:16:11.370, 13.33, 210, 0, 40, 60.00
2026/09/14 16:16:11.385, 13.33, 210, 0, 40, 60.00
2026/09/14 16:16:11.402, 13.33, 210, 0, 40, 60.00
2026/09/14 16:16:11.418, 13.33, 210, 0, 40, 60.00
2026/09/14 16:16:11.433, 13.29, 210, 0, 40, 60.00
2026/09/14 16:16:11.448, 13.29, 210, 0, 40, 60.00
2026/09/14 16:16:11.463, 13.29, 210, 0, 40, 60.00
2026/09/14 16:16:11.479, 13.29, 210, 0, 40, 60.00
2026/09/14 16:16:11.494, 13.29, 210, 0, 40, 60.00
2026/09/14 16:16:11.526, 13.24, 210, 0, 40, 60.00
2026/09/14 16:16:11.541, 13.24, 210, 0, 40, 60.00
2026/09/14 16:16:11.557, 13.24, 210, 0, 40, 60.00
2026/09/14 16:16:11.573, 13.24, 210, 0, 40, 60.00
2026/09/14 16:16:11.588, 13.24, 210, 0, 40, 60.00
2026/09/14 16:16:11.604, 13.24, 210, 0, 40, 60.00
2026/09/14 16:16:11.620, 13.15, 210, 0, 40, 60.00
2026/09/14 16:16:11.635, 13.15, 210, 1, 40, 60.00
2026/09/14 16:16:11.651, 13.15, 210, 1, 40, 60.00
2026/09/14 16:16:11.667, 13.15, 210, 1, 40, 60.00
2026/09/14 16:16:11.682, 13.15, 210, 1, 40, 60.00
2026/09/14 16:16:11.698, 13.15, 210, 1, 40, 60.00
2026/09/14 16:16:11.714, 13.15, 210, 1, 40, 60.00
2026/09/14 16:16:11.729, 13.13, 210, 1, 40, 60.00
2026/09/14 16:16:11.761, 13.13, 210, 1, 40, 60.00
2026/09/14 16:16:11.777, 13.13, 210, 1, 40, 60.00
2026/09/14 16:16:11.792, 13.13, 210, 1, 40, 60.00
2026/09/14 16:16:11.808, 13.13, 210, 1, 40, 60.00
2026/09/14 16:16:11.824, 13.10, 210, 0, 40, 60.00
2026/09/14 16:16:11.840, 13.10, 210, 0, 40, 60.00
2026/09/14 16:16:11.855, 13.10, 210, 0, 40, 60.00
2026/09/14 16:16:11.870, 13.10, 210, 0, 40, 60.00
2026/09/14 16:16:11.886, 13.10, 210, 0, 40, 60.00
2026/09/14 16:16:11.901, 13.10, 210, 0, 40, 60.00
2026/09/14 16:16:11.917, 13.10, 210, 0, 40, 60.00
2026/09/14 16:16:11.933, 13.04, 210, 0, 40, 60.00
2026/09/14 16:16:11.948, 13.04, 210, 0, 40, 60.00
2026/09/14 16:16:11.964, 13.04, 210, 0, 40, 60.00
2026/09/14 16:16:11.980, 13.04, 210, 0, 40, 60.00
2026/09/14 16:16:11.995, 13.04, 210, 0, 40, 60.00
2026/09/14 16:16:12.011, 13.04, 210, 0, 40, 60.00
2026/09/14 16:16:12.026, 13.07, 210, 1, 40, 60.00
2026/09/14 16:16:12.042, 13.07, 210, 1, 40, 60.00
2026/09/14 16:16:12.058, 13.07, 210, 1, 40, 60.00
2026/09/14 16:16:12.089, 13.07, 210, 1, 40, 60.00
2026/09/14 16:16:12.105, 13.07, 210, 1, 40, 60.00
2026/09/14 16:16:12.121, 13.09, 210, 1, 40, 60.00
2026/09/14 16:16:12.137, 13.09, 210, 1, 40, 60.00
2026/09/14 16:16:12.153, 13.09, 210, 1, 40, 60.00
2026/09/14 16:16:12.168, 13.09, 210, 1, 40, 60.00
2026/09/14 16:16:12.183, 13.09, 210, 1, 40, 60.00
2026/09/14 16:16:12.215, 13.09, 210, 1, 40, 60.00
2026/09/14 16:16:12.231, 13.11, 210, 2, 40, 60.00
2026/09/14 16:16:12.246, 13.11, 210, 2, 40, 60.00
2026/09/14 16:16:12.261, 13.11, 210, 2, 40, 60.00
2026/09/14 16:16:12.277, 13.11, 210, 2, 40, 60.00
2026/09/14 16:16:12.292, 13.11, 210, 2, 40, 60.00
2026/09/14 16:16:12.308, 13.11, 210, 2, 40, 60.00
2026/09/14 16:16:12.324, 13.14, 210, 2, 40, 60.00
2026/09/14 16:16:12.340, 13.14, 210, 2, 40, 60.00
2026/09/14 16:16:12.356, 13.14, 210, 2, 40, 60.00
2026/09/14 16:16:12.371, 13.14, 210, 2, 40, 60.00
2026/09/14 16:16:12.388, 13.14, 210, 2, 40, 60.00
2026/09/14 16:16:12.403, 13.14, 210, 2, 40, 60.00
2026/09/14 16:16:12.419, 13.12, 210, 2, 40, 60.00
2026/09/14 16:16:12.435, 13.12, 210, 0, 40, 60.00
2026/09/14 16:16:12.451, 13.12, 210, 0, 40, 60.00
2026/09/14 16:16:12.467, 13.12, 210, 0, 40, 60.00
2026/09/14 16:16:12.483, 13.12, 210, 0, 40, 60.00
2026/09/14 16:16:12.498, 13.12, 210, 0, 40, 60.00
2026/09/14 16:16:12.513, 13.12, 210, 0, 40, 60.00
2026/09/14 16:16:12.529, 13.14, 210, 0, 40, 60.00
2026/09/14 16:16:12.544, 13.14, 210, 0, 40, 60.00
2026/09/14 16:16:12.559, 13.14, 210, 0, 40, 60.00
2026/09/14 16:16:12.575, 13.14, 210, 0, 40, 60.00
2026/09/14 16:16:12.591, 13.14, 210, 0, 40, 60.00
2026/09/14 16:16:12.606, 13.14, 210, 0, 40, 60.00
2026/09/14 16:16:12.623, 13.15, 210, 1, 40, 60.00
2026/09/14 16:16:12.638, 13.15, 210, 1, 40, 60.00
2026/09/14 16:16:12.669, 13.15, 210, 1, 40, 60.00
2026/09/14 16:16:12.685, 13.15, 210, 1, 40, 60.00
2026/09/14 16:16:12.701, 13.15, 210, 1, 40, 60.00
2026/09/14 16:16:12.716, 13.15, 210, 1, 40, 60.00
2026/09/14 16:16:12.732, 13.15, 210, 1, 40, 60.00
2026/09/14 16:16:12.747, 13.15, 210, 1, 40, 60.00
2026/09/14 16:16:12.763, 13.15, 210, 1, 40, 60.00
2026/09/14 16:16:12.779, 13.15, 210, 1, 40, 60.00
2026/09/14 16:16:12.794, 13.15, 210, 1, 40, 60.00
2026/09/14 16:16:12.810, 13.15, 210, 1, 40, 60.00
2026/09/14 16:16:12.825, 13.15, 210, 0, 40, 60.00
2026/09/14 16:16:12.841, 13.15, 210, 0, 40, 60.00
2026/09/14 16:16:12.857, 13.15, 210, 0, 40, 60.00
2026/09/14 16:16:12.888, 13.15, 210, 0, 40, 60.00
2026/09/14 16:16:12.905, 13.15, 210, 0, 40, 60.00
2026/09/14 16:16:12.921, 13.16, 210, 0, 40, 60.00
2026/09/14 16:16:12.936, 13.16, 210, 0, 40, 60.00
2026/09/14 16:16:12.952, 13.16, 210, 0, 40, 60.00
2026/09/14 16:16:12.983, 13.16, 210, 0, 40, 60.00
2026/09/14 16:16:12.999, 13.16, 210, 0, 40, 60.00
2026/09/14 16:16:13.014, 13.16, 210, 0, 40, 60.00
2026/09/14 16:16:13.030, 13.20, 210, 2, 40, 60.00
2026/09/14 16:16:13.046, 13.20, 210, 2, 40, 60.00
2026/09/14 16:16:13.062, 13.20, 210, 2, 40, 60.00
2026/09/14 16:16:13.077, 13.20, 210, 2, 40, 60.00
2026/09/14 16:16:13.093, 13.20, 210, 2, 40, 60.00
2026/09/14 16:16:13.124, 13.14, 210, 2, 40, 60.00
2026/09/14 16:16:13.155, 13.14, 210, 2, 40, 60.00
2026/09/14 16:16:13.171, 13.14, 210, 2, 40, 60.00
2026/09/14 16:16:13.186, 13.14, 210, 2, 40, 60.00
2026/09/14 16:16:13.202, 13.14, 210, 2, 40, 60.00
2026/09/14 16:16:13.218, 13.14, 210, 2, 40, 60.00
2026/09/14 16:16:13.233, 13.11, 210, 1, 40, 60.00
2026/09/14 16:16:13.249, 13.11, 210, 1, 40, 60.00
2026/09/14 16:16:13.265, 13.11, 210, 1, 40, 60.00
2026/09/14 16:16:13.280, 13.11, 210, 1, 40, 60.00
2026/09/14 16:16:13.297, 13.11, 210, 1, 40, 60.00
2026/09/14 16:16:13.313, 13.11, 210, 1, 40, 60.00
2026/09/14 16:16:13.328, 13.09, 210, 1, 40, 60.00
2026/09/14 16:16:13.344, 13.09, 210, 1, 40, 60.00
2026/09/14 16:16:13.360, 13.09, 210, 1, 40, 60.00
2026/09/14 16:16:13.376, 13.09, 210, 1, 40, 60.00
2026/09/14 16:16:13.392, 13.09, 210, 1, 40, 60.00
2026/09/14 16:16:13.408, 13.09, 210, 1, 40, 60.00
2026/09/14 16:16:13.425, 13.07, 210, 0, 40, 60.00
2026/09/14 16:16:13.440, 13.07, 210, 0, 40, 60.00
2026/09/14 16:16:13.457, 13.07, 210, 0, 40, 60.00
2026/09/14 16:16:13.473, 13.07, 210, 0, 40, 60.00
2026/09/14 16:16:13.489, 13.07, 210, 0, 40, 60.00
2026/09/14 16:16:13.505, 13.07, 210, 0, 40, 60.00
2026/09/14 16:16:13.521, 13.09, 210, 0, 40, 60.00
2026/09/14 16:16:13.536, 13.09, 210, 0, 40, 60.00
2026/09/14 16:16:13.552, 13.09, 210, 0, 40, 60.00
2026/09/14 16:16:13.583, 13.09, 210, 0, 40, 60.00
2026/09/14 16:16:13.599, 13.09, 210, 0, 40, 60.00
2026/09/14 16:16:13.614, 13.09, 210, 0, 40, 60.00
2026/09/14 16:16:13.629, 13.07, 210, 0, 40, 60.00
2026/09/14 16:16:13.645, 13.07, 210, 0, 40, 60.00
2026/09/14 16:16:13.660, 13.07, 210, 0, 40, 60.00
2026/09/14 16:16:13.676, 13.07, 210, 0, 40, 60.00
2026/09/14 16:16:13.691, 13.07, 210, 0, 40, 60.00
2026/09/14 16:16:13.707, 13.07, 210, 0, 40, 60.00
2026/09/14 16:16:13.723, 13.06, 210, 0, 40, 60.00
2026/09/14 16:16:13.738, 13.06, 210, 0, 40, 60.00
2026/09/14 16:16:13.754, 13.06, 210, 0, 40, 60.00
2026/09/14 16:16:13.770, 13.06, 210, 0, 40, 60.00
2026/09/14 16:16:13.785, 13.06, 210, 0, 40, 60.00
2026/09/14 16:16:13.801, 13.06, 210, 0, 40, 60.00
2026/09/14 16:16:13.816, 13.06, 210, 0, 40, 60.00
2026/09/14 16:16:13.832, 13.04, 210, 1, 40, 60.00
2026/09/14 16:16:13.848, 13.04, 210, 1, 40, 60.00
2026/09/14 16:16:13.863, 13.04, 210, 1, 40, 60.00
2026/09/14 16:16:13.879, 13.04, 210, 1, 40, 60.00
2026/09/14 16:16:13.895, 13.04, 210, 1, 40, 60.00
2026/09/14 16:16:13.911, 13.04, 210, 1, 40, 60.00
2026/09/14 16:16:13.926, 13.04, 210, 1, 40, 60.00
2026/09/14 16:16:13.942, 13.04, 210, 1, 40, 60.00
2026/09/14 16:16:13.957, 13.04, 210, 1, 40, 60.00
2026/09/14 16:16:13.988, 13.04, 210, 1, 40, 60.00
2026/09/14 16:16:14.004, 13.04, 210, 1, 40, 60.00
2026/09/14 16:16:14.035, 13.07, 210, 2, 40, 60.00
2026/09/14 16:16:14.050, 13.07, 210, 2, 40, 60.00
2026/09/14 16:16:14.066, 13.07, 210, 2, 40, 60.00
2026/09/14 16:16:14.081, 13.07, 210, 2, 40, 60.00
2026/09/14 16:16:14.096, 13.07, 210, 2, 40, 60.00
2026/09/14 16:16:14.112, 13.07, 210, 2, 40, 60.00
2026/09/14 16:16:14.128, 13.05, 210, 2, 40, 60.00
2026/09/14 16:16:14.144, 13.05, 210, 2, 40, 60.00
2026/09/14 16:16:14.159, 13.05, 210, 2, 40, 60.00
2026/09/14 16:16:14.175, 13.05, 210, 2, 40, 60.00
2026/09/14 16:16:14.191, 13.05, 210, 2, 40, 60.00
2026/09/14 16:16:14.206, 13.05, 210, 2, 40, 60.00
2026/09/14 16:16:14.221, 13.02, 210, 2, 40, 60.00
2026/09/14 16:16:14.251, 13.02, 210, 0, 40, 60.00
2026/09/14 16:16:14.268, 13.02, 210, 0, 40, 60.00
2026/09/14 16:16:14.283, 13.02, 210, 0, 40, 60.00
2026/09/14 16:16:14.298, 13.02, 210, 0, 40, 60.00
2026/09/14 16:16:14.314, 13.02, 210, 0, 40, 60.00
2026/09/14 16:16:14.330, 13.07, 210, 0, 40, 60.00
2026/09/14 16:16:14.345, 13.07, 210, 0, 40, 60.00
2026/09/14 16:16:14.360, 13.07, 210, 0, 40, 60.00
2026/09/14 16:16:14.375, 13.07, 210, 0, 40, 60.00
2026/09/14 16:16:14.391, 13.07, 210, 0, 40, 60.00
2026/09/14 16:16:14.407, 13.07, 210, 0, 40, 60.00
2026/09/14 16:16:14.422, 13.06, 210, 0, 40, 60.00
2026/09/14 16:16:14.438, 13.06, 210, 0, 40, 60.00
2026/09/14 16:16:14.453, 13.06, 210, 0, 40, 60.00
2026/09/14 16:16:14.470, 13.06, 210, 0, 40, 60.00
2026/09/14 16:16:14.501, 13.06, 210, 0, 40, 60.00
2026/09/14 16:16:14.516, 13.06, 210, 0, 40, 60.00
2026/09/14 16:16:14.532, 13.05, 210, 0, 40, 60.00
2026/09/14 16:16:14.548, 13.05, 210, 0, 40, 60.00
2026/09/14 16:16:14.563, 13.05, 210, 0, 40, 60.00
2026/09/14 16:16:14.580, 13.05, 210, 0, 40, 60.00
2026/09/14 16:16:14.595, 13.05, 210, 0, 40, 60.00
2026/09/14 16:16:14.611, 13.05, 210, 0, 40, 60.00
2026/09/14 16:16:14.627, 13.05, 210, 0, 40, 60.00
2026/09/14 16:16:14.644, 13.05, 210, 0, 40, 60.00
2026/09/14 16:16:14.660, 13.05, 210, 0, 40, 60.00
2026/09/14 16:16:14.675, 13.05, 210, 0, 40, 60.00
2026/09/14 16:16:14.690, 13.05, 210, 0, 40, 60.00
2026/09/14 16:16:14.705, 13.05, 210, 0, 40, 60.00
2026/09/14 16:16:14.721, 13.06, 210, 0, 40, 60.00
2026/09/14 16:16:14.736, 13.06, 210, 0, 40, 60.00
2026/09/14 16:16:14.753, 13.06, 210, 0, 40, 60.00
2026/09/14 16:16:14.768, 13.06, 210, 0, 40, 60.00
2026/09/14 16:16:14.799, 13.06, 210, 0, 40, 60.00
2026/09/14 16:16:14.814, 13.06, 210, 0, 40, 60.00
2026/09/14 16:16:14.830, 13.08, 210, 1, 40, 60.00
2026/09/14 16:16:14.845, 13.08, 210, 1, 40, 60.00
2026/09/14 16:16:14.861, 13.08, 210, 1, 40, 60.00
2026/09/14 16:16:14.877, 13.08, 210, 1, 40, 60.00
2026/09/14 16:16:14.893, 13.08, 210, 1, 40, 60.00
2026/09/14 16:16:14.908, 13.08, 210, 1, 40, 60.00
2026/09/14 16:16:14.925, 13.13, 210, 1, 40, 60.00
2026/09/14 16:16:14.956, 13.13, 210, 1, 40, 60.00
2026/09/14 16:16:14.971, 13.13, 210, 1, 40, 60.00
2026/09/14 16:16:15.001, 13.13, 210, 1, 40, 60.00
2026/09/14 16:16:15.017, 13.13, 210, 1, 40, 60.00
2026/09/14 16:16:15.033, 13.16, 210, 2, 40, 60.00
2026/09/14 16:16:15.048, 13.16, 210, 2, 40, 60.00
2026/09/14 16:16:15.064, 13.16, 210, 2, 40, 60.00
2026/09/14 16:16:15.080, 13.16, 210, 2, 40, 60.00
2026/09/14 16:16:15.111, 13.16, 210, 2, 40, 60.00
2026/09/14 16:16:15.126, 13.14, 210, 2, 40, 60.00
2026/09/14 16:16:15.142, 13.14, 210, 2, 40, 60.00
2026/09/14 16:16:15.157, 13.14, 210, 2, 40, 60.00
2026/09/14 16:16:15.172, 13.14, 210, 2, 40, 60.00
2026/09/14 16:16:15.203, 13.14, 210, 2, 40, 60.00
2026/09/14 16:16:15.220, 13.17, 210, 2, 40, 60.00
2026/09/14 16:16:15.235, 13.17, 210, 1, 40, 60.00
2026/09/14 16:16:15.251, 13.17, 210, 1, 40, 60.00
2026/09/14 16:16:15.266, 13.17, 210, 1, 40, 60.00
2026/09/14 16:16:15.282, 13.17, 210, 1, 40, 60.00
2026/09/14 16:16:15.297, 13.17, 210, 1, 40, 60.00
2026/09/14 16:16:15.313, 13.17, 210, 1, 40, 60.00
2026/09/14 16:16:15.329, 13.28, 210, 1, 40, 60.00
2026/09/14 16:16:15.360, 13.28, 210, 1, 40, 60.00
2026/09/14 16:16:15.375, 13.28, 210, 1, 40, 60.00
2026/09/14 16:16:15.406, 13.28, 210, 1, 40, 60.00
2026/09/14 16:16:15.422, 13.30, 210, 2, 40, 60.00
2026/09/14 16:16:15.453, 13.30, 210, 2, 40, 60.00
2026/09/14 16:16:15.469, 13.30, 210, 2, 40, 60.00
2026/09/14 16:16:15.499, 13.30, 210, 2, 40, 60.00
2026/09/14 16:16:15.514, 13.30, 210, 2, 40, 60.00
2026/09/14 16:16:15.530, 13.38, 210, 2, 40, 60.00
2026/09/14 16:16:15.546, 13.38, 210, 2, 40, 60.00
2026/09/14 16:16:15.562, 13.38, 210, 2, 40, 60.00
2026/09/14 16:16:15.578, 13.38, 210, 2, 40, 60.00
2026/09/14 16:16:15.593, 13.38, 210, 2, 40, 60.00
2026/09/14 16:16:15.609, 13.38, 210, 2, 40, 60.00
2026/09/14 16:16:15.624, 13.44, 210, 1, 40, 60.00
2026/09/14 16:16:15.656, 13.44, 210, 1, 40, 60.00
2026/09/14 16:16:15.671, 13.44, 210, 1, 40, 60.00
2026/09/14 16:16:15.703, 13.44, 210, 1, 40, 60.00
2026/09/14 16:16:15.718, 13.47, 210, 1, 40, 60.00
2026/09/14 16:16:15.734, 13.47, 210, 1, 40, 60.00
2026/09/14 16:16:15.749, 13.47, 210, 1, 40, 60.00
2026/09/14 16:16:15.765, 13.47, 210, 1, 40, 60.00
2026/09/14 16:16:15.780, 13.47, 210, 1, 40, 60.00
2026/09/14 16:16:15.796, 13.47, 210, 1, 40, 60.00
2026/09/14 16:16:15.812, 13.47, 210, 1, 40, 60.00
2026/09/14 16:16:15.827, 13.52, 210, 1, 40, 60.00
2026/09/14 16:16:15.858, 13.52, 210, 1, 40, 60.00
2026/09/14 16:16:15.874, 13.52, 210, 1, 40, 60.00
2026/09/14 16:16:15.904, 13.52, 210, 1, 40, 60.00
2026/09/14 16:16:15.935, 13.50, 210, 1, 40, 60.00
2026/09/14 16:16:15.951, 13.50, 210, 1, 40, 60.00
2026/09/14 16:16:15.966, 13.50, 210, 1, 40, 60.00
2026/09/14 16:16:15.982, 13.50, 210, 1, 40, 60.00
2026/09/14 16:16:15.997, 13.50, 210, 1, 40, 60.00
