2026/09/14 16:22:08.441, 13.39, 210, 0, 46, 60.00
2026/09/14 16:22:08.473, 13.39, 210, 0, 46, 60.00
2026/09/14 16:22:08.505, 13.39, 210, 0, 46, 60.00
2026/09/14 16:22:08.536, 13.38, 210, 1, 46, 60.00
2026/09/14 16:22:08.568, 13.38, 210, 1, 46, 60.00
2026/09/14 16:22:08.599, 13.38, 210, 1, 46, 60.00
2026/09/14 16:22:08.630, 13.42, 210, 1, 46, 60.00
2026/09/14 16:22:08.661, 13.42, 210, 1, 46, 60.00
2026/09/14 16:22:08.692, 13.42, 210, 1, 46, 60.00
2026/09/14 16:22:08.723, 13.38, 210, 1, 46, 60.00
2026/09/14 16:22:08.754, 13.38, 210, 1, 46, 60.00
2026/09/14 16:22:08.784, 13.38, 210, 1, 46, 60.00
2026/09/14 16:22:08.816, 13.40, 210, 1, 46, 60.00
2026/09/14 16:22:08.846, 13.40, 210, 1, 46, 60.00
2026/09/14 16:22:08.878, 13.40, 210, 1, 46, 60.00
2026/09/14 16:22:08.909, 13.39, 210, 1, 46, 60.00
2026/09/14 16:22:08.940, 13.39, 210, 0, 46, 60.00
2026/09/14 16:22:08.971, 13.39, 210, 0, 46, 60.00
2026/09/14 16:22:09.002, 13.39, 210, 0, 46, 60.00
2026/09/14 16:22:09.034, 13.42, 210, 0, 46, 60.00
2026/09/14 16:22:09.065, 13.42, 210, 0, 46, 60.00
2026/09/14 16:22:09.097, 13.42, 210, 0, 46, 60.00
2026/09/14 16:22:09.127, 13.39, 210, 1, 46, 60.00
2026/09/14 16:22:09.158, 13.39, 210, 1, 46, 60.00
2026/09/14 16:22:09.189, 13.39, 210, 1, 46, 60.00
2026/09/14 16:22:09.221, 13.39, 210, 1, 46, 60.00
2026/09/14 16:22:09.252, 13.39, 210, 1, 46, 60.00
2026/09/14 16:22:09.283, 13.39, 210, 1, 46, 60.00
2026/09/14 16:22:09.313, 13.41, 210, 0, 46, 60.00
2026/09/14 16:22:09.344, 13.41, 210, 0, 46, 60.00
2026/09/14 16:22:09.375, 13.41, 210, 0, 46, 60.00
2026/09/14 16:22:09.407, 13.41, 210, 0, 46, 60.00
2026/09/14 16:22:09.438, 13.40, 210, 0, 46, 60.00
2026/09/14 16:22:09.455, 13.40, 210, 0, 46, 60.00
2026/09/14 16:22:09.487, 13.40, 210, 0, 46, 60.00
2026/09/14 16:22:09.518, 13.43, 210, 1, 46, 60.00
2026/09/14 16:22:09.550, 13.43, 210, 1, 46, 60.00
2026/09/14 16:22:09.580, 13.43, 210, 1, 46, 60.00
2026/09/14 16:22:09.611, 13.42, 210, 1, 46, 60.00
2026/09/14 16:22:09.642, 13.42, 210, 1, 46, 60.00
2026/09/14 16:22:09.673, 13.42, 210, 1, 46, 60.00
2026/09/14 16:22:09.705, 13.41, 210, 1, 46, 60.00
2026/09/14 16:22:09.735, 13.41, 210, 2, 46, 60.00
2026/09/14 16:22:09.766, 13.41, 210, 2, 46, 60.00
2026/09/14 16:22:09.798, 13.41, 210, 2, 46, 60.00
2026/09/14 16:22:09.829, 13.42, 210, 2, 46, 60.00
2026/09/14 16:22:09.846, 13.42, 210, 2, 46, 60.00
2026/09/14 16:22:09.876, 13.42, 210, 2, 46, 60.00
2026/09/14 16:22:09.907, 13.42, 210, 2, 46, 60.00
2026/09/14 16:22:09.938, 13.36, 210, 0, 46, 60.00
2026/09/14 16:22:09.969, 13.36, 210, 0, 46, 60.00
2026/09/14 16:22:10.000, 13.36, 210, 0, 46, 60.00
2026/09/14 16:22:10.032, 13.42, 210, 0, 46, 60.00
2026/09/14 16:22:10.063, 13.42, 210, 0, 46, 60.00
2026/09/14 16:22:10.093, 13.42, 210, 0, 46, 60.00
2026/09/14 16:22:10.124, 13.46, 210, 2, 46, 60.00
2026/09/14 16:22:10.156, 13.46, 210, 2, 46, 60.00
2026/09/14 16:22:10.188, 13.46, 210, 2, 46, 60.00
2026/09/14 16:22:10.220, 13.55, 210, 2, 46, 60.00
2026/09/14 16:22:10.251, 13.55, 210, 2, 46, 60.00
2026/09/14 16:22:10.282, 13.55, 210, 2, 46, 60.00
2026/09/14 16:22:10.313, 13.57, 210, 1, 46, 60.00
2026/09/14 16:22:10.344, 13.57, 210, 1, 46, 60.00
2026/09/14 16:22:10.374, 13.57, 210, 1, 46, 60.00
2026/09/14 16:22:10.406, 13.57, 210, 1, 46, 60.00
2026/09/14 16:22:10.437, 13.61, 210, 1, 46, 60.00
2026/09/14 16:22:10.469, 13.61, 210, 1, 46, 60.00
2026/09/14 16:22:10.499, 13.61, 210, 1, 46, 60.00
2026/09/14 16:22:10.530, 13.68, 210, 1, 46, 60.00
2026/09/14 16:22:10.561, 13.68, 210, 1, 46, 60.00
2026/09/14 16:22:10.593, 13.68, 210, 1, 46, 60.00
2026/09/14 16:22:10.624, 13.74, 210, 1, 46, 60.00
2026/09/14 16:22:10.655, 13.74, 210, 1, 46, 60.00
2026/09/14 16:22:10.687, 13.74, 210, 1, 46, 60.00
2026/09/14 16:22:10.718, 13.75, 210, 3, 46, 60.00
2026/09/14 16:22:10.749, 13.75, 210, 3, 46, 60.00
2026/09/14 16:22:10.781, 13.75, 210, 3, 46, 60.00
2026/09/14 16:22:10.812, 13.77, 210, 3, 46, 60.00
2026/09/14 16:22:10.843, 13.77, 210, 3, 46, 60.00
2026/09/14 16:22:10.874, 13.77, 210, 3, 46, 60.00
2026/09/14 16:22:10.906, 13.77, 210, 3, 46, 60.00
2026/09/14 16:22:10.938, 13.81, 210, 1, 46, 60.00
2026/09/14 16:22:10.969, 13.81, 210, 1, 46, 60.00
2026/09/14 16:22:11.000, 13.81, 210, 1, 46, 60.00
2026/09/14 16:22:11.032, 13.82, 210, 1, 46, 60.00
2026/09/14 16:22:11.064, 13.82, 210, 1, 46, 60.00
2026/09/14 16:22:11.080, 13.82, 210, 1, 46, 60.00
2026/09/14 16:22:11.127, 13.81, 210, 1, 46, 60.00
2026/09/14 16:22:11.158, 13.81, 210, 1, 46, 60.00
2026/09/14 16:22:11.189, 13.81, 210, 1, 46, 60.00
2026/09/14 16:22:11.220, 13.73, 210, 1, 46, 60.00
2026/09/14 16:22:11.251, 13.73, 210, 1, 46, 60.00
2026/09/14 16:22:11.283, 13.73, 210, 1, 46, 60.00
2026/09/14 16:22:11.315, 13.65, 210, 0, 46, 60.00
2026/09/14 16:22:11.346, 13.65, 210, 0, 46, 60.00
2026/09/14 16:22:11.376, 13.65, 210, 0, 46, 60.00
2026/09/14 16:22:11.407, 13.63, 210, 0, 46, 60.00
2026/09/14 16:22:11.438, 13.63, 210, 0, 46, 60.00
2026/09/14 16:22:11.454, 13.63, 210, 0, 46, 60.00
2026/09/14 16:22:11.485, 13.63, 210, 0, 46, 60.00
2026/09/14 16:22:11.516, 13.55, 210, 0, 46, 60.00
2026/09/14 16:22:11.547, 13.55, 210, 0, 46, 60.00
2026/09/14 16:22:11.578, 13.55, 210, 0, 46, 60.00
2026/09/14 16:22:11.610, 13.52, 210, 0, 46, 60.00
2026/09/14 16:22:11.641, 13.52, 210, 0, 46, 60.00
2026/09/14 16:22:11.672, 13.52, 210, 0, 46, 60.00
2026/09/14 16:22:11.704, 13.52, 210, 0, 46, 60.00
2026/09/14 16:22:11.735, 13.44, 210, 2, 46, 60.00
2026/09/14 16:22:11.767, 13.44, 210, 2, 46, 60.00
2026/09/14 16:22:11.798, 13.44, 210, 2, 46, 60.00
2026/09/14 16:22:11.829, 13.39, 210, 2, 46, 60.00
2026/09/14 16:22:11.861, 13.39, 210, 2, 46, 60.00
2026/09/14 16:22:11.892, 13.39, 210, 2, 46, 60.00
2026/09/14 16:22:11.924, 13.35, 210, 0, 46, 60.00
2026/09/14 16:22:11.955, 13.35, 210, 0, 46, 60.00
2026/09/14 16:22:11.986, 13.35, 210, 0, 46, 60.00
2026/09/14 16:22:12.017, 13.32, 210, 0, 46, 60.00
2026/09/14 16:22:12.049, 13.32, 210, 0, 46, 60.00
2026/09/14 16:22:12.080, 13.32, 210, 0, 46, 60.00
2026/09/14 16:22:12.111, 13.32, 210, 0, 46, 60.00
2026/09/14 16:22:12.141, 13.32, 210, 0, 46, 60.00
2026/09/14 16:22:12.172, 13.32, 210, 0, 46, 60.00
2026/09/14 16:22:12.204, 13.32, 210, 0, 46, 60.00
2026/09/14 16:22:12.235, 13.30, 210, 0, 46, 60.00
2026/09/14 16:22:12.266, 13.30, 210, 0, 46, 60.00
2026/09/14 16:22:12.297, 13.30, 210, 0, 46, 60.00
2026/09/14 16:22:12.328, 13.29, 210, 1, 46, 60.00
2026/09/14 16:22:12.359, 13.29, 210, 1, 46, 60.00
2026/09/14 16:22:12.390, 13.29, 210, 1, 46, 60.00
2026/09/14 16:22:12.421, 13.31, 210, 1, 46, 60.00
2026/09/14 16:22:12.452, 13.31, 210, 1, 46, 60.00
2026/09/14 16:22:12.483, 13.31, 210, 1, 46, 60.00
2026/09/14 16:22:12.515, 13.31, 210, 0, 46, 60.00
2026/09/14 16:22:12.546, 13.31, 210, 0, 46, 60.00
2026/09/14 16:22:12.577, 13.31, 210, 0, 46, 60.00
2026/09/14 16:22:12.609, 13.35, 210, 0, 46, 60.00
2026/09/14 16:22:12.639, 13.35, 210, 0, 46, 60.00
2026/09/14 16:22:12.671, 13.35, 210, 0, 46, 60.00
2026/09/14 16:22:12.702, 13.35, 210, 0, 46, 60.00
2026/09/14 16:22:12.732, 13.35, 210, 2, 46, 60.00
2026/09/14 16:22:12.763, 13.35, 210, 2, 46, 60.00
2026/09/14 16:22:12.795, 13.35, 210, 2, 46, 60.00
2026/09/14 16:22:12.826, 13.35, 210, 2, 46, 60.00
2026/09/14 16:22:12.857, 13.35, 210, 2, 46, 60.00
2026/09/14 16:22:12.890, 13.35, 210, 2, 46, 60.00
2026/09/14 16:22:12.921, 13.35, 210, 1, 46, 60.00
2026/09/14 16:22:12.952, 13.35, 210, 1, 46, 60.00
2026/09/14 16:22:12.983, 13.35, 210, 1, 46, 60.00
2026/09/14 16:22:13.014, 13.36, 210, 1, 46, 60.00
2026/09/14 16:22:13.045, 13.36, 210, 1, 46, 60.00
2026/09/14 16:22:13.076, 13.36, 210, 1, 46, 60.00
2026/09/14 16:22:13.108, 13.34, 210, 1, 46, 60.00
2026/09/14 16:22:13.139, 13.34, 210, 0, 46, 60.00
2026/09/14 16:22:13.169, 13.34, 210, 0, 46, 60.00
2026/09/14 16:22:13.201, 13.34, 210, 0, 46, 60.00
2026/09/14 16:22:13.232, 13.33, 210, 0, 46, 60.00
2026/09/14 16:22:13.264, 13.33, 210, 0, 46, 60.00
2026/09/14 16:22:13.296, 13.33, 210, 0, 46, 60.00
2026/09/14 16:22:13.327, 13.33, 210, 1, 46, 60.00
2026/09/14 16:22:13.358, 13.33, 210, 1, 46, 60.00
2026/09/14 16:22:13.389, 13.33, 210, 1, 46, 60.00
2026/09/14 16:22:13.420, 13.32, 210, 1, 45, 60.00
2026/09/14 16:22:13.450, 13.32, 210, 1, 45, 60.00
2026/09/14 16:22:13.482, 13.32, 210, 1, 45, 60.00
2026/09/14 16:22:13.512, 13.32, 210, 0, 45, 60.00
2026/09/14 16:22:13.543, 13.32, 210, 0, 45, 60.00
2026/09/14 16:22:13.574, 13.32, 210, 0, 45, 60.00
2026/09/14 16:22:13.606, 13.32, 210, 0, 45, 60.00
2026/09/14 16:22:13.637, 13.36, 210, 0, 45, 60.00
2026/09/14 16:22:13.669, 13.36, 210, 0, 45, 60.00
2026/09/14 16:22:13.700, 13.36, 210, 0, 45, 60.00
2026/09/14 16:22:13.731, 13.32, 210, 1, 45, 60.00
2026/09/14 16:22:13.762, 13.32, 210, 1, 45, 60.00
2026/09/14 16:22:13.793, 13.32, 210, 1, 45, 60.00
2026/09/14 16:22:13.824, 13.31, 210, 1, 45, 60.00
2026/09/14 16:22:13.855, 13.31, 210, 1, 45, 60.00
2026/09/14 16:22:13.886, 13.31, 210, 1, 45, 60.00
2026/09/14 16:22:13.917, 13.29, 210, 1, 45, 60.00
2026/09/14 16:22:13.949, 13.29, 210, 1, 45, 60.00
2026/09/14 16:22:13.981, 13.29, 210, 1, 45, 60.00
2026/09/14 16:22:14.011, 13.31, 210, 1, 45, 60.00
2026/09/14 16:22:14.043, 13.31, 210, 1, 45, 60.00
2026/09/14 16:22:14.075, 13.31, 210, 1, 45, 60.00
2026/09/14 16:22:14.105, 13.31, 210, 1, 45, 60.00
2026/09/14 16:22:14.136, 13.31, 210, 0, 45, 60.00
2026/09/14 16:22:14.152, 13.31, 210, 0, 45, 60.00
2026/09/14 16:22:14.183, 13.31, 210, 0, 45, 60.00
2026/09/14 16:22:14.213, 13.32, 210, 0, 45, 60.00
2026/09/14 16:22:14.245, 13.32, 210, 0, 45, 60.00
2026/09/14 16:22:14.276, 13.32, 210, 0, 45, 60.00
2026/09/14 16:22:14.307, 13.35, 210, 0, 45, 60.00
2026/09/14 16:22:14.339, 13.35, 210, 1, 46, 60.00
2026/09/14 16:22:14.370, 13.35, 210, 1, 46, 60.00
2026/09/14 16:22:14.401, 13.35, 210, 1, 46, 60.00
2026/09/14 16:22:14.432, 13.35, 210, 1, 46, 60.00
2026/09/14 16:22:14.463, 13.35, 210, 1, 46, 60.00
2026/09/14 16:22:14.494, 13.35, 210, 1, 46, 60.00
2026/09/14 16:22:14.526, 13.42, 210, 1, 46, 60.00
2026/09/14 16:22:14.542, 13.42, 210, 1, 46, 60.00
2026/09/14 16:22:14.574, 13.42, 210, 1, 46, 60.00
2026/09/14 16:22:14.605, 13.42, 210, 1, 46, 60.00
2026/09/14 16:22:14.636, 13.45, 210, 1, 46, 60.00
2026/09/14 16:22:14.668, 13.45, 210, 1, 46, 60.00
2026/09/14 16:22:14.699, 13.45, 210, 1, 46, 60.00
2026/09/14 16:22:14.716, 13.40, 210, 1, 46, 60.00
2026/09/14 16:22:14.746, 13.40, 210, 1, 46, 60.00
2026/09/14 16:22:14.777, 13.40, 210, 1, 46, 60.00
2026/09/14 16:22:14.808, 13.44, 210, 1, 45, 60.00
2026/09/14 16:22:14.840, 13.44, 210, 1, 45, 60.00
2026/09/14 16:22:14.871, 13.44, 210, 1, 45, 60.00
2026/09/14 16:22:14.902, 13.44, 210, 1, 45, 60.00
2026/09/14 16:22:14.933, 13.44, 210, 1, 45, 60.00
2026/09/14 16:22:14.964, 13.44, 210, 1, 45, 60.00
2026/09/14 16:22:14.997, 13.44, 210, 1, 45, 60.00
2026/09/14 16:22:15.028, 13.50, 210, 1, 45, 60.00
2026/09/14 16:22:15.059, 13.50, 210, 1, 45, 60.00
2026/09/14 16:22:15.090, 13.50, 210, 1, 45, 60.00
2026/09/14 16:22:15.121, 13.51, 210, 1, 45, 60.00
2026/09/14 16:22:15.152, 13.51, 210, 1, 45, 60.00
2026/09/14 16:22:15.182, 13.51, 210, 1, 45, 60.00
2026/09/14 16:22:15.214, 13.53, 210, 1, 45, 60.00
2026/09/14 16:22:15.245, 13.53, 210, 1, 45, 60.00
2026/09/14 16:22:15.277, 13.53, 210, 1, 46, 60.00
2026/09/14 16:22:15.308, 13.62, 210, 1, 46, 60.00
2026/09/14 16:22:15.340, 13.62, 210, 2, 46, 60.00
2026/09/14 16:22:15.371, 13.62, 210, 2, 46, 60.00
2026/09/14 16:22:15.402, 13.62, 210, 2, 46, 60.00
2026/09/14 16:22:15.433, 13.65, 210, 2, 46, 60.00
2026/09/14 16:22:15.466, 13.65, 210, 2, 46, 60.00
2026/09/14 16:22:15.496, 13.65, 210, 2, 46, 60.00
2026/09/14 16:22:15.527, 13.68, 210, 2, 46, 60.00
2026/09/14 16:22:15.557, 13.68, 210, 2, 46, 60.00
2026/09/14 16:22:15.589, 13.68, 210, 2, 46, 60.00
2026/09/14 16:22:15.620, 13.67, 210, 2, 46, 60.00
2026/09/14 16:22:15.651, 13.67, 210, 2, 46, 60.00
2026/09/14 16:22:15.682, 13.67, 210, 2, 46, 60.00
2026/09/14 16:22:15.713, 13.65, 210, 2, 46, 60.00
2026/09/14 16:22:15.745, 13.65, 210, 2, 45, 60.00
2026/09/14 16:22:15.777, 13.65, 210, 2, 45, 60.00
2026/09/14 16:22:15.809, 13.68, 210, 2, 45, 60.00
2026/09/14 16:22:15.840, 13.68, 210, 2, 45, 60.00
2026/09/14 16:22:15.871, 13.68, 210, 2, 45, 60.00
2026/09/14 16:22:15.902, 13.68, 210, 2, 45, 60.00
2026/09/14 16:22:15.934, 13.68, 210, 1, 45, 60.00
2026/09/14 16:22:15.965, 13.68, 210, 1, 45, 60.00
2026/09/14 16:22:15.996, 13.68, 210, 1, 45, 60.00
2026/09/14 16:22:16.027, 13.67, 210, 1, 45, 60.00
2026/09/14 16:22:16.058, 13.67, 210, 1, 45, 60.00
2026/09/14 16:22:16.089, 13.67, 210, 1, 45, 60.00
2026/09/14 16:22:16.120, 13.63, 210, 1, 45, 60.00
2026/09/14 16:22:16.151, 13.63, 210, 1, 45, 60.00
2026/09/14 16:22:16.182, 13.63, 210, 1, 45, 60.00
2026/09/14 16:22:16.214, 13.59, 210, 1, 45, 60.00
2026/09/14 16:22:16.244, 13.59, 210, 1, 45, 60.00
2026/09/14 16:22:16.277, 13.59, 210, 1, 45, 60.00
2026/09/14 16:22:16.308, 13.59, 210, 1, 45, 60.00
2026/09/14 16:22:16.339, 13.59, 210, 0, 45, 60.00
2026/09/14 16:22:16.370, 13.59, 210, 0, 45, 60.00
2026/09/14 16:22:16.402, 13.59, 210, 0, 45, 60.00
2026/09/14 16:22:16.433, 13.53, 210, 0, 45, 60.00
2026/09/14 16:22:16.464, 13.53, 210, 0, 45, 60.00
2026/09/14 16:22:16.495, 13.53, 210, 0, 45, 60.00
2026/09/14 16:22:16.527, 13.47, 210, 1, 45, 60.00
2026/09/14 16:22:16.556, 13.47, 210, 1, 45, 60.00
2026/09/14 16:22:16.587, 13.47, 210, 1, 45, 60.00
2026/09/14 16:22:16.618, 13.45, 210, 1, 45, 60.00
2026/09/14 16:22:16.650, 13.45, 210, 1, 45, 60.00
2026/09/14 16:22:16.681, 13.45, 210, 1, 45, 60.00
2026/09/14 16:22:16.713, 13.42, 210, 1, 45, 60.00
2026/09/14 16:22:16.744, 13.42, 210, 1, 45, 60.00
2026/09/14 16:22:16.776, 13.42, 210, 1, 45, 60.00
2026/09/14 16:22:16.808, 13.40, 210, 1, 45, 60.00
2026/09/14 16:22:16.839, 13.40, 210, 1, 45, 60.00
2026/09/14 16:22:16.870, 13.40, 210, 1, 45, 60.00
2026/09/14 16:22:16.901, 13.40, 210, 1, 45, 60.00
2026/09/14 16:22:16.933, 13.37, 210, 1, 45, 60.00
2026/09/14 16:22:16.964, 13.37, 210, 1, 45, 60.00
2026/09/14 16:22:16.995, 13.37, 210, 1, 45, 60.00
2026/09/14 16:22:17.026, 13.38, 210, 1, 45, 60.00
2026/09/14 16:22:17.058, 13.38, 210, 1, 45, 60.00
2026/09/14 16:22:17.089, 13.38, 210, 1, 45, 60.00
2026/09/14 16:22:17.120, 13.38, 210, 1, 45, 60.00
2026/09/14 16:22:17.150, 13.38, 210, 1, 45, 60.00
2026/09/14 16:22:17.182, 13.38, 210, 1, 45, 60.00
2026/09/14 16:22:17.213, 13.37, 210, 1, 45, 60.00
2026/09/14 16:22:17.244, 13.37, 210, 1, 45, 60.00
2026/09/14 16:22:17.274, 13.37, 210, 1, 45, 60.00
2026/09/14 16:22:17.306, 13.36, 210, 1, 45, 60.00
2026/09/14 16:22:17.337, 13.36, 210, 0, 45, 60.00
2026/09/14 16:22:17.368, 13.36, 210, 0, 45, 60.00
2026/09/14 16:22:17.399, 13.36, 210, 0, 45, 60.00
2026/09/14 16:22:17.430, 13.34, 210, 0, 45, 60.00
2026/09/14 16:22:17.461, 13.34, 210, 0, 45, 60.00
2026/09/14 16:22:17.492, 13.34, 210, 0, 45, 60.00
2026/09/14 16:22:17.524, 13.30, 210, 1, 45, 60.00
2026/09/14 16:22:17.555, 13.30, 210, 1, 45, 60.00
2026/09/14 16:22:17.586, 13.30, 210, 1, 45, 60.00
2026/09/14 16:22:17.617, 13.35, 210, 1, 45, 60.00
2026/09/14 16:22:17.649, 13.35, 210, 1, 45, 60.00
2026/09/14 16:22:17.680, 13.35, 210, 1, 45, 60.00
2026/09/14 16:22:17.711, 13.35, 210, 2, 45, 60.00
2026/09/14 16:22:17.741, 13.35, 210, 2, 45, 60.00
2026/09/14 16:22:17.772, 13.35, 210, 2, 45, 60.00
2026/09/14 16:22:17.805, 13.35, 210, 2, 45, 60.00
2026/09/14 16:22:17.836, 13.33, 210, 2, 45, 60.00
2026/09/14 16:22:17.866, 13.33, 210, 2, 45, 60.00
2026/09/14 16:22:17.897, 13.33, 210, 2, 45, 60.00
2026/09/14 16:22:17.928, 13.32, 210, 0, 45, 60.00
2026/09/14 16:22:17.958, 13.32, 210, 0, 45, 60.00
2026/09/14 16:22:17.989, 13.32, 210, 0, 45, 60.00
2026/09/14 16:22:18.020, 13.31, 210, 0, 45, 60.00
2026/09/14 16:22:18.035, 13.31, 210, 0, 45, 60.00
2026/09/14 16:22:18.051, 13.31, 210, 0, 45, 60.00
2026/09/14 16:22:18.067, 13.31, 210, 0, 45, 60.00
2026/09/14 16:22:18.082, 13.31, 210, 0, 45, 60.00
2026/09/14 16:22:18.114, 13.26, 210, 1, 45, 60.00
2026/09/14 16:22:18.130, 13.26, 210, 1, 45, 60.00
2026/09/14 16:22:18.145, 13.26, 210, 1, 45, 60.00
2026/09/14 16:22:18.161, 13.26, 210, 1, 45, 60.00
2026/09/14 16:22:18.177, 13.26, 210, 1, 45, 60.00
2026/09/14 16:22:18.193, 13.26, 210, 1, 45, 60.00
2026/09/14 16:22:18.208, 13.23, 210, 1, 45, 60.00
2026/09/14 16:22:18.224, 13.23, 210, 1, 45, 60.00
2026/09/14 16:22:18.239, 13.23, 210, 1, 45, 60.00
2026/09/14 16:22:18.254, 13.23, 210, 1, 45, 60.00
2026/09/14 16:22:18.270, 13.23, 210, 1, 45, 60.00
2026/09/14 16:22:18.286, 13.23, 210, 1, 45, 60.00
2026/09/14 16:22:18.302, 13.23, 210, 1, 45, 60.00
2026/09/14 16:22:18.317, 13.20, 210, 0, 45, 60.00
2026/09/14 16:22:18.333, 13.20, 210, 0, 45, 60.00
2026/09/14 16:22:18.348, 13.20, 210, 0, 45, 60.00
2026/09/14 16:22:18.364, 13.20, 210, 0, 45, 60.00
2026/09/14 16:22:18.378, 13.20, 210, 0, 45, 60.00
2026/09/14 16:22:18.394, 13.20, 210, 0, 45, 60.00
2026/09/14 16:22:18.409, 13.19, 210, 0, 45, 60.00
2026/09/14 16:22:18.425, 13.19, 210, 0, 45, 60.00
2026/09/14 16:22:18.441, 13.19, 210, 0, 45, 60.00
2026/09/14 16:22:18.456, 13.19, 210, 0, 45, 60.00
2026/09/14 16:22:18.472, 13.19, 210, 0, 45, 60.00
2026/09/14 16:22:18.488, 13.19, 210, 0, 45, 60.00
2026/09/14 16:22:18.504, 13.19, 210, 0, 45, 60.00
2026/09/14 16:22:18.519, 13.15, 210, 1, 45, 60.00
2026/09/14 16:22:18.535, 13.15, 210, 1, 45, 60.00
2026/09/14 16:22:18.567, 13.15, 210, 1, 45, 60.00
2026/09/14 16:22:18.583, 13.15, 210, 1, 45, 60.00
2026/09/14 16:22:18.599, 13.15, 210, 1, 45, 60.00
2026/09/14 16:22:18.615, 13.20, 210, 1, 45, 60.00
2026/09/14 16:22:18.631, 13.20, 210, 1, 45, 60.00
2026/09/14 16:22:18.646, 13.20, 210, 1, 45, 60.00
2026/09/14 16:22:18.662, 13.20, 210, 1, 45, 60.00
2026/09/14 16:22:18.678, 13.20, 210, 1, 45, 60.00
2026/09/14 16:22:18.694, 13.20, 210, 1, 45, 60.00
2026/09/14 16:22:18.709, 13.16, 210, 1, 45, 60.00
2026/09/14 16:22:18.724, 13.16, 210, 1, 45, 60.00
2026/09/14 16:22:18.740, 13.16, 210, 1, 45, 60.00
2026/09/14 16:22:18.755, 13.16, 210, 1, 45, 60.00
2026/09/14 16:22:18.771, 13.16, 210, 1, 45, 60.00
2026/09/14 16:22:18.787, 13.16, 210, 1, 45, 60.00
2026/09/14 16:22:18.803, 13.16, 210, 1, 45, 60.00
2026/09/14 16:22:18.819, 13.11, 210, 1, 45, 60.00
2026/09/14 16:22:18.835, 13.11, 210, 1, 45, 60.00
2026/09/14 16:22:18.850, 13.11, 210, 1, 45, 60.00
2026/09/14 16:22:18.866, 13.11, 210, 1, 45, 60.00
2026/09/14 16:22:18.882, 13.11, 210, 1, 45, 60.00
2026/09/14 16:22:18.897, 13.11, 210, 1, 45, 60.00
2026/09/14 16:22:18.912, 13.10, 210, 0, 45, 60.00
2026/09/14 16:22:18.928, 13.10, 210, 0, 45, 60.00
2026/09/14 16:22:18.943, 13.10, 210, 0, 45, 60.00
2026/09/14 16:22:18.959, 13.10, 210, 0, 45, 60.00
2026/09/14 16:22:18.974, 13.10, 210, 0, 45, 60.00
2026/09/14 16:22:18.990, 13.10, 210, 0, 45, 60.00
2026/09/14 16:22:19.020, 13.09, 210, 0, 45, 60.00
2026/09/14 16:22:19.036, 13.09, 210, 0, 45, 60.00
2026/09/14 16:22:19.051, 13.09, 210, 0, 45, 60.00
2026/09/14 16:22:19.067, 13.09, 210, 0, 45, 60.00
2026/09/14 16:22:19.082, 13.09, 210, 0, 45, 60.00
2026/09/14 16:22:19.097, 13.09, 210, 0, 45, 60.00
2026/09/14 16:22:19.112, 13.08, 210, 1, 45, 60.00
2026/09/14 16:22:19.127, 13.08, 210, 1, 45, 60.00
2026/09/14 16:22:19.142, 13.08, 210, 1, 45, 60.00
2026/09/14 16:22:19.158, 13.08, 210, 1, 45, 60.00
2026/09/14 16:22:19.175, 13.08, 210, 1, 45, 60.00
2026/09/14 16:22:19.190, 13.08, 210, 1, 45, 60.00
2026/09/14 16:22:19.206, 13.15, 210, 1, 45, 60.00
2026/09/14 16:22:19.222, 13.15, 210, 1, 45, 60.00
2026/09/14 16:22:19.237, 13.15, 210, 1, 45, 60.00
2026/09/14 16:22:19.253, 13.15, 210, 1, 45, 60.00
2026/09/14 16:22:19.269, 13.15, 210, 1, 45, 60.00
2026/09/14 16:22:19.285, 13.15, 210, 1, 45, 60.00
2026/09/14 16:22:19.300, 13.15, 210, 1, 45, 60.00
2026/09/14 16:22:19.316, 13.21, 210, 2, 45, 60.00
2026/09/14 16:22:19.332, 13.21, 210, 2, 45, 60.00
2026/09/14 16:22:19.348, 13.21, 210, 2, 45, 60.00
2026/09/14 16:22:19.363, 13.21, 210, 2, 45, 60.00
2026/09/14 16:22:19.378, 13.21, 210, 2, 45, 60.00
2026/09/14 16:22:19.393, 13.21, 210, 2, 45, 60.00
2026/09/14 16:22:19.409, 13.21, 210, 2, 45, 60.00
2026/09/14 16:22:19.424, 13.21, 210, 2, 45, 60.00
2026/09/14 16:22:19.439, 13.21, 210, 2, 45, 60.00
2026/09/14 16:22:19.456, 13.21, 210, 2, 45, 60.00
2026/09/14 16:22:19.486, 13.21, 210, 2, 45, 60.00
2026/09/14 16:22:19.502, 13.21, 210, 2, 45, 60.00
2026/09/14 16:22:19.517, 13.23, 210, 0, 45, 60.00
2026/09/14 16:22:19.534, 13.23, 210, 0, 45, 60.00
2026/09/14 16:22:19.549, 13.23, 210, 0, 45, 60.00
2026/09/14 16:22:19.565, 13.23, 210, 0, 45, 60.00
2026/09/14 16:22:19.580, 13.23, 210, 0, 45, 60.00
2026/09/14 16:22:19.596, 13.23, 210, 0, 45, 60.00
2026/09/14 16:22:19.612, 13.30, 210, 0, 45, 60.00
2026/09/14 16:22:19.628, 13.30, 210, 0, 45, 60.00
2026/09/14 16:22:19.644, 13.30, 210, 0, 45, 60.00
2026/09/14 16:22:19.659, 13.30, 210, 0, 45, 60.00
2026/09/14 16:22:19.675, 13.30, 210, 0, 45, 60.00
2026/09/14 16:22:19.690, 13.30, 210, 0, 45, 60.00
2026/09/14 16:22:19.706, 13.23, 210, 0, 45, 60.00
2026/09/14 16:22:19.721, 13.23, 210, 2, 45, 60.00
2026/09/14 16:22:19.736, 13.23, 210, 2, 45, 60.00
2026/09/14 16:22:19.751, 13.23, 210, 2, 45, 60.00
2026/09/14 16:22:19.767, 13.23, 210, 2, 45, 60.00
2026/09/14 16:22:19.782, 13.23, 210, 2, 45, 60.00
2026/09/14 16:22:19.798, 13.23, 210, 2, 45, 60.00
2026/09/14 16:22:19.813, 13.21, 210, 2, 45, 60.00
2026/09/14 16:22:19.829, 13.21, 210, 2, 45, 60.00
2026/09/14 16:22:19.844, 13.21, 210, 2, 45, 60.00
2026/09/14 16:22:19.859, 13.21, 210, 2, 45, 60.00
2026/09/14 16:22:19.875, 13.21, 210, 2, 45, 60.00
2026/09/14 16:22:19.891, 13.21, 210, 2, 45, 60.00
2026/09/14 16:22:19.907, 13.22, 210, 2, 45, 60.00
2026/09/14 16:22:19.938, 13.22, 210, 0, 45, 60.00
2026/09/14 16:22:19.954, 13.22, 210, 0, 45, 60.00
2026/09/14 16:22:19.969, 13.22, 210, 0, 45, 60.00
2026/09/14 16:22:19.985, 13.22, 210, 0, 45, 60.00
2026/09/14 16:22:20.001, 13.22, 210, 0, 45, 60.00
2026/09/14 16:22:20.016, 13.28, 210, 0, 45, 60.00
2026/09/14 16:22:20.032, 13.28, 210, 0, 45, 60.00
2026/09/14 16:22:20.048, 13.28, 210, 0, 45, 60.00
2026/09/14 16:22:20.064, 13.28, 210, 0, 45, 60.00
2026/09/14 16:22:20.080, 13.28, 210, 0, 45, 60.00
2026/09/14 16:22:20.095, 13.28, 210, 0, 45, 60.00
2026/09/14 16:22:20.110, 13.37, 210, 2, 45, 60.00
2026/09/14 16:22:20.126, 13.37, 210, 2, 45, 60.00
2026/09/14 16:22:20.141, 13.37, 210, 2, 45, 60.00
2026/09/14 16:22:20.156, 13.37, 210, 2, 45, 60.00
2026/09/14 16:22:20.172, 13.37, 210, 2, 45, 60.00
2026/09/14 16:22:20.188, 13.37, 210, 2, 45, 60.00
2026/09/14 16:22:20.203, 13.37, 210, 2, 45, 60.00
2026/09/14 16:22:20.219, 13.41, 210, 2, 45, 60.00
2026/09/14 16:22:20.234, 13.41, 210, 2, 45, 60.00
2026/09/14 16:22:20.250, 13.41, 210, 2, 45, 60.00
2026/09/14 16:22:20.267, 13.41, 210, 2, 45, 60.00
2026/09/14 16:22:20.282, 13.41, 210, 2, 45, 60.00
2026/09/14 16:22:20.297, 13.41, 210, 2, 45, 60.00
2026/09/14 16:22:20.313, 13.42, 210, 2, 45, 60.00
2026/09/14 16:22:20.328, 13.42, 210, 2, 45, 60.00
2026/09/14 16:22:20.344, 13.42, 210, 2, 45, 60.00
2026/09/14 16:22:20.360, 13.42, 210, 2, 45, 60.00
2026/09/14 16:22:20.392, 13.42, 210, 2, 45, 60.00
2026/09/14 16:22:20.408, 13.45, 210, 2, 45, 60.00
2026/09/14 16:22:20.423, 13.45, 210, 2, 45, 60.00
2026/09/14 16:22:20.440, 13.45, 210, 2, 45, 60.00
2026/09/14 16:22:20.455, 13.45, 210, 2, 45, 60.00
2026/09/14 16:22:20.470, 13.45, 210, 2, 45, 60.00
2026/09/14 16:22:20.486, 13.45, 210, 2, 45, 60.00
2026/09/14 16:22:20.501, 13.45, 210, 2, 45, 60.00
2026/09/14 16:22:20.517, 13.52, 210, 1, 45, 60.00
2026/09/14 16:22:20.533, 13.52, 210, 1, 45, 60.00
2026/09/14 16:22:20.548, 13.52, 210, 1, 45, 60.00
2026/09/14 16:22:20.563, 13.52, 210, 1, 45, 60.00
2026/09/14 16:22:20.578, 13.52, 210, 1, 45, 60.00
2026/09/14 16:22:20.594, 13.52, 210, 1, 45, 60.00
2026/09/14 16:22:20.610, 13.58, 210, 1, 45, 60.00
2026/09/14 16:22:20.625, 13.58, 210, 1, 45, 60.00
2026/09/14 16:22:20.641, 13.58, 210, 1, 45, 60.00
2026/09/14 16:22:20.657, 13.58, 210, 1, 45, 60.00
2026/09/14 16:22:20.673, 13.58, 210, 1, 45, 60.00
2026/09/14 16:22:20.688, 13.58, 210, 1, 45, 60.00
2026/09/14 16:22:20.704, 13.60, 210, 1, 45, 60.00
2026/09/14 16:22:20.719, 13.60, 210, 3, 45, 60.00
2026/09/14 16:22:20.735, 13.60, 210, 3, 45, 60.00
2026/09/14 16:22:20.750, 13.60, 210, 3, 45, 60.00
2026/09/14 16:22:20.766, 13.60, 210, 3, 45, 60.00
2026/09/14 16:22:20.781, 13.60, 210, 3, 45, 60.00
2026/09/14 16:22:20.797, 13.60, 210, 3, 45, 60.00
2026/09/14 16:22:20.812, 13.67, 210, 3, 45, 60.00
2026/09/14 16:22:20.844, 13.67, 210, 3, 45, 60.00
2026/09/14 16:22:20.859, 13.67, 210, 3, 45, 60.00
2026/09/14 16:22:20.875, 13.67, 210, 3, 45, 60.00
2026/09/14 16:22:20.891, 13.67, 210, 3, 45, 60.00
2026/09/14 16:22:20.907, 13.70, 210, 3, 45, 60.00
2026/09/14 16:22:20.923, 13.70, 210, 2, 45, 60.00
2026/09/14 16:22:20.939, 13.70, 210, 2, 45, 60.00
2026/09/14 16:22:20.954, 13.70, 210, 2, 45, 60.00
2026/09/14 16:22:20.970, 13.70, 210, 2, 45, 60.00
2026/09/14 16:22:20.985, 13.70, 210, 2, 45, 60.00
2026/09/14 16:22:21.000, 13.70, 210, 2, 45, 60.00
2026/09/14 16:22:21.016, 13.72, 210, 2, 45, 60.00
2026/09/14 16:22:21.031, 13.72, 210, 2, 45, 60.00
2026/09/14 16:22:21.047, 13.72, 210, 2, 45, 60.00
2026/09/14 16:22:21.062, 13.72, 210, 2, 45, 60.00
2026/09/14 16:22:21.078, 13.72, 210, 2, 45, 60.00
2026/09/14 16:22:21.094, 13.72, 210, 2, 45, 60.00
2026/09/14 16:22:21.110, 13.66, 210, 0, 45, 60.00
2026/09/14 16:22:21.125, 13.66, 210, 0, 45, 60.00
2026/09/14 16:22:21.140, 13.66, 210, 0, 45, 60.00
2026/09/14 16:22:21.155, 13.66, 210, 0, 45, 60.00
2026/09/14 16:22:21.171, 13.66, 210, 0, 45, 60.00
2026/09/14 16:22:21.186, 13.66, 210, 0, 45, 60.00
2026/09/14 16:22:21.202, 13.66, 210, 0, 45, 60.00
2026/09/14 16:22:21.218, 13.60, 210, 0, 45, 60.00
2026/09/14 16:22:21.233, 13.60, 210, 0, 45, 60.00
2026/09/14 16:22:21.249, 13.60, 210, 0, 45, 60.00
2026/09/14 16:22:21.265, 13.60, 210, 0, 45, 60.00
2026/09/14 16:22:21.296, 13.60, 210, 0, 45, 60.00
2026/09/14 16:22:21.312, 13.55, 210, 1, 45, 60.00
2026/09/14 16:22:21.327, 13.55, 210, 1, 45, 60.00
2026/09/14 16:22:21.342, 13.55, 210, 1, 45, 60.00
2026/09/14 16:22:21.358, 13.55, 210, 1, 45, 60.00
2026/09/14 16:22:21.374, 13.55, 210, 1, 45, 60.00
2026/09/14 16:22:21.390, 13.55, 210, 1, 45, 60.00
2026/09/14 16:22:21.406, 13.47, 210, 1, 45, 60.00
2026/09/14 16:22:21.421, 13.47, 210, 1, 45, 60.00
2026/09/14 16:22:21.437, 13.47, 210, 1, 45, 60.00
2026/09/14 16:22:21.453, 13.47, 210, 1, 45, 60.00
2026/09/14 16:22:21.468, 13.47, 210, 1, 45, 60.00
2026/09/14 16:22:21.483, 13.47, 210, 1, 45, 60.00
2026/09/14 16:22:21.499, 13.47, 210, 1, 45, 60.00
2026/09/14 16:22:21.514, 13.39, 210, 0, 45, 60.00
2026/09/14 16:22:21.530, 13.39, 210, 0, 45, 60.00
2026/09/14 16:22:21.546, 13.39, 210, 0, 45, 60.00
2026/09/14 16:22:21.561, 13.39, 210, 0, 45, 60.00
2026/09/14 16:22:21.577, 13.39, 210, 0, 45, 60.00
2026/09/14 16:22:21.592, 13.39, 210, 0, 45, 60.00
2026/09/14 16:22:21.607, 13.35, 210, 0, 45, 60.00
2026/09/14 16:22:21.623, 13.35, 210, 0, 45, 60.00
2026/09/14 16:22:21.639, 13.35, 210, 0, 45, 60.00
2026/09/14 16:22:21.654, 13.35, 210, 0, 45, 60.00
2026/09/14 16:22:21.669, 13.35, 210, 0, 45, 60.00
2026/09/14 16:22:21.685, 13.35, 210, 0, 45, 60.00
2026/09/14 16:22:21.701, 13.35, 210, 0, 45, 60.00
2026/09/14 16:22:21.717, 13.32, 210, 2, 45, 60.00
2026/09/14 16:22:21.748, 13.32, 210, 2, 45, 60.00
2026/09/14 16:22:21.764, 13.32, 210, 2, 45, 60.00
2026/09/14 16:22:21.779, 13.32, 210, 2, 45, 60.00
2026/09/14 16:22:21.795, 13.32, 210, 2, 45, 60.00
2026/09/14 16:22:21.810, 13.27, 210, 2, 45, 60.00
2026/09/14 16:22:21.825, 13.27, 210, 2, 45, 60.00
2026/09/14 16:22:21.840, 13.27, 210, 2, 45, 60.00
2026/09/14 16:22:21.855, 13.27, 210, 2, 45, 60.00
2026/09/14 16:22:21.870, 13.27, 210, 2, 45, 60.00
2026/09/14 16:22:21.886, 13.27, 210, 2, 45, 60.00
2026/09/14 16:22:21.902, 13.27, 210, 2, 45, 60.00
2026/09/14 16:22:21.917, 13.21, 210, 0, 45, 60.00
2026/09/14 16:22:21.933, 13.21, 210, 0, 45, 60.00
2026/09/14 16:22:21.948, 13.21, 210, 0, 45, 60.00
2026/09/14 16:22:21.964, 13.21, 210, 0, 45, 60.00
2026/09/14 16:22:21.980, 13.21, 210, 0, 45, 60.00
2026/09/14 16:22:21.995, 13.21, 210, 0, 45, 60.00
2026/09/14 16:22:22.011, 13.20, 210, 0, 45, 60.00
2026/09/14 16:22:22.026, 13.20, 210, 0, 45, 60.00
2026/09/14 16:22:22.042, 13.20, 210, 0, 45, 60.00
2026/09/14 16:22:22.058, 13.20, 210, 0, 45, 60.00
2026/09/14 16:22:22.074, 13.20, 210, 0, 45, 60.00
2026/09/14 16:22:22.089, 13.20, 210, 0, 45, 60.00
2026/09/14 16:22:22.105, 13.18, 210, 0, 45, 60.00
2026/09/14 16:22:22.121, 13.18, 210, 0, 45, 60.00
2026/09/14 16:22:22.137, 13.18, 210, 0, 45, 60.00
2026/09/14 16:22:22.153, 13.18, 210, 0, 45, 60.00
2026/09/14 16:22:22.168, 13.18, 210, 0, 45, 60.00
2026/09/14 16:22:22.200, 13.18, 210, 0, 45, 60.00
2026/09/14 16:22:22.215, 13.21, 210, 0, 45, 60.00
2026/09/14 16:22:22.231, 13.21, 210, 0, 45, 60.00
2026/09/14 16:22:22.246, 13.21, 210, 0, 45, 60.00
2026/09/14 16:22:22.262, 13.21, 210, 0, 45, 60.00
2026/09/14 16:22:22.278, 13.21, 210, 0, 45, 60.00
2026/09/14 16:22:22.294, 13.21, 210, 0, 45, 60.00
2026/09/14 16:22:22.309, 13.19, 210, 1, 45, 60.00
2026/09/14 16:22:22.325, 13.19, 210, 1, 45, 60.00
2026/09/14 16:22:22.340, 13.19, 210, 1, 45, 60.00
2026/09/14 16:22:22.356, 13.19, 210, 1, 45, 60.00
2026/09/14 16:22:22.371, 13.19, 210, 1, 45, 60.00
2026/09/14 16:22:22.387, 13.19, 210, 1, 45, 60.00
2026/09/14 16:22:22.403, 13.19, 210, 1, 45, 60.00
2026/09/14 16:22:22.419, 13.18, 210, 1, 45, 60.00
2026/09/14 16:22:22.434, 13.18, 210, 1, 45, 60.00
2026/09/14 16:22:22.450, 13.18, 210, 1, 45, 60.00
2026/09/14 16:22:22.466, 13.18, 210, 1, 45, 60.00
2026/09/14 16:22:22.481, 13.18, 210, 1, 45, 60.00
2026/09/14 16:22:22.497, 13.18, 210, 1, 45, 60.00
2026/09/14 16:22:22.513, 13.19, 210, 0, 45, 60.00
2026/09/14 16:22:22.529, 13.19, 210, 0, 45, 60.00
2026/09/14 16:22:22.544, 13.19, 210, 0, 45, 60.00
2026/09/14 16:22:22.559, 13.19, 210, 0, 45, 60.00
2026/09/14 16:22:22.576, 13.19, 210, 0, 45, 60.00
2026/09/14 16:22:22.591, 13.19, 210, 0, 45, 60.00
2026/09/14 16:22:22.607, 13.25, 210, 0, 45, 60.00
2026/09/14 16:22:22.623, 13.25, 210, 0, 45, 60.00
2026/09/14 16:22:22.655, 13.25, 210, 0, 45, 60.00
2026/09/14 16:22:22.670, 13.25, 210, 0, 45, 60.00
2026/09/14 16:22:22.686, 13.25, 210, 0, 45, 60.00
2026/09/14 16:22:22.702, 13.25, 210, 0, 45, 60.00
2026/09/14 16:22:22.717, 13.23, 210, 2, 45, 60.00
2026/09/14 16:22:22.733, 13.23, 210, 2, 45, 60.00
2026/09/14 16:22:22.749, 13.23, 210, 2, 45, 60.00
2026/09/14 16:22:22.764, 13.23, 210, 2, 45, 60.00
2026/09/14 16:22:22.780, 13.23, 210, 2, 45, 60.00
2026/09/14 16:22:22.796, 13.23, 210, 2, 45, 60.00
2026/09/14 16:22:22.811, 13.23, 210, 2, 45, 60.00
2026/09/14 16:22:22.826, 13.23, 210, 2, 45, 60.00
2026/09/14 16:22:22.842, 13.23, 210, 2, 45, 60.00
2026/09/14 16:22:22.858, 13.23, 210, 2, 45, 60.00
2026/09/14 16:22:22.873, 13.23, 210, 2, 45, 60.00
2026/09/14 16:22:22.889, 13.23, 210, 2, 45, 60.00
2026/09/14 16:22:22.904, 13.22, 210, 2, 45, 60.00
2026/09/14 16:22:22.919, 13.22, 210, 1, 45, 60.00
2026/09/14 16:22:22.935, 13.22, 210, 1, 45, 60.00
2026/09/14 16:22:22.950, 13.22, 210, 1, 45, 60.00
2026/09/14 16:22:22.967, 13.22, 210, 1, 45, 60.00
2026/09/14 16:22:22.982, 13.22, 210, 1, 45, 60.00
2026/09/14 16:22:22.998, 13.22, 210, 1, 45, 60.00
2026/09/14 16:22:23.013, 13.24, 210, 1, 45, 60.00
2026/09/14 16:22:23.029, 13.24, 210, 1, 45, 60.00
2026/09/14 16:22:23.044, 13.24, 210, 1, 45, 60.00
2026/09/14 16:22:23.060, 13.24, 210, 1, 45, 60.00
2026/09/14 16:22:23.076, 13.24, 210, 1, 45, 60.00
2026/09/14 16:22:23.107, 13.21, 210, 0, 45, 60.00
2026/09/14 16:22:23.122, 13.21, 210, 0, 45, 60.00
2026/09/14 16:22:23.137, 13.21, 210, 0, 45, 60.00
2026/09/14 16:22:23.154, 13.21, 210, 0, 45, 60.00
2026/09/14 16:22:23.169, 13.21, 210, 0, 45, 60.00
2026/09/14 16:22:23.186, 13.21, 210, 0, 45, 60.00
2026/09/14 16:22:23.200, 13.21, 210, 0, 45, 60.00
2026/09/14 16:22:23.216, 13.22, 210, 0, 45, 60.00
2026/09/14 16:22:23.232, 13.22, 210, 0, 45, 60.00
2026/09/14 16:22:23.247, 13.22, 210, 0, 45, 60.00
2026/09/14 16:22:23.262, 13.22, 210, 0, 45, 60.00
2026/09/14 16:22:23.278, 13.22, 210, 0, 45, 60.00
2026/09/14 16:22:23.293, 13.22, 210, 0, 45, 60.00
2026/09/14 16:22:23.310, 13.21, 210, 1, 45, 60.00
2026/09/14 16:22:23.325, 13.21, 210, 1, 45, 60.00
2026/09/14 16:22:23.341, 13.21, 210, 1, 45, 60.00
2026/09/14 16:22:23.357, 13.21, 210, 1, 45, 60.00
2026/09/14 16:22:23.373, 13.21, 210, 1, 45, 60.00
2026/09/14 16:22:23.388, 13.21, 210, 1, 45, 60.00
2026/09/14 16:22:23.404, 13.22, 210, 1, 45, 60.00
2026/09/14 16:22:23.419, 13.22, 210, 1, 45, 60.00
2026/09/14 16:22:23.435, 13.22, 210, 1, 45, 60.00
2026/09/14 16:22:23.450, 13.22, 210, 1, 45, 60.00
2026/09/14 16:22:23.466, 13.22, 210, 1, 45, 60.00
2026/09/14 16:22:23.482, 13.22, 210, 1, 45, 60.00
2026/09/14 16:22:23.497, 13.22, 210, 1, 45, 60.00
2026/09/14 16:22:23.513, 13.23, 210, 0, 45, 60.00
2026/09/14 16:22:23.529, 13.23, 210, 0, 45, 60.00
2026/09/14 16:22:23.560, 13.23, 210, 0, 45, 60.00
2026/09/14 16:22:23.576, 13.23, 210, 0, 45, 60.00
2026/09/14 16:22:23.591, 13.23, 210, 0, 45, 60.00
2026/09/14 16:22:23.607, 13.27, 210, 0, 45, 60.00
2026/09/14 16:22:23.622, 13.27, 210, 0, 45, 60.00
2026/09/14 16:22:23.638, 13.27, 210, 0, 45, 60.00
2026/09/14 16:22:23.655, 13.27, 210, 0, 45, 60.00
2026/09/14 16:22:23.670, 13.27, 210, 0, 45, 60.00
2026/09/14 16:22:23.686, 13.27, 210, 0, 45, 60.00
2026/09/14 16:22:23.702, 13.27, 210, 0, 45, 60.00
2026/09/14 16:22:23.718, 13.23, 210, 1, 45, 60.00
2026/09/14 16:22:23.733, 13.23, 210, 1, 45, 60.00
2026/09/14 16:22:23.748, 13.23, 210, 1, 45, 60.00
2026/09/14 16:22:23.764, 13.23, 210, 1, 45, 60.00
2026/09/14 16:22:23.779, 13.23, 210, 1, 45, 60.00
2026/09/14 16:22:23.794, 13.23, 210, 1, 45, 60.00
2026/09/14 16:22:23.810, 13.23, 210, 1, 45, 60.00
2026/09/14 16:22:23.826, 13.23, 210, 1, 45, 60.00
2026/09/14 16:22:23.841, 13.23, 210, 1, 45, 60.00
2026/09/14 16:22:23.857, 13.23, 210, 1, 45, 60.00
2026/09/14 16:22:23.872, 13.23, 210, 1, 45, 60.00
2026/09/14 16:22:23.888, 13.23, 210, 1, 45, 60.00
2026/09/14 16:22:23.904, 13.21, 210, 1, 45, 60.00
2026/09/14 16:22:23.919, 13.21, 210, 1, 45, 60.00
2026/09/14 16:22:23.935, 13.21, 210, 1, 45, 60.00
2026/09/14 16:22:23.950, 13.21, 210, 1, 45, 60.00
2026/09/14 16:22:23.965, 13.21, 210, 1, 45, 60.00
2026/09/14 16:22:23.981, 13.21, 210, 1, 45, 60.00
2026/09/14 16:22:24.012, 13.23, 210, 1, 45, 60.00
2026/09/14 16:22:24.027, 13.23, 210, 1, 45, 60.00
2026/09/14 16:22:24.043, 13.23, 210, 1, 45, 60.00
2026/09/14 16:22:24.058, 13.23, 210, 1, 45, 60.00
2026/09/14 16:22:24.073, 13.23, 210, 1, 45, 60.00
2026/09/14 16:22:24.089, 13.23, 210, 1, 45, 60.00
2026/09/14 16:22:24.105, 13.20, 210, 1, 45, 60.00
2026/09/14 16:22:24.120, 13.20, 210, 0, 45, 60.00
2026/09/14 16:22:24.135, 13.20, 210, 0, 45, 60.00
2026/09/14 16:22:24.150, 13.20, 210, 0, 45, 60.00
2026/09/14 16:22:24.166, 13.20, 210, 0, 45, 60.00
2026/09/14 16:22:24.182, 13.20, 210, 0, 45, 60.00
2026/09/14 16:22:24.198, 13.20, 210, 0, 45, 60.00
2026/09/14 16:22:24.213, 13.27, 210, 0, 45, 60.00
2026/09/14 16:22:24.228, 13.27, 210, 0, 45, 60.00
2026/09/14 16:22:24.245, 13.27, 210, 0, 45, 60.00
2026/09/14 16:22:24.260, 13.27, 210, 0, 45, 60.00
2026/09/14 16:22:24.276, 13.27, 210, 0, 45, 60.00
2026/09/14 16:22:24.292, 13.27, 210, 0, 45, 60.00
2026/09/14 16:22:24.308, 13.26, 210, 1, 45, 60.00
2026/09/14 16:22:24.324, 13.26, 210, 1, 45, 60.00
2026/09/14 16:22:24.340, 13.26, 210, 1, 45, 60.00
2026/09/14 16:22:24.355, 13.26, 210, 1, 45, 60.00
2026/09/14 16:22:24.370, 13.26, 210, 1, 45, 60.00
2026/09/14 16:22:24.386, 13.26, 210, 1, 45, 60.00
2026/09/14 16:22:24.401, 13.26, 210, 1, 45, 60.00
2026/09/14 16:22:24.417, 13.26, 210, 1, 45, 60.00
2026/09/14 16:22:24.432, 13.26, 210, 1, 45, 60.00
2026/09/14 16:22:24.464, 13.26, 210, 1, 45, 60.00
2026/09/14 16:22:24.480, 13.26, 210, 1, 45, 60.00
2026/09/14 16:22:24.497, 13.26, 210, 1, 45, 60.00
2026/09/14 16:22:24.513, 13.25, 210, 1, 45, 60.00
2026/09/14 16:22:24.528, 13.25, 210, 1, 45, 60.00
2026/09/14 16:22:24.544, 13.25, 210, 1, 45, 60.00
2026/09/14 16:22:24.560, 13.25, 210, 1, 45, 60.00
2026/09/14 16:22:24.575, 13.25, 210, 1, 45, 60.00
2026/09/14 16:22:24.591, 13.25, 210, 1, 45, 60.00
2026/09/14 16:22:24.606, 13.29, 210, 1, 45, 60.00
2026/09/14 16:22:24.622, 13.29, 210, 1, 45, 60.00
2026/09/14 16:22:24.638, 13.29, 210, 1, 45, 60.00
2026/09/14 16:22:24.654, 13.29, 210, 1, 45, 60.00
2026/09/14 16:22:24.670, 13.29, 210, 1, 45, 60.00
2026/09/14 16:22:24.685, 13.29, 210, 1, 45, 60.00
2026/09/14 16:22:24.700, 13.29, 210, 1, 45, 60.00
2026/09/14 16:22:24.716, 13.25, 210, 1, 45, 60.00
2026/09/14 16:22:24.732, 13.25, 210, 1, 45, 60.00
2026/09/14 16:22:24.748, 13.25, 210, 1, 45, 60.00
2026/09/14 16:22:24.763, 13.25, 210, 1, 45, 60.00
2026/09/14 16:22:24.778, 13.25, 210, 1, 45, 60.00
2026/09/14 16:22:24.793, 13.25, 210, 1, 45, 60.00
2026/09/14 16:22:24.809, 13.23, 210, 1, 45, 60.00
2026/09/14 16:22:24.824, 13.23, 210, 1, 45, 60.00
2026/09/14 16:22:24.840, 13.23, 210, 1, 45, 60.00
2026/09/14 16:22:24.856, 13.23, 210, 1, 45, 60.00
2026/09/14 16:22:24.872, 13.23, 210, 1, 45, 60.00
2026/09/14 16:22:24.887, 13.23, 210, 1, 45, 60.00
2026/09/14 16:22:24.919, 13.24, 210, 1, 45, 60.00
2026/09/14 16:22:24.935, 13.24, 210, 1, 45, 60.00
2026/09/14 16:22:24.951, 13.24, 210, 1, 45, 60.00
2026/09/14 16:22:24.966, 13.24, 210, 1, 45, 60.00
2026/09/14 16:22:24.982, 13.24, 210, 1, 45, 60.00
2026/09/14 16:22:24.998, 13.24, 210, 1, 45, 60.00
2026/09/14 16:22:25.014, 13.28, 210, 1, 45, 60.00
2026/09/14 16:22:25.029, 13.28, 210, 1, 45, 60.00
2026/09/14 16:22:25.045, 13.28, 210, 1, 45, 60.00
2026/09/14 16:22:25.060, 13.28, 210, 1, 45, 60.00
2026/09/14 16:22:25.076, 13.28, 210, 1, 45, 60.00
2026/09/14 16:22:25.092, 13.28, 210, 1, 45, 60.00
2026/09/14 16:22:25.107, 13.31, 210, 1, 45, 60.00
2026/09/14 16:22:25.123, 13.31, 210, 1, 45, 60.00
2026/09/14 16:22:25.138, 13.31, 210, 1, 45, 60.00
2026/09/14 16:22:25.154, 13.31, 210, 1, 45, 60.00
2026/09/14 16:22:25.169, 13.31, 210, 1, 45, 60.00
2026/09/14 16:22:25.184, 13.31, 210, 1, 45, 60.00
2026/09/14 16:22:25.201, 13.31, 210, 1, 45, 60.00
2026/09/14 16:22:25.216, 13.39, 210, 1, 45, 60.00
2026/09/14 16:22:25.232, 13.39, 210, 1, 45, 60.00
2026/09/14 16:22:25.247, 13.39, 210, 1, 45, 60.00
2026/09/14 16:22:25.263, 13.39, 210, 1, 45, 60.00
2026/09/14 16:22:25.279, 13.39, 210, 1, 45, 60.00
2026/09/14 16:22:25.295, 13.39, 210, 1, 45, 60.00
2026/09/14 16:22:25.311, 13.36, 210, 1, 45, 60.00
2026/09/14 16:22:25.326, 13.36, 210, 1, 45, 60.00
2026/09/14 16:22:25.342, 13.36, 210, 1, 45, 60.00
2026/09/14 16:22:25.373, 13.36, 210, 1, 45, 60.00
2026/09/14 16:22:25.389, 13.36, 210, 1, 45, 60.00
2026/09/14 16:22:25.405, 13.46, 210, 1, 45, 60.00
2026/09/14 16:22:25.420, 13.46, 210, 1, 45, 60.00
2026/09/14 16:22:25.435, 13.46, 210, 1, 45, 60.00
2026/09/14 16:22:25.451, 13.46, 210, 1, 45, 60.00
2026/09/14 16:22:25.466, 13.46, 210, 1, 45, 60.00
2026/09/14 16:22:25.482, 13.46, 210, 1, 45, 60.00
2026/09/14 16:22:25.498, 13.46, 210, 1, 45, 60.00
2026/09/14 16:22:25.513, 13.48, 210, 2, 45, 60.00
2026/09/14 16:22:25.529, 13.48, 210, 2, 45, 60.00
2026/09/14 16:22:25.545, 13.48, 210, 2, 45, 60.00
2026/09/14 16:22:25.560, 13.48, 210, 2, 45, 60.00
2026/09/14 16:22:25.575, 13.48, 210, 2, 45, 60.00
2026/09/14 16:22:25.592, 13.48, 210, 2, 45, 60.00
2026/09/14 16:22:25.607, 13.60, 210, 2, 45, 60.00
2026/09/14 16:22:25.623, 13.60, 210, 2, 45, 60.00
2026/09/14 16:22:25.639, 13.60, 210, 2, 45, 60.00
2026/09/14 16:22:25.654, 13.60, 210, 2, 45, 60.00
2026/09/14 16:22:25.670, 13.60, 210, 2, 45, 60.00
2026/09/14 16:22:25.686, 13.60, 210, 2, 45, 60.00
2026/09/14 16:22:25.702, 13.60, 210, 2, 45, 60.00
2026/09/14 16:22:25.718, 13.60, 210, 2, 45, 60.00
2026/09/14 16:22:25.733, 13.60, 210, 2, 45, 60.00
2026/09/14 16:22:25.749, 13.60, 210, 2, 45, 60.00
2026/09/14 16:22:25.764, 13.60, 210, 2, 45, 60.00
2026/09/14 16:22:25.781, 13.60, 210, 2, 45, 60.00
2026/09/14 16:22:25.797, 13.60, 210, 2, 45, 60.00
2026/09/14 16:22:25.829, 13.64, 210, 2, 45, 60.00
2026/09/14 16:22:25.844, 13.64, 210, 2, 45, 60.00
2026/09/14 16:22:25.859, 13.64, 210, 2, 45, 60.00
2026/09/14 16:22:25.875, 13.64, 210, 2, 45, 60.00
2026/09/14 16:22:25.890, 13.64, 210, 2, 45, 60.00
2026/09/14 16:22:25.905, 13.65, 210, 2, 45, 60.00
2026/09/14 16:22:25.921, 13.65, 210, 1, 45, 60.00
2026/09/14 16:22:25.937, 13.65, 210, 1, 45, 60.00
2026/09/14 16:22:25.952, 13.65, 210, 1, 45, 60.00
2026/09/14 16:22:25.968, 13.65, 210, 1, 45, 60.00
2026/09/14 16:22:25.983, 13.65, 210, 1, 45, 60.00
2026/09/14 16:22:25.999, 13.65, 210, 1, 45, 60.00
2026/09/14 16:22:26.016, 13.69, 210, 1, 45, 60.00
2026/09/14 16:22:26.030, 13.69, 210, 1, 45, 60.00
2026/09/14 16:22:26.047, 13.69, 210, 1, 45, 60.00
2026/09/14 16:22:26.062, 13.69, 210, 1, 45, 60.00
2026/09/14 16:22:26.077, 13.69, 210, 1, 45, 60.00
2026/09/14 16:22:26.093, 13.69, 210, 1, 45, 60.00
2026/09/14 16:22:26.109, 13.65, 210, 2, 45, 60.00
2026/09/14 16:22:26.124, 13.65, 210, 2, 45, 60.00
2026/09/14 16:22:26.140, 13.65, 210, 2, 45, 60.00
2026/09/14 16:22:26.155, 13.65, 210, 2, 45, 60.00
2026/09/14 16:22:26.171, 13.65, 210, 2, 45, 60.00
2026/09/14 16:22:26.186, 13.65, 210, 2, 45, 60.00
2026/09/14 16:22:26.201, 13.65, 210, 2, 45, 60.00
2026/09/14 16:22:26.216, 13.60, 210, 2, 45, 60.00
2026/09/14 16:22:26.231, 13.60, 210, 2, 45, 60.00
2026/09/14 16:22:26.246, 13.60, 210, 2, 45, 60.00
2026/09/14 16:22:26.263, 13.60, 210, 2, 45, 60.00
2026/09/14 16:22:26.295, 13.60, 210, 2, 45, 60.00
2026/09/14 16:22:26.311, 13.53, 210, 0, 45, 60.00
2026/09/14 16:22:26.327, 13.53, 210, 0, 45, 60.00
2026/09/14 16:22:26.343, 13.53, 210, 0, 45, 60.00
2026/09/14 16:22:26.358, 13.53, 210, 0, 45, 60.00
2026/09/14 16:22:26.374, 13.53, 210, 0, 45, 60.00
2026/09/14 16:22:26.391, 13.53, 210, 0, 45, 60.00
2026/09/14 16:22:26.406, 13.49, 210, 0, 45, 60.00
2026/09/14 16:22:26.422, 13.49, 210, 0, 45, 60.00
2026/09/14 16:22:26.437, 13.49, 210, 0, 45, 60.00
2026/09/14 16:22:26.453, 13.49, 210, 0, 45, 60.00
2026/09/14 16:22:26.468, 13.49, 210, 0, 45, 60.00
2026/09/14 16:22:26.483, 13.49, 210, 0, 45, 60.00
2026/09/14 16:22:26.498, 13.49, 210, 0, 45, 60.00
2026/09/14 16:22:26.514, 13.43, 210, 1, 45, 60.00
2026/09/14 16:22:26.529, 13.43, 210, 1, 45, 60.00
2026/09/14 16:22:26.544, 13.43, 210, 1, 45, 60.00
2026/09/14 16:22:26.560, 13.43, 210, 1, 45, 60.00
2026/09/14 16:22:26.576, 13.43, 210, 1, 45, 60.00
2026/09/14 16:22:26.592, 13.43, 210, 1, 45, 60.00
2026/09/14 16:22:26.607, 13.42, 210, 1, 45, 60.00
2026/09/14 16:22:26.622, 13.42, 210, 1, 45, 60.00
2026/09/14 16:22:26.638, 13.42, 210, 1, 45, 60.00
2026/09/14 16:22:26.654, 13.42, 210, 1, 45, 60.00
2026/09/14 16:22:26.670, 13.42, 210, 1, 45, 60.00
2026/09/14 16:22:26.686, 13.42, 210, 1, 45, 60.00
2026/09/14 16:22:26.701, 13.42, 210, 1, 45, 60.00
2026/09/14 16:22:26.716, 13.31, 210, 1, 45, 60.00
2026/09/14 16:22:26.747, 13.31, 210, 1, 45, 60.00
2026/09/14 16:22:26.764, 13.31, 210, 1, 45, 60.00
2026/09/14 16:22:26.780, 13.31, 210, 1, 45, 60.00
2026/09/14 16:22:26.795, 13.31, 210, 1, 45, 60.00
2026/09/14 16:22:26.810, 13.26, 210, 1, 45, 60.00
2026/09/14 16:22:26.826, 13.26, 210, 1, 45, 60.00
2026/09/14 16:22:26.841, 13.26, 210, 1, 45, 60.00
2026/09/14 16:22:26.857, 13.26, 210, 1, 45, 60.00
2026/09/14 16:22:26.873, 13.26, 210, 1, 45, 60.00
2026/09/14 16:22:26.888, 13.26, 210, 1, 45, 60.00
2026/09/14 16:22:26.904, 13.23, 210, 1, 45, 60.00
2026/09/14 16:22:26.919, 13.23, 210, 0, 45, 60.00
2026/09/14 16:22:26.935, 13.23, 210, 0, 45, 60.00
2026/09/14 16:22:26.950, 13.23, 210, 0, 45, 60.00
2026/09/14 16:22:26.965, 13.23, 210, 0, 45, 60.00
2026/09/14 16:22:26.981, 13.23, 210, 0, 45, 60.00
2026/09/14 16:22:27.012, 13.23, 210, 0, 45, 60.00
2026/09/14 16:22:27.028, 13.23, 210, 0, 45, 60.00
2026/09/14 16:22:27.043, 13.23, 210, 0, 45, 60.00
2026/09/14 16:22:27.058, 13.23, 210, 0, 45, 60.00
2026/09/14 16:22:27.074, 13.23, 210, 0, 45, 60.00
2026/09/14 16:22:27.089, 13.23, 210, 0, 45, 60.00
2026/09/14 16:22:27.105, 13.20, 210, 0, 45, 60.00
2026/09/14 16:22:27.120, 13.20, 210, 2, 45, 60.00
2026/09/14 16:22:27.137, 13.20, 210, 2, 45, 60.00
2026/09/14 16:22:27.152, 13.20, 210, 2, 45, 60.00
2026/09/14 16:22:27.168, 13.20, 210, 2, 45, 60.00
2026/09/14 16:22:27.199, 13.20, 210, 2, 45, 60.00
2026/09/14 16:22:27.215, 13.22, 210, 2, 45, 60.00
2026/09/14 16:22:27.231, 13.22, 210, 2, 45, 60.00
2026/09/14 16:22:27.246, 13.22, 210, 2, 45, 60.00
2026/09/14 16:22:27.261, 13.22, 210, 2, 45, 60.00
2026/09/14 16:22:27.276, 13.22, 210, 2, 45, 60.00
2026/09/14 16:22:27.292, 13.22, 210, 2, 45, 60.00
2026/09/14 16:22:27.307, 13.21, 210, 0, 45, 60.00
2026/09/14 16:22:27.323, 13.21, 210, 0, 45, 60.00
2026/09/14 16:22:27.338, 13.21, 210, 0, 45, 60.00
2026/09/14 16:22:27.354, 13.21, 210, 0, 45, 60.00
2026/09/14 16:22:27.370, 13.21, 210, 0, 45, 60.00
2026/09/14 16:22:27.386, 13.21, 210, 0, 45, 60.00
2026/09/14 16:22:27.401, 13.21, 210, 0, 45, 60.00
2026/09/14 16:22:27.417, 13.23, 210, 0, 45, 60.00
2026/09/14 16:22:27.433, 13.23, 210, 0, 45, 60.00
2026/09/14 16:22:27.449, 13.23, 210, 0, 45, 60.00
2026/09/14 16:22:27.465, 13.23, 210, 0, 45, 60.00
2026/09/14 16:22:27.481, 13.23, 210, 0, 45, 60.00
2026/09/14 16:22:27.497, 13.23, 210, 0, 45, 60.00
2026/09/14 16:22:27.512, 13.20, 210, 0, 45, 60.00
2026/09/14 16:22:27.528, 13.20, 210, 0, 45, 60.00
2026/09/14 16:22:27.543, 13.20, 210, 0, 45, 60.00
2026/09/14 16:22:27.558, 13.20, 210, 0, 45, 60.00
2026/09/14 16:22:27.574, 13.20, 210, 0, 45, 60.00
2026/09/14 16:22:27.590, 13.20, 210, 0, 45, 60.00
2026/09/14 16:22:27.606, 13.24, 210, 0, 45, 60.00
2026/09/14 16:22:27.621, 13.24, 210, 0, 44, 60.00
2026/09/14 16:22:27.652, 13.24, 210, 0, 44, 60.00
2026/09/14 16:22:27.668, 13.24, 210, 0, 44, 60.00
2026/09/14 16:22:27.683, 13.24, 210, 0, 44, 60.00
2026/09/14 16:22:27.699, 13.24, 210, 0, 44, 60.00
2026/09/14 16:22:27.715, 13.22, 210, 3, 44, 60.00
2026/09/14 16:22:27.730, 13.22, 210, 3, 44, 60.00
2026/09/14 16:22:27.746, 13.22, 210, 3, 44, 60.00
2026/09/14 16:22:27.762, 13.22, 210, 3, 44, 60.00
2026/09/14 16:22:27.777, 13.22, 210, 3, 44, 60.00
2026/09/14 16:22:27.792, 13.22, 210, 3, 44, 60.00
2026/09/14 16:22:27.808, 13.23, 210, 3, 44, 60.00
2026/09/14 16:22:27.823, 13.23, 210, 3, 44, 60.00
2026/09/14 16:22:27.839, 13.23, 210, 3, 44, 60.00
2026/09/14 16:22:27.855, 13.23, 210, 3, 44, 60.00
2026/09/14 16:22:27.870, 13.23, 210, 3, 44, 60.00
2026/09/14 16:22:27.886, 13.23, 210, 3, 44, 60.00
2026/09/14 16:22:27.901, 13.23, 210, 3, 44, 60.00
2026/09/14 16:22:27.917, 13.22, 210, 0, 44, 60.00
2026/09/14 16:22:27.933, 13.22, 210, 0, 44, 60.00
2026/09/14 16:22:27.948, 13.22, 210, 0, 44, 60.00
2026/09/14 16:22:27.964, 13.22, 210, 0, 44, 60.00
2026/09/14 16:22:27.980, 13.22, 210, 0, 44, 60.00
2026/09/14 16:22:27.995, 13.22, 210, 0, 44, 60.00
2026/09/14 16:22:28.011, 13.22, 210, 0, 44, 60.00
2026/09/14 16:22:28.026, 13.22, 210, 0, 44, 60.00
2026/09/14 16:22:28.042, 13.22, 210, 0, 44, 60.00
2026/09/14 16:22:28.058, 13.22, 210, 0, 44, 60.00
2026/09/14 16:22:28.073, 13.22, 210, 0, 44, 60.00
2026/09/14 16:22:28.104, 13.22, 210, 0, 44, 60.00
2026/09/14 16:22:28.120, 13.22, 210, 1, 44, 60.00
2026/09/14 16:22:28.137, 13.22, 210, 1, 44, 60.00
2026/09/14 16:22:28.152, 13.22, 210, 1, 44, 60.00
2026/09/14 16:22:28.167, 13.22, 210, 1, 44, 60.00
2026/09/14 16:22:28.182, 13.22, 210, 1, 44, 60.00
2026/09/14 16:22:28.197, 13.22, 210, 1, 44, 60.00
2026/09/14 16:22:28.213, 13.19, 210, 1, 44, 60.00
2026/09/14 16:22:28.229, 13.19, 210, 1, 44, 60.00
2026/09/14 16:22:28.245, 13.19, 210, 1, 44, 60.00
2026/09/14 16:22:28.260, 13.19, 210, 1, 44, 60.00
2026/09/14 16:22:28.276, 13.19, 210, 1, 44, 60.00
2026/09/14 16:22:28.292, 13.19, 210, 1, 44, 60.00
2026/09/14 16:22:28.308, 13.19, 210, 0, 44, 60.00
2026/09/14 16:22:28.323, 13.19, 210, 0, 44, 60.00
2026/09/14 16:22:28.339, 13.19, 210, 0, 44, 60.00
2026/09/14 16:22:28.355, 13.19, 210, 0, 44, 60.00
2026/09/14 16:22:28.370, 13.19, 210, 0, 44, 60.00
2026/09/14 16:22:28.386, 13.19, 210, 0, 44, 60.00
2026/09/14 16:22:28.402, 13.19, 210, 0, 44, 60.00
2026/09/14 16:22:28.418, 13.19, 210, 0, 44, 60.00
2026/09/14 16:22:28.434, 13.19, 210, 0, 44, 60.00
2026/09/14 16:22:28.450, 13.19, 210, 0, 44, 60.00
2026/09/14 16:22:28.465, 13.19, 210, 0, 44, 60.00
2026/09/14 16:22:28.480, 13.19, 210, 0, 44, 60.00
2026/09/14 16:22:28.496, 13.19, 210, 0, 44, 60.00
2026/09/14 16:22:28.512, 13.18, 210, 0, 44, 60.00
2026/09/14 16:22:28.527, 13.18, 210, 0, 44, 60.00
2026/09/14 16:22:28.558, 13.18, 210, 0, 44, 60.00
2026/09/14 16:22:28.574, 13.18, 210, 0, 44, 60.00
2026/09/14 16:22:28.589, 13.18, 210, 0, 44, 60.00
2026/09/14 16:22:28.606, 13.27, 210, 0, 44, 60.00
2026/09/14 16:22:28.621, 13.27, 210, 0, 44, 60.00
2026/09/14 16:22:28.636, 13.27, 210, 0, 44, 60.00
2026/09/14 16:22:28.653, 13.27, 210, 0, 44, 60.00
2026/09/14 16:22:28.668, 13.27, 210, 0, 44, 60.00
2026/09/14 16:22:28.683, 13.27, 210, 0, 44, 60.00
2026/09/14 16:22:28.698, 13.27, 210, 0, 44, 60.00
2026/09/14 16:22:28.715, 13.20, 210, 2, 44, 60.00
2026/09/14 16:22:28.730, 13.20, 210, 2, 44, 60.00
2026/09/14 16:22:28.745, 13.20, 210, 2, 44, 60.00
2026/09/14 16:22:28.760, 13.20, 210, 2, 44, 60.00
2026/09/14 16:22:28.776, 13.20, 210, 2, 44, 60.00
2026/09/14 16:22:28.791, 13.20, 210, 2, 44, 60.00
2026/09/14 16:22:28.808, 13.18, 210, 2, 44, 60.00
2026/09/14 16:22:28.823, 13.18, 210, 2, 44, 60.00
2026/09/14 16:22:28.839, 13.18, 210, 2, 44, 60.00
2026/09/14 16:22:28.855, 13.18, 210, 2, 44, 60.00
2026/09/14 16:22:28.871, 13.18, 210, 2, 44, 60.00
2026/09/14 16:22:28.887, 13.18, 210, 2, 44, 60.00
2026/09/14 16:22:28.903, 13.20, 210, 2, 44, 60.00
2026/09/14 16:22:28.919, 13.20, 210, 1, 44, 60.00
2026/09/14 16:22:28.935, 13.20, 210, 1, 44, 60.00
2026/09/14 16:22:28.950, 13.20, 210, 1, 44, 60.00
2026/09/14 16:22:28.966, 13.20, 210, 1, 44, 60.00
2026/09/14 16:22:28.981, 13.20, 210, 1, 44, 60.00
2026/09/14 16:22:29.012, 13.20, 210, 1, 44, 60.00
2026/09/14 16:22:29.028, 13.20, 210, 1, 44, 60.00
2026/09/14 16:22:29.043, 13.20, 210, 1, 44, 60.00
2026/09/14 16:22:29.059, 13.20, 210, 1, 44, 60.00
2026/09/14 16:22:29.075, 13.20, 210, 1, 44, 60.00
2026/09/14 16:22:29.091, 13.20, 210, 1, 44, 60.00
2026/09/14 16:22:29.106, 13.23, 210, 1, 44, 60.00
2026/09/14 16:22:29.122, 13.23, 210, 1, 44, 60.00
2026/09/14 16:22:29.138, 13.23, 210, 1, 44, 60.00
2026/09/14 16:22:29.154, 13.23, 210, 1, 44, 60.00
2026/09/14 16:22:29.169, 13.23, 210, 1, 44, 60.00
2026/09/14 16:22:29.185, 13.23, 210, 1, 44, 60.00
2026/09/14 16:22:29.199, 13.23, 210, 1, 44, 60.00
2026/09/14 16:22:29.215, 13.23, 210, 1, 44, 60.00
2026/09/14 16:22:29.231, 13.23, 210, 1, 44, 60.00
2026/09/14 16:22:29.246, 13.23, 210, 1, 44, 60.00
2026/09/14 16:22:29.261, 13.23, 210, 1, 44, 60.00
2026/09/14 16:22:29.277, 13.23, 210, 1, 44, 60.00
2026/09/14 16:22:29.292, 13.23, 210, 1, 44, 60.00
2026/09/14 16:22:29.308, 13.23, 210, 1, 44, 60.00
2026/09/14 16:22:29.323, 13.23, 210, 1, 44, 60.00
2026/09/14 16:22:29.339, 13.23, 210, 1, 44, 60.00
2026/09/14 16:22:29.355, 13.23, 210, 1, 44, 60.00
2026/09/14 16:22:29.370, 13.23, 210, 1, 44, 60.00
2026/09/14 16:22:29.387, 13.23, 210, 1, 44, 60.00
2026/09/14 16:22:29.402, 13.23, 210, 1, 44, 60.00
2026/09/14 16:22:29.418, 13.23, 210, 1, 44, 60.00
2026/09/14 16:22:29.434, 13.23, 210, 1, 44, 60.00
2026/09/14 16:22:29.465, 13.23, 210, 1, 44, 60.00
2026/09/14 16:22:29.481, 13.23, 210, 1, 44, 60.00
2026/09/14 16:22:29.496, 13.23, 210, 1, 44, 60.00
2026/09/14 16:22:29.512, 13.24, 210, 0, 44, 60.00
2026/09/14 16:22:29.527, 13.24, 210, 0, 44, 60.00
2026/09/14 16:22:29.543, 13.24, 210, 0, 44, 60.00
2026/09/14 16:22:29.558, 13.24, 210, 0, 44, 60.00
2026/09/14 16:22:29.574, 13.24, 210, 0, 44, 60.00
2026/09/14 16:22:29.590, 13.24, 210, 0, 44, 60.00
2026/09/14 16:22:29.606, 13.29, 210, 0, 44, 60.00
2026/09/14 16:22:29.622, 13.29, 210, 0, 44, 60.00
2026/09/14 16:22:29.638, 13.29, 210, 0, 44, 60.00
2026/09/14 16:22:29.653, 13.29, 210, 0, 44, 60.00
2026/09/14 16:22:29.668, 13.29, 210, 0, 44, 60.00
2026/09/14 16:22:29.685, 13.29, 210, 0, 44, 60.00
2026/09/14 16:22:29.701, 13.29, 210, 0, 44, 60.00
2026/09/14 16:22:29.717, 13.25, 210, 2, 44, 60.00
2026/09/14 16:22:29.733, 13.25, 210, 2, 44, 60.00
2026/09/14 16:22:29.748, 13.25, 210, 2, 44, 60.00
2026/09/14 16:22:29.764, 13.25, 210, 2, 44, 60.00
2026/09/14 16:22:29.779, 13.25, 210, 2, 44, 60.00
2026/09/14 16:22:29.796, 13.25, 210, 2, 44, 60.00
2026/09/14 16:22:29.811, 13.25, 210, 2, 44, 60.00
2026/09/14 16:22:29.827, 13.25, 210, 2, 44, 60.00
2026/09/14 16:22:29.841, 13.25, 210, 2, 44, 60.00
2026/09/14 16:22:29.857, 13.25, 210, 2, 44, 60.00
2026/09/14 16:22:29.872, 13.25, 210, 2, 44, 60.00
2026/09/14 16:22:29.888, 13.25, 210, 2, 44, 60.00
2026/09/14 16:22:29.919, 13.27, 210, 0, 44, 60.00
2026/09/14 16:22:29.935, 13.27, 210, 0, 44, 60.00
2026/09/14 16:22:29.950, 13.27, 210, 0, 44, 60.00
2026/09/14 16:22:29.966, 13.27, 210, 0, 44, 60.00
2026/09/14 16:22:29.982, 13.27, 210, 0, 44, 60.00
2026/09/14 16:22:29.998, 13.27, 210, 0, 44, 60.00
2026/09/14 16:22:30.014, 13.30, 210, 0, 44, 60.00
2026/09/14 16:22:30.029, 13.30, 210, 0, 44, 60.00
2026/09/14 16:22:30.045, 13.30, 210, 0, 44, 60.00
2026/09/14 16:22:30.061, 13.30, 210, 0, 44, 60.00
2026/09/14 16:22:30.076, 13.30, 210, 0, 44, 60.00
2026/09/14 16:22:30.092, 13.30, 210, 0, 44, 60.00
2026/09/14 16:22:30.106, 13.34, 210, 1, 44, 60.00
2026/09/14 16:22:30.137, 13.34, 210, 1, 44, 60.00
2026/09/14 16:22:30.153, 13.34, 210, 1, 44, 60.00
2026/09/14 16:22:30.169, 13.34, 210, 1, 44, 60.00
2026/09/14 16:22:30.185, 13.34, 210, 1, 44, 60.00
2026/09/14 16:22:30.200, 13.34, 210, 1, 44, 60.00
2026/09/14 16:22:30.216, 13.38, 210, 1, 44, 60.00
2026/09/14 16:22:30.245, 13.38, 210, 1, 44, 60.00
2026/09/14 16:22:30.261, 13.38, 210, 1, 44, 60.00
2026/09/14 16:22:30.276, 13.38, 210, 1, 44, 60.00
2026/09/14 16:22:30.292, 13.38, 210, 1, 44, 60.00
2026/09/14 16:22:30.308, 13.40, 210, 2, 44, 60.00
2026/09/14 16:22:30.323, 13.40, 210, 2, 44, 60.00
2026/09/14 16:22:30.338, 13.40, 210, 2, 44, 60.00
2026/09/14 16:22:30.354, 13.40, 210, 2, 44, 60.00
2026/09/14 16:22:30.385, 13.40, 210, 2, 44, 60.00
2026/09/14 16:22:30.401, 13.40, 210, 2, 44, 60.00
2026/09/14 16:22:30.416, 13.46, 210, 2, 44, 60.00
2026/09/14 16:22:30.432, 13.46, 210, 2, 44, 60.00
2026/09/14 16:22:30.448, 13.46, 210, 2, 44, 60.00
2026/09/14 16:22:30.463, 13.46, 210, 2, 44, 60.00
2026/09/14 16:22:30.478, 13.46, 210, 2, 44, 60.00
2026/09/14 16:22:30.494, 13.46, 210, 2, 44, 60.00
2026/09/14 16:22:30.510, 13.51, 210, 1, 44, 60.00
2026/09/14 16:22:30.525, 13.51, 210, 1, 44, 60.00
2026/09/14 16:22:30.542, 13.51, 210, 1, 44, 60.00
2026/09/14 16:22:30.557, 13.51, 210, 1, 44, 60.00
2026/09/14 16:22:30.572, 13.51, 210, 1, 44, 60.00
2026/09/14 16:22:30.588, 13.51, 210, 1, 44, 60.00
2026/09/14 16:22:30.604, 13.59, 210, 1, 44, 60.00
2026/09/14 16:22:30.619, 13.59, 210, 1, 44, 60.00
2026/09/14 16:22:30.635, 13.59, 210, 1, 44, 60.00
2026/09/14 16:22:30.650, 13.59, 210, 1, 44, 60.00
2026/09/14 16:22:30.665, 13.59, 210, 1, 44, 60.00
2026/09/14 16:22:30.681, 13.59, 210, 1, 44, 60.00
2026/09/14 16:22:30.696, 13.59, 210, 1, 44, 60.00
2026/09/14 16:22:30.712, 13.64, 210, 3, 44, 60.00
2026/09/14 16:22:30.727, 13.64, 210, 3, 44, 60.00
2026/09/14 16:22:30.743, 13.64, 210, 3, 44, 60.00
2026/09/14 16:22:30.758, 13.64, 210, 3, 44, 60.00
2026/09/14 16:22:30.775, 13.64, 210, 3, 44, 60.00
2026/09/14 16:22:30.790, 13.64, 210, 3, 44, 60.00
2026/09/14 16:22:30.806, 13.68, 210, 3, 44, 60.00
2026/09/14 16:22:30.837, 13.68, 210, 3, 44, 60.00
2026/09/14 16:22:30.868, 13.68, 210, 3, 44, 60.00
2026/09/14 16:22:30.884, 13.68, 210, 3, 44, 60.00
2026/09/14 16:22:30.899, 13.68, 210, 3, 44, 60.00
2026/09/14 16:22:30.915, 13.75, 210, 2, 44, 60.00
2026/09/14 16:22:30.930, 13.75, 210, 2, 44, 60.00
2026/09/14 16:22:30.947, 13.75, 210, 2, 44, 60.00
2026/09/14 16:22:30.963, 13.75, 210, 2, 44, 60.00
2026/09/14 16:22:30.978, 13.75, 210, 2, 44, 60.00
2026/09/14 16:22:30.995, 13.75, 210, 2, 44, 60.00
2026/09/14 16:22:31.010, 13.73, 210, 2, 44, 60.00
2026/09/14 16:22:31.026, 13.73, 210, 2, 44, 60.00
2026/09/14 16:22:31.042, 13.73, 210, 2, 44, 60.00
2026/09/14 16:22:31.057, 13.73, 210, 2, 44, 60.00
2026/09/14 16:22:31.073, 13.73, 210, 2, 44, 60.00
2026/09/14 16:22:31.089, 13.73, 210, 2, 44, 60.00
2026/09/14 16:22:31.104, 13.69, 210, 2, 44, 60.00
2026/09/14 16:22:31.119, 13.69, 210, 0, 44, 60.00
2026/09/14 16:22:31.135, 13.69, 210, 0, 44, 60.00
2026/09/14 16:22:31.150, 13.69, 210, 0, 44, 60.00
2026/09/14 16:22:31.165, 13.69, 210, 0, 44, 60.00
2026/09/14 16:22:31.181, 13.69, 210, 0, 44, 60.00
2026/09/14 16:22:31.197, 13.69, 210, 0, 44, 60.00
2026/09/14 16:22:31.212, 13.68, 210, 0, 44, 60.00
2026/09/14 16:22:31.227, 13.68, 210, 0, 44, 60.00
2026/09/14 16:22:31.242, 13.68, 210, 0, 44, 60.00
2026/09/14 16:22:31.258, 13.68, 210, 0, 44, 60.00
2026/09/14 16:22:31.288, 13.68, 210, 0, 44, 60.00
2026/09/14 16:22:31.303, 13.67, 210, 0, 44, 60.00
2026/09/14 16:22:31.319, 13.67, 210, 1, 44, 60.00
2026/09/14 16:22:31.335, 13.67, 210, 1, 44, 60.00
2026/09/14 16:22:31.351, 13.67, 210, 1, 44, 60.00
2026/09/14 16:22:31.366, 13.67, 210, 1, 44, 60.00
2026/09/14 16:22:31.383, 13.67, 210, 1, 44, 60.00
2026/09/14 16:22:31.399, 13.67, 210, 1, 44, 60.00
2026/09/14 16:22:31.414, 13.62, 210, 1, 44, 60.00
2026/09/14 16:22:31.429, 13.62, 210, 1, 44, 60.00
2026/09/14 16:22:31.446, 13.62, 210, 1, 44, 60.00
2026/09/14 16:22:31.461, 13.62, 210, 1, 44, 60.00
2026/09/14 16:22:31.477, 13.62, 210, 1, 44, 60.00
2026/09/14 16:22:31.493, 13.62, 210, 1, 44, 60.00
2026/09/14 16:22:31.509, 13.56, 210, 0, 44, 60.00
2026/09/14 16:22:31.524, 13.56, 210, 0, 44, 60.00
2026/09/14 16:22:31.540, 13.56, 210, 0, 44, 60.00
2026/09/14 16:22:31.556, 13.56, 210, 0, 44, 60.00
2026/09/14 16:22:31.572, 13.56, 210, 0, 44, 60.00
2026/09/14 16:22:31.588, 13.56, 210, 0, 44, 60.00
2026/09/14 16:22:31.603, 13.53, 210, 0, 44, 60.00
2026/09/14 16:22:31.619, 13.53, 210, 0, 44, 60.00
2026/09/14 16:22:31.635, 13.53, 210, 0, 44, 60.00
2026/09/14 16:22:31.650, 13.53, 210, 0, 44, 60.00
2026/09/14 16:22:31.665, 13.53, 210, 0, 44, 60.00
2026/09/14 16:22:31.680, 13.53, 210, 0, 44, 60.00
2026/09/14 16:22:31.696, 13.53, 210, 0, 44, 60.00
2026/09/14 16:22:31.712, 13.45, 210, 1, 44, 60.00
2026/09/14 16:22:31.743, 13.45, 210, 1, 44, 60.00
2026/09/14 16:22:31.759, 13.45, 210, 1, 44, 60.00
2026/09/14 16:22:31.774, 13.45, 210, 1, 44, 60.00
2026/09/14 16:22:31.789, 13.45, 210, 1, 44, 60.00
2026/09/14 16:22:31.804, 13.41, 210, 1, 44, 60.00
2026/09/14 16:22:31.820, 13.41, 210, 1, 44, 60.00
2026/09/14 16:22:31.836, 13.41, 210, 1, 44, 60.00
2026/09/14 16:22:31.851, 13.41, 210, 1, 44, 60.00
2026/09/14 16:22:31.867, 13.41, 210, 1, 44, 60.00
2026/09/14 16:22:31.882, 13.41, 210, 1, 44, 60.00
2026/09/14 16:22:31.898, 13.41, 210, 1, 44, 60.00
2026/09/14 16:22:31.914, 13.33, 210, 1, 44, 60.00
2026/09/14 16:22:31.930, 13.33, 210, 1, 44, 60.00
2026/09/14 16:22:31.946, 13.33, 210, 1, 44, 60.00
2026/09/14 16:22:31.961, 13.33, 210, 1, 44, 60.00
2026/09/14 16:22:31.976, 13.33, 210, 1, 44, 60.00
2026/09/14 16:22:31.992, 13.33, 210, 1, 44, 60.00
2026/09/14 16:22:32.007, 13.28, 210, 1, 44, 60.00
2026/09/14 16:22:32.023, 13.28, 210, 1, 44, 60.00
2026/09/14 16:22:32.039, 13.28, 210, 1, 44, 60.00
2026/09/14 16:22:32.054, 13.28, 210, 1, 44, 60.00
2026/09/14 16:22:32.070, 13.28, 210, 1, 44, 60.00
2026/09/14 16:22:32.085, 13.28, 210, 1, 44, 60.00
2026/09/14 16:22:32.101, 13.26, 210, 1, 44, 60.00
2026/09/14 16:22:32.116, 13.26, 210, 0, 44, 60.00
2026/09/14 16:22:32.131, 13.26, 210, 0, 44, 60.00
2026/09/14 16:22:32.147, 13.26, 210, 0, 44, 60.00
2026/09/14 16:22:32.162, 13.26, 210, 0, 44, 60.00
2026/09/14 16:22:32.195, 13.26, 210, 0, 44, 60.00
2026/09/14 16:22:32.210, 13.26, 210, 0, 44, 60.00
2026/09/14 16:22:32.226, 13.26, 210, 0, 44, 60.00
2026/09/14 16:22:32.241, 13.26, 210, 0, 44, 60.00
2026/09/14 16:22:32.256, 13.26, 210, 0, 44, 60.00
2026/09/14 16:22:32.272, 13.26, 210, 0, 44, 60.00
2026/09/14 16:22:32.287, 13.26, 210, 0, 44, 60.00
2026/09/14 16:22:32.303, 13.27, 210, 0, 44, 60.00
2026/09/14 16:22:32.319, 13.27, 210, 1, 44, 60.00
2026/09/14 16:22:32.335, 13.27, 210, 1, 44, 60.00
2026/09/14 16:22:32.351, 13.27, 210, 1, 44, 60.00
2026/09/14 16:22:32.366, 13.27, 210, 1, 44, 60.00
2026/09/14 16:22:32.382, 13.27, 210, 1, 44, 60.00
2026/09/14 16:22:32.397, 13.27, 210, 1, 44, 60.00
2026/09/14 16:22:32.413, 13.22, 210, 1, 44, 60.00
2026/09/14 16:22:32.428, 13.22, 210, 1, 44, 60.00
2026/09/14 16:22:32.459, 13.22, 210, 1, 44, 60.00
2026/09/14 16:22:32.474, 13.22, 210, 1, 44, 60.00
2026/09/14 16:22:32.490, 13.22, 210, 1, 44, 60.00
2026/09/14 16:22:32.505, 13.22, 210, 1, 44, 60.00
2026/09/14 16:22:32.521, 13.22, 210, 1, 44, 60.00
2026/09/14 16:22:32.536, 13.22, 210, 1, 44, 60.00
2026/09/14 16:22:32.552, 13.22, 210, 1, 44, 60.00
2026/09/14 16:22:32.568, 13.22, 210, 1, 44, 60.00
2026/09/14 16:22:32.584, 13.22, 210, 1, 44, 60.00
2026/09/14 16:22:32.600, 13.24, 210, 1, 44, 60.00
2026/09/14 16:22:32.616, 13.24, 210, 1, 44, 60.00
2026/09/14 16:22:32.647, 13.24, 210, 1, 44, 60.00
2026/09/14 16:22:32.663, 13.24, 210, 1, 44, 60.00
2026/09/14 16:22:32.679, 13.24, 210, 1, 44, 60.00
2026/09/14 16:22:32.694, 13.24, 210, 1, 44, 60.00
2026/09/14 16:22:32.711, 13.20, 210, 1, 44, 60.00
2026/09/14 16:22:32.726, 13.20, 210, 1, 44, 60.00
2026/09/14 16:22:32.742, 13.20, 210, 1, 44, 60.00
2026/09/14 16:22:32.757, 13.20, 210, 1, 44, 60.00
2026/09/14 16:22:32.773, 13.20, 210, 1, 44, 60.00
2026/09/14 16:22:32.789, 13.20, 210, 1, 44, 60.00
2026/09/14 16:22:32.804, 13.20, 210, 1, 44, 60.00
2026/09/14 16:22:32.820, 13.20, 210, 1, 44, 60.00
2026/09/14 16:22:32.836, 13.20, 210, 1, 44, 60.00
2026/09/14 16:22:32.852, 13.20, 210, 1, 44, 60.00
2026/09/14 16:22:32.868, 13.20, 210, 1, 44, 60.00
2026/09/14 16:22:32.884, 13.20, 210, 1, 44, 60.00
2026/09/14 16:22:32.900, 13.20, 210, 1, 44, 60.00
2026/09/14 16:22:32.915, 13.17, 210, 1, 44, 60.00
2026/09/14 16:22:32.931, 13.17, 210, 1, 44, 60.00
2026/09/14 16:22:32.946, 13.17, 210, 1, 44, 60.00
2026/09/14 16:22:32.961, 13.17, 210, 1, 44, 60.00
2026/09/14 16:22:32.977, 13.17, 210, 1, 44, 60.00
2026/09/14 16:22:32.992, 13.17, 210, 1, 44, 60.00
2026/09/14 16:22:33.007, 13.19, 210, 1, 44, 60.00
2026/09/14 16:22:33.023, 13.19, 210, 1, 44, 60.00
2026/09/14 16:22:33.039, 13.19, 210, 1, 44, 60.00
2026/09/14 16:22:33.054, 13.19, 210, 1, 44, 60.00
2026/09/14 16:22:33.069, 13.19, 210, 1, 44, 60.00
2026/09/14 16:22:33.101, 13.16, 210, 1, 44, 60.00
2026/09/14 16:22:33.118, 13.16, 210, 0, 44, 60.00
2026/09/14 16:22:33.134, 13.16, 210, 0, 44, 60.00
2026/09/14 16:22:33.149, 13.16, 210, 0, 44, 60.00
2026/09/14 16:22:33.165, 13.16, 210, 0, 44, 60.00
2026/09/14 16:22:33.180, 13.16, 210, 0, 44, 60.00
2026/09/14 16:22:33.196, 13.16, 210, 0, 44, 60.00
2026/09/14 16:22:33.212, 13.19, 210, 0, 44, 60.00
2026/09/14 16:22:33.228, 13.19, 210, 0, 44, 60.00
2026/09/14 16:22:33.243, 13.19, 210, 0, 44, 60.00
2026/09/14 16:22:33.259, 13.19, 210, 0, 44, 60.00
2026/09/14 16:22:33.274, 13.19, 210, 0, 44, 60.00
2026/09/14 16:22:33.290, 13.19, 210, 0, 44, 60.00
2026/09/14 16:22:33.305, 13.18, 210, 0, 44, 60.00
2026/09/14 16:22:33.321, 13.18, 210, 0, 44, 60.00
2026/09/14 16:22:33.337, 13.18, 210, 0, 44, 60.00
2026/09/14 16:22:33.352, 13.18, 210, 0, 44, 60.00
2026/09/14 16:22:33.367, 13.18, 210, 0, 44, 60.00
2026/09/14 16:22:33.383, 13.18, 210, 0, 44, 60.00
2026/09/14 16:22:33.398, 13.18, 210, 0, 44, 60.00
2026/09/14 16:22:33.414, 13.19, 210, 0, 44, 60.00
2026/09/14 16:22:33.429, 13.19, 210, 0, 44, 60.00
2026/09/14 16:22:33.445, 13.19, 210, 0, 44, 60.00
2026/09/14 16:22:33.462, 13.19, 210, 0, 44, 60.00
2026/09/14 16:22:33.478, 13.19, 210, 0, 44, 60.00
2026/09/14 16:22:33.494, 13.19, 210, 0, 44, 60.00
2026/09/14 16:22:33.509, 13.43, 210, 1, 44, 60.00
2026/09/14 16:22:33.525, 13.43, 210, 1, 44, 60.00
2026/09/14 16:22:33.556, 13.43, 210, 1, 44, 60.00
2026/09/14 16:22:33.571, 13.43, 210, 1, 44, 60.00
2026/09/14 16:22:33.586, 13.43, 210, 1, 44, 60.00
2026/09/14 16:22:33.602, 13.47, 210, 1, 44, 60.00
2026/09/14 16:22:33.617, 13.47, 210, 1, 44, 60.00
2026/09/14 16:22:33.633, 13.47, 210, 1, 44, 60.00
2026/09/14 16:22:33.649, 13.47, 210, 1, 44, 60.00
2026/09/14 16:22:33.665, 13.47, 210, 1, 44, 60.00
2026/09/14 16:22:33.681, 13.47, 210, 1, 44, 60.00
2026/09/14 16:22:33.697, 13.47, 210, 1, 44, 60.00
2026/09/14 16:22:33.712, 13.51, 210, 1, 44, 60.00
2026/09/14 16:22:33.728, 13.51, 210, 1, 44, 60.00
2026/09/14 16:22:33.743, 13.51, 210, 1, 44, 60.00
2026/09/14 16:22:33.758, 13.51, 210, 1, 44, 60.00
2026/09/14 16:22:33.774, 13.51, 210, 1, 44, 60.00
2026/09/14 16:22:33.790, 13.51, 210, 1, 44, 60.00
2026/09/14 16:22:33.805, 13.52, 210, 1, 44, 60.00
2026/09/14 16:22:33.821, 13.52, 210, 1, 44, 60.00
2026/09/14 16:22:33.837, 13.52, 210, 1, 44, 60.00
2026/09/14 16:22:33.852, 13.52, 210, 1, 44, 60.00
2026/09/14 16:22:33.867, 13.52, 210, 1, 44, 60.00
2026/09/14 16:22:33.882, 13.52, 210, 1, 44, 60.00
2026/09/14 16:22:33.898, 13.52, 210, 1, 44, 60.00
2026/09/14 16:22:33.914, 13.53, 210, 1, 44, 60.00
2026/09/14 16:22:33.929, 13.53, 210, 1, 44, 60.00
2026/09/14 16:22:33.945, 13.53, 210, 1, 44, 60.00
2026/09/14 16:22:33.960, 13.53, 210, 1, 44, 60.00
2026/09/14 16:22:33.976, 13.53, 210, 1, 44, 60.00
2026/09/14 16:22:34.008, 13.57, 210, 1, 44, 60.00
2026/09/14 16:22:34.024, 13.57, 210, 1, 44, 60.00
2026/09/14 16:22:34.040, 13.57, 210, 1, 44, 60.00
2026/09/14 16:22:34.055, 13.57, 210, 1, 44, 60.00
2026/09/14 16:22:34.071, 13.57, 210, 1, 44, 60.00
2026/09/14 16:22:34.086, 13.57, 210, 1, 44, 60.00
2026/09/14 16:22:34.102, 13.58, 210, 1, 44, 60.00
2026/09/14 16:22:34.117, 13.58, 210, 2, 44, 60.00
2026/09/14 16:22:34.133, 13.58, 210, 2, 44, 60.00
2026/09/14 16:22:34.149, 13.58, 210, 2, 44, 60.00
2026/09/14 16:22:34.165, 13.58, 210, 2, 44, 60.00
2026/09/14 16:22:34.181, 13.58, 210, 2, 44, 60.00
2026/09/14 16:22:34.196, 13.58, 210, 2, 44, 60.00
2026/09/14 16:22:34.212, 13.60, 210, 2, 44, 60.00
2026/09/14 16:22:34.227, 13.60, 210, 2, 44, 60.00
2026/09/14 16:22:34.243, 13.60, 210, 2, 44, 60.00
2026/09/14 16:22:34.258, 13.60, 210, 2, 44, 60.00
2026/09/14 16:22:34.274, 13.60, 210, 2, 44, 60.00
2026/09/14 16:22:34.289, 13.60, 210, 2, 44, 60.00
2026/09/14 16:22:34.305, 13.58, 210, 0, 44, 60.00
2026/09/14 16:22:34.320, 13.58, 210, 0, 44, 60.00
2026/09/14 16:22:34.335, 13.58, 210, 0, 44, 60.00
2026/09/14 16:22:34.350, 13.58, 210, 0, 44, 60.00
2026/09/14 16:22:34.366, 13.58, 210, 0, 44, 60.00
2026/09/14 16:22:34.382, 13.58, 210, 0, 44, 60.00
2026/09/14 16:22:34.397, 13.58, 210, 0, 44, 60.00
2026/09/14 16:22:34.413, 13.62, 210, 0, 44, 60.00
2026/09/14 16:22:34.428, 13.62, 210, 0, 44, 60.00
2026/09/14 16:22:34.459, 13.62, 210, 0, 44, 60.00
2026/09/14 16:22:34.476, 13.62, 210, 0, 44, 60.00
2026/09/14 16:22:34.491, 13.62, 210, 0, 44, 60.00
2026/09/14 16:22:34.507, 13.59, 210, 1, 44, 60.00
2026/09/14 16:22:34.522, 13.59, 210, 1, 44, 60.00
2026/09/14 16:22:34.538, 13.59, 210, 1, 44, 60.00
2026/09/14 16:22:34.553, 13.59, 210, 1, 44, 60.00
2026/09/14 16:22:34.584, 13.59, 210, 1, 44, 60.00
2026/09/14 16:22:34.600, 13.59, 210, 1, 44, 60.00
2026/09/14 16:22:34.616, 13.38, 210, 1, 44, 60.00
2026/09/14 16:22:34.631, 13.38, 210, 1, 44, 60.00
2026/09/14 16:22:34.647, 13.38, 210, 1, 44, 60.00
2026/09/14 16:22:34.662, 13.38, 210, 1, 44, 60.00
2026/09/14 16:22:34.677, 13.38, 210, 1, 44, 60.00
2026/09/14 16:22:34.693, 13.38, 210, 1, 44, 60.00
2026/09/14 16:22:34.708, 13.34, 210, 1, 44, 60.00
2026/09/14 16:22:34.724, 13.34, 210, 1, 44, 60.00
2026/09/14 16:22:34.739, 13.34, 210, 1, 44, 60.00
2026/09/14 16:22:34.756, 13.34, 210, 1, 44, 60.00
2026/09/14 16:22:34.771, 13.34, 210, 1, 44, 60.00
2026/09/14 16:22:34.787, 13.34, 210, 1, 44, 60.00
2026/09/14 16:22:34.802, 13.27, 210, 1, 44, 60.00
2026/09/14 16:22:34.819, 13.27, 210, 1, 44, 60.00
2026/09/14 16:22:34.834, 13.27, 210, 1, 44, 60.00
2026/09/14 16:22:34.850, 13.27, 210, 1, 44, 60.00
2026/09/14 16:22:34.866, 13.27, 210, 1, 44, 60.00
2026/09/14 16:22:34.881, 13.27, 210, 1, 44, 60.00
2026/09/14 16:22:34.912, 13.29, 210, 0, 44, 60.00
2026/09/14 16:22:34.928, 13.29, 210, 0, 44, 60.00
2026/09/14 16:22:34.944, 13.29, 210, 0, 44, 60.00
2026/09/14 16:22:34.960, 13.29, 210, 0, 44, 60.00
2026/09/14 16:22:34.974, 13.29, 210, 0, 44, 60.00
2026/09/14 16:22:34.990, 13.29, 210, 0, 44, 60.00
2026/09/14 16:22:35.005, 13.35, 210, 0, 44, 60.00
2026/09/14 16:22:35.021, 13.35, 210, 0, 44, 60.00
2026/09/14 16:22:35.036, 13.35, 210, 0, 44, 60.00
2026/09/14 16:22:35.052, 13.35, 210, 0, 44, 60.00
2026/09/14 16:22:35.068, 13.35, 210, 0, 44, 60.00
2026/09/14 16:22:35.083, 13.35, 210, 0, 44, 60.00
2026/09/14 16:22:35.098, 13.35, 210, 0, 44, 60.00
2026/09/14 16:22:35.114, 13.36, 210, 2, 44, 60.00
2026/09/14 16:22:35.129, 13.36, 210, 2, 44, 60.00
2026/09/14 16:22:35.145, 13.36, 210, 2, 44, 60.00
2026/09/14 16:22:35.160, 13.36, 210, 2, 44, 60.00
2026/09/14 16:22:35.176, 13.36, 210, 2, 44, 60.00
2026/09/14 16:22:35.192, 13.36, 210, 2, 44, 60.00
2026/09/14 16:22:35.208, 13.43, 210, 2, 44, 60.00
2026/09/14 16:22:35.223, 13.43, 210, 2, 44, 60.00
2026/09/14 16:22:35.239, 13.43, 210, 2, 44, 60.00
2026/09/14 16:22:35.254, 13.43, 210, 2, 44, 60.00
2026/09/14 16:22:35.271, 13.43, 210, 2, 44, 60.00
2026/09/14 16:22:35.287, 13.43, 210, 2, 44, 60.00
2026/09/14 16:22:35.303, 13.44, 210, 2, 44, 60.00
2026/09/14 16:22:35.318, 13.44, 210, 1, 44, 60.00
2026/09/14 16:22:35.334, 13.44, 210, 1, 44, 60.00
2026/09/14 16:22:35.364, 13.44, 210, 1, 44, 60.00
2026/09/14 16:22:35.381, 13.44, 210, 1, 44, 60.00
2026/09/14 16:22:35.396, 13.44, 210, 1, 44, 60.00
2026/09/14 16:22:35.413, 13.50, 210, 1, 44, 60.00
2026/09/14 16:22:35.429, 13.50, 210, 1, 44, 60.00
2026/09/14 16:22:35.444, 13.50, 210, 1, 44, 60.00
2026/09/14 16:22:35.460, 13.50, 210, 1, 44, 60.00
2026/09/14 16:22:35.476, 13.50, 210, 1, 44, 60.00
2026/09/14 16:22:35.491, 13.50, 210, 1, 44, 60.00
2026/09/14 16:22:35.507, 13.54, 210, 2, 44, 60.00
2026/09/14 16:22:35.523, 13.54, 210, 2, 44, 60.00
2026/09/14 16:22:35.538, 13.54, 210, 2, 44, 60.00
2026/09/14 16:22:35.554, 13.54, 210, 2, 44, 60.00
2026/09/14 16:22:35.570, 13.54, 210, 2, 44, 60.00
2026/09/14 16:22:35.585, 13.54, 210, 2, 44, 60.00
2026/09/14 16:22:35.600, 13.61, 210, 2, 44, 60.00
2026/09/14 16:22:35.616, 13.61, 210, 2, 44, 60.00
2026/09/14 16:22:35.631, 13.61, 210, 2, 44, 60.00
2026/09/14 16:22:35.647, 13.61, 210, 2, 44, 60.00
2026/09/14 16:22:35.662, 13.61, 210, 2, 44, 60.00
2026/09/14 16:22:35.679, 13.61, 210, 2, 44, 60.00
2026/09/14 16:22:35.694, 13.61, 210, 2, 44, 60.00
2026/09/14 16:22:35.709, 13.65, 210, 2, 44, 60.00
2026/09/14 16:22:35.725, 13.65, 210, 2, 44, 60.00
2026/09/14 16:22:35.740, 13.65, 210, 2, 44, 60.00
2026/09/14 16:22:35.755, 13.65, 210, 2, 44, 60.00
2026/09/14 16:22:35.770, 13.65, 210, 2, 44, 60.00
2026/09/14 16:22:35.786, 13.65, 210, 2, 44, 60.00
2026/09/14 16:22:35.817, 13.67, 210, 2, 44, 60.00
2026/09/14 16:22:35.833, 13.67, 210, 2, 44, 60.00
2026/09/14 16:22:35.849, 13.67, 210, 2, 44, 60.00
2026/09/14 16:22:35.864, 13.67, 210, 2, 44, 60.00
2026/09/14 16:22:35.879, 13.67, 210, 2, 44, 60.00
2026/09/14 16:22:35.895, 13.67, 210, 2, 44, 60.00
2026/09/14 16:22:35.910, 13.74, 210, 1, 44, 60.00
2026/09/14 16:22:35.926, 13.74, 210, 1, 44, 60.00
2026/09/14 16:22:35.942, 13.74, 210, 1, 44, 60.00
2026/09/14 16:22:35.958, 13.74, 210, 1, 44, 60.00
2026/09/14 16:22:35.973, 13.74, 210, 1, 44, 60.00
2026/09/14 16:22:35.988, 13.74, 210, 1, 44, 60.00
2026/09/14 16:22:36.004, 13.74, 210, 1, 44, 60.00
2026/09/14 16:22:36.020, 13.74, 210, 1, 44, 60.00
2026/09/14 16:22:36.035, 13.74, 210, 1, 44, 60.00
2026/09/14 16:22:36.051, 13.74, 210, 1, 44, 60.00
2026/09/14 16:22:36.066, 13.74, 210, 1, 44, 60.00
2026/09/14 16:22:36.082, 13.74, 210, 1, 44, 60.00
2026/09/14 16:22:36.097, 13.74, 210, 1, 44, 60.00
2026/09/14 16:22:36.113, 13.67, 210, 1, 44, 60.00
2026/09/14 16:22:36.129, 13.67, 210, 1, 44, 60.00
2026/09/14 16:22:36.144, 13.67, 210, 1, 44, 60.00
2026/09/14 16:22:36.159, 13.67, 210, 1, 44, 60.00
2026/09/14 16:22:36.175, 13.67, 210, 1, 44, 60.00
2026/09/14 16:22:36.190, 13.67, 210, 1, 44, 60.00
2026/09/14 16:22:36.206, 13.61, 210, 1, 44, 60.00
2026/09/14 16:22:36.221, 13.61, 210, 1, 44, 60.00
2026/09/14 16:22:36.237, 13.61, 210, 1, 44, 60.00
2026/09/14 16:22:36.268, 13.61, 210, 1, 44, 60.00
2026/09/14 16:22:36.283, 13.61, 210, 1, 44, 60.00
2026/09/14 16:22:36.299, 13.61, 210, 1, 44, 60.00
2026/09/14 16:22:36.315, 13.52, 210, 0, 44, 60.00
2026/09/14 16:22:36.331, 13.52, 210, 0, 44, 60.00
2026/09/14 16:22:36.346, 13.52, 210, 0, 44, 60.00
2026/09/14 16:22:36.362, 13.52, 210, 0, 44, 60.00
2026/09/14 16:22:36.378, 13.52, 210, 0, 44, 60.00
2026/09/14 16:22:36.393, 13.52, 210, 0, 44, 60.00
2026/09/14 16:22:36.408, 13.51, 210, 0, 44, 60.00
2026/09/14 16:22:36.424, 13.51, 210, 0, 44, 60.00
2026/09/14 16:22:36.439, 13.51, 210, 0, 44, 60.00
2026/09/14 16:22:36.455, 13.51, 210, 0, 44, 60.00
2026/09/14 16:22:36.471, 13.51, 210, 0, 44, 60.00
2026/09/14 16:22:36.486, 13.51, 210, 0, 44, 60.00
2026/09/14 16:22:36.502, 13.43, 210, 0, 44, 60.00
2026/09/14 16:22:36.517, 13.43, 210, 0, 44, 60.00
2026/09/14 16:22:36.532, 13.43, 210, 0, 44, 60.00
2026/09/14 16:22:36.547, 13.43, 210, 0, 44, 60.00
2026/09/14 16:22:36.563, 13.43, 210, 0, 44, 60.00
2026/09/14 16:22:36.579, 13.43, 210, 0, 44, 60.00
2026/09/14 16:22:36.595, 13.43, 210, 0, 44, 60.00
2026/09/14 16:22:36.610, 13.44, 210, 0, 44, 60.00
2026/09/14 16:22:36.626, 13.44, 210, 0, 44, 60.00
2026/09/14 16:22:36.642, 13.44, 210, 0, 44, 60.00
2026/09/14 16:22:36.658, 13.44, 210, 0, 44, 60.00
2026/09/14 16:22:36.673, 13.44, 210, 0, 44, 60.00
2026/09/14 16:22:36.688, 13.44, 210, 0, 44, 60.00
2026/09/14 16:22:36.720, 13.38, 210, 2, 44, 60.00
2026/09/14 16:22:36.736, 13.38, 210, 2, 44, 60.00
2026/09/14 16:22:36.752, 13.38, 210, 2, 44, 60.00
2026/09/14 16:22:36.768, 13.38, 210, 2, 44, 60.00
2026/09/14 16:22:36.784, 13.38, 210, 2, 44, 60.00
2026/09/14 16:22:36.799, 13.29, 210, 2, 44, 60.00
2026/09/14 16:22:36.814, 13.29, 210, 2, 44, 60.00
2026/09/14 16:22:36.830, 13.29, 210, 2, 44, 60.00
2026/09/14 16:22:36.846, 13.29, 210, 2, 44, 60.00
2026/09/14 16:22:36.862, 13.29, 210, 2, 44, 60.00
2026/09/14 16:22:36.878, 13.29, 210, 2, 44, 60.00
2026/09/14 16:22:36.895, 13.29, 210, 2, 44, 60.00
2026/09/14 16:22:36.910, 13.30, 210, 1, 44, 60.00
2026/09/14 16:22:36.925, 13.30, 210, 1, 44, 60.00
2026/09/14 16:22:36.941, 13.30, 210, 1, 44, 60.00
2026/09/14 16:22:36.957, 13.30, 210, 1, 44, 60.00
2026/09/14 16:22:36.972, 13.30, 210, 1, 44, 60.00
2026/09/14 16:22:36.988, 13.30, 210, 1, 44, 60.00
2026/09/14 16:22:37.004, 13.25, 210, 1, 44, 60.00
2026/09/14 16:22:37.020, 13.25, 210, 1, 44, 60.00
2026/09/14 16:22:37.035, 13.25, 210, 1, 44, 60.00
2026/09/14 16:22:37.050, 13.25, 210, 1, 44, 60.00
2026/09/14 16:22:37.066, 13.25, 210, 1, 44, 60.00
2026/09/14 16:22:37.082, 13.25, 210, 1, 44, 60.00
2026/09/14 16:22:37.097, 13.25, 210, 1, 44, 60.00
2026/09/14 16:22:37.113, 13.26, 210, 1, 44, 60.00
2026/09/14 16:22:37.129, 13.26, 210, 1, 44, 60.00
2026/09/14 16:22:37.145, 13.26, 210, 1, 44, 60.00
2026/09/14 16:22:37.176, 13.26, 210, 1, 44, 60.00
2026/09/14 16:22:37.192, 13.26, 210, 1, 44, 60.00
2026/09/14 16:22:37.208, 13.26, 210, 1, 44, 60.00
2026/09/14 16:22:37.223, 13.26, 210, 1, 44, 60.00
2026/09/14 16:22:37.239, 13.26, 210, 1, 44, 60.00
2026/09/14 16:22:37.255, 13.26, 210, 1, 44, 60.00
2026/09/14 16:22:37.271, 13.26, 210, 1, 44, 60.00
2026/09/14 16:22:37.287, 13.26, 210, 1, 44, 60.00
2026/09/14 16:22:37.302, 13.25, 210, 0, 44, 60.00
2026/09/14 16:22:37.317, 13.25, 210, 0, 44, 60.00
2026/09/14 16:22:37.332, 13.25, 210, 0, 44, 60.00
2026/09/14 16:22:37.348, 13.25, 210, 0, 44, 60.00
2026/09/14 16:22:37.364, 13.25, 210, 0, 44, 60.00
2026/09/14 16:22:37.380, 13.25, 210, 0, 44, 60.00
2026/09/14 16:22:37.397, 13.25, 210, 0, 44, 60.00
2026/09/14 16:22:37.412, 13.28, 210, 0, 44, 60.00
2026/09/14 16:22:37.428, 13.28, 210, 0, 44, 60.00
2026/09/14 16:22:37.444, 13.28, 210, 0, 44, 60.00
2026/09/14 16:22:37.460, 13.28, 210, 0, 44, 60.00
2026/09/14 16:22:37.475, 13.28, 210, 0, 44, 60.00
2026/09/14 16:22:37.491, 13.28, 210, 0, 44, 60.00
2026/09/14 16:22:37.507, 13.29, 210, 1, 44, 60.00
2026/09/14 16:22:37.522, 13.29, 210, 1, 44, 60.00
2026/09/14 16:22:37.538, 13.29, 210, 1, 44, 60.00
2026/09/14 16:22:37.554, 13.29, 210, 1, 44, 60.00
2026/09/14 16:22:37.569, 13.29, 210, 1, 44, 60.00
2026/09/14 16:22:37.584, 13.29, 210, 1, 44, 60.00
2026/09/14 16:22:37.615, 13.37, 210, 1, 44, 60.00
2026/09/14 16:22:37.646, 13.37, 210, 1, 44, 60.00
2026/09/14 16:22:37.661, 13.37, 210, 1, 44, 60.00
2026/09/14 16:22:37.677, 13.37, 210, 1, 44, 60.00
2026/09/14 16:22:37.693, 13.37, 210, 1, 44, 60.00
2026/09/14 16:22:37.708, 13.31, 210, 2, 44, 60.00
2026/09/14 16:22:37.723, 13.31, 210, 2, 44, 60.00
2026/09/14 16:22:37.740, 13.31, 210, 2, 44, 60.00
2026/09/14 16:22:37.757, 13.31, 210, 2, 44, 60.00
2026/09/14 16:22:37.773, 13.31, 210, 2, 44, 60.00
2026/09/14 16:22:37.788, 13.31, 210, 2, 44, 60.00
2026/09/14 16:22:37.804, 13.29, 210, 2, 44, 60.00
2026/09/14 16:22:37.819, 13.29, 210, 2, 44, 60.00
2026/09/14 16:22:37.835, 13.29, 210, 2, 44, 60.00
2026/09/14 16:22:37.851, 13.29, 210, 2, 44, 60.00
2026/09/14 16:22:37.866, 13.29, 210, 2, 44, 60.00
2026/09/14 16:22:37.882, 13.29, 210, 2, 44, 60.00
2026/09/14 16:22:37.897, 13.29, 210, 2, 44, 60.00
2026/09/14 16:22:37.913, 13.30, 210, 0, 44, 60.00
2026/09/14 16:22:37.929, 13.30, 210, 0, 44, 60.00
2026/09/14 16:22:37.944, 13.30, 210, 0, 44, 60.00
2026/09/14 16:22:37.959, 13.30, 210, 0, 44, 60.00
2026/09/14 16:22:37.975, 13.30, 210, 0, 44, 60.00
2026/09/14 16:22:37.991, 13.30, 210, 0, 44, 60.00
2026/09/14 16:22:38.007, 13.27, 210, 0, 44, 60.00
2026/09/14 16:22:38.022, 13.27, 210, 0, 44, 60.00
2026/09/14 16:22:38.037, 13.27, 210, 0, 44, 60.00
2026/09/14 16:22:38.052, 13.27, 210, 0, 44, 60.00
2026/09/14 16:22:38.068, 13.27, 210, 0, 44, 60.00
2026/09/14 16:22:38.098, 13.27, 210, 0, 44, 60.00
2026/09/14 16:22:38.114, 13.27, 210, 1, 44, 60.00
2026/09/14 16:22:38.130, 13.27, 210, 1, 44, 60.00
2026/09/14 16:22:38.145, 13.27, 210, 1, 44, 60.00
2026/09/14 16:22:38.160, 13.27, 210, 1, 44, 60.00
2026/09/14 16:22:38.176, 13.27, 210, 1, 44, 60.00
2026/09/14 16:22:38.192, 13.27, 210, 1, 44, 60.00
2026/09/14 16:22:38.207, 13.28, 210, 1, 44, 60.00
2026/09/14 16:22:38.223, 13.28, 210, 1, 44, 60.00
2026/09/14 16:22:38.239, 13.28, 210, 1, 44, 60.00
2026/09/14 16:22:38.255, 13.28, 210, 1, 44, 60.00
2026/09/14 16:22:38.271, 13.28, 210, 1, 44, 60.00
2026/09/14 16:22:38.286, 13.28, 210, 1, 44, 60.00
2026/09/14 16:22:38.301, 13.27, 210, 1, 44, 60.00
2026/09/14 16:22:38.317, 13.27, 210, 0, 44, 60.00
2026/09/14 16:22:38.333, 13.27, 210, 0, 44, 60.00
2026/09/14 16:22:38.348, 13.27, 210, 0, 44, 60.00
2026/09/14 16:22:38.364, 13.27, 210, 0, 44, 60.00
2026/09/14 16:22:38.379, 13.27, 210, 0, 44, 60.00
2026/09/14 16:22:38.395, 13.27, 210, 0, 44, 60.00
2026/09/14 16:22:38.410, 13.29, 210, 0, 44, 60.00
2026/09/14 16:22:38.426, 13.29, 210, 0, 44, 60.00
2026/09/14 16:22:38.441, 13.29, 210, 0, 44, 60.00
2026/09/14 16:22:38.456, 13.29, 210, 0, 44, 60.00
2026/09/14 16:22:38.472, 13.29, 210, 0, 44, 60.00
2026/09/14 16:22:38.488, 13.29, 210, 0, 44, 60.00
2026/09/14 16:22:38.504, 13.25, 210, 0, 44, 60.00
2026/09/14 16:22:38.521, 13.25, 210, 0, 44, 60.00
2026/09/14 16:22:38.552, 13.25, 210, 0, 44, 60.00
2026/09/14 16:22:38.568, 13.25, 210, 0, 44, 60.00
2026/09/14 16:22:38.583, 13.25, 210, 0, 44, 60.00
2026/09/14 16:22:38.598, 13.27, 210, 0, 44, 60.00
2026/09/14 16:22:38.614, 13.27, 210, 0, 44, 60.00
2026/09/14 16:22:38.631, 13.27, 210, 0, 44, 60.00
2026/09/14 16:22:38.646, 13.27, 210, 0, 44, 60.00
2026/09/14 16:22:38.662, 13.27, 210, 0, 44, 60.00
2026/09/14 16:22:38.677, 13.27, 210, 0, 44, 60.00
2026/09/14 16:22:38.693, 13.27, 210, 0, 44, 60.00
2026/09/14 16:22:38.708, 13.24, 210, 2, 44, 60.00
2026/09/14 16:22:38.724, 13.24, 210, 2, 44, 60.00
2026/09/14 16:22:38.739, 13.24, 210, 2, 44, 60.00
2026/09/14 16:22:38.755, 13.24, 210, 2, 44, 60.00
2026/09/14 16:22:38.770, 13.24, 210, 2, 44, 60.00
2026/09/14 16:22:38.786, 13.24, 210, 2, 44, 60.00
2026/09/14 16:22:38.802, 13.24, 210, 2, 44, 60.00
2026/09/14 16:22:38.818, 13.24, 210, 2, 44, 60.00
2026/09/14 16:22:38.834, 13.24, 210, 2, 44, 60.00
2026/09/14 16:22:38.849, 13.24, 210, 2, 44, 60.00
2026/09/14 16:22:38.865, 13.24, 210, 2, 44, 60.00
2026/09/14 16:22:38.881, 13.24, 210, 2, 44, 60.00
2026/09/14 16:22:38.897, 13.24, 210, 2, 44, 60.00
2026/09/14 16:22:38.912, 13.24, 210, 0, 44, 60.00
2026/09/14 16:22:38.927, 13.24, 210, 0, 44, 60.00
2026/09/14 16:22:38.943, 13.24, 210, 0, 44, 60.00
2026/09/14 16:22:38.958, 13.24, 210, 0, 44, 60.00
2026/09/14 16:22:38.975, 13.24, 210, 0, 44, 60.00
2026/09/14 16:22:39.006, 13.27, 210, 0, 44, 60.00
2026/09/14 16:22:39.022, 13.27, 210, 0, 44, 60.00
2026/09/14 16:22:39.039, 13.27, 210, 0, 44, 60.00
2026/09/14 16:22:39.054, 13.27, 210, 0, 44, 60.00
2026/09/14 16:22:39.069, 13.27, 210, 0, 44, 60.00
2026/09/14 16:22:39.086, 13.27, 210, 0, 44, 60.00
2026/09/14 16:22:39.102, 13.28, 210, 1, 44, 60.00
2026/09/14 16:22:39.117, 13.28, 210, 1, 44, 60.00
2026/09/14 16:22:39.132, 13.28, 210, 1, 44, 60.00
2026/09/14 16:22:39.148, 13.28, 210, 1, 44, 60.00
2026/09/14 16:22:39.163, 13.28, 210, 1, 44, 60.00
2026/09/14 16:22:39.179, 13.28, 210, 1, 44, 60.00
2026/09/14 16:22:39.194, 13.28, 210, 1, 44, 60.00
2026/09/14 16:22:39.210, 13.33, 210, 1, 44, 60.00
2026/09/14 16:22:39.226, 13.33, 210, 1, 44, 60.00
2026/09/14 16:22:39.242, 13.33, 210, 1, 44, 60.00
2026/09/14 16:22:39.258, 13.33, 210, 1, 44, 60.00
2026/09/14 16:22:39.273, 13.33, 210, 1, 44, 60.00
2026/09/14 16:22:39.289, 13.33, 210, 1, 44, 60.00
2026/09/14 16:22:39.306, 13.29, 210, 1, 44, 60.00
2026/09/14 16:22:39.322, 13.29, 210, 1, 44, 60.00
2026/09/14 16:22:39.337, 13.29, 210, 1, 44, 60.00
2026/09/14 16:22:39.354, 13.29, 210, 1, 44, 60.00
2026/09/14 16:22:39.369, 13.29, 210, 1, 44, 60.00
2026/09/14 16:22:39.384, 13.29, 210, 1, 44, 60.00
2026/09/14 16:22:39.400, 13.30, 210, 1, 44, 60.00
2026/09/14 16:22:39.416, 13.30, 210, 1, 44, 60.00
2026/09/14 16:22:39.431, 13.30, 210, 1, 44, 60.00
2026/09/14 16:22:39.462, 13.30, 210, 1, 44, 60.00
2026/09/14 16:22:39.477, 13.30, 210, 1, 44, 60.00
2026/09/14 16:22:39.492, 13.30, 210, 1, 44, 60.00
2026/09/14 16:22:39.508, 13.29, 210, 0, 44, 60.00
2026/09/14 16:22:39.524, 13.29, 210, 0, 44, 60.00
2026/09/14 16:22:39.540, 13.29, 210, 0, 44, 60.00
2026/09/14 16:22:39.555, 13.29, 210, 0, 44, 60.00
2026/09/14 16:22:39.571, 13.29, 210, 0, 44, 60.00
2026/09/14 16:22:39.586, 13.29, 210, 0, 44, 60.00
2026/09/14 16:22:39.601, 13.34, 210, 0, 44, 60.00
2026/09/14 16:22:39.617, 13.34, 210, 0, 44, 60.00
2026/09/14 16:22:39.632, 13.34, 210, 0, 44, 60.00
2026/09/14 16:22:39.648, 13.34, 210, 0, 44, 60.00
2026/09/14 16:22:39.664, 13.34, 210, 0, 44, 60.00
2026/09/14 16:22:39.679, 13.34, 210, 0, 44, 60.00
2026/09/14 16:22:39.696, 13.34, 210, 0, 44, 60.00
2026/09/14 16:22:39.725, 13.32, 210, 2, 44, 60.00
2026/09/14 16:22:39.741, 13.32, 210, 2, 44, 60.00
2026/09/14 16:22:39.757, 13.32, 210, 2, 44, 60.00
2026/09/14 16:22:39.773, 13.32, 210, 2, 44, 60.00
2026/09/14 16:22:39.787, 13.32, 210, 2, 44, 60.00
2026/09/14 16:22:39.803, 13.30, 210, 2, 44, 60.00
2026/09/14 16:22:39.818, 13.30, 210, 2, 44, 60.00
2026/09/14 16:22:39.833, 13.30, 210, 2, 44, 60.00
2026/09/14 16:22:39.849, 13.30, 210, 2, 44, 60.00
2026/09/14 16:22:39.865, 13.30, 210, 2, 44, 60.00
2026/09/14 16:22:39.880, 13.30, 210, 2, 44, 60.00
2026/09/14 16:22:39.896, 13.34, 210, 2, 44, 60.00
2026/09/14 16:22:39.927, 13.34, 210, 0, 44, 60.00
2026/09/14 16:22:39.943, 13.34, 210, 0, 44, 60.00
2026/09/14 16:22:39.958, 13.34, 210, 0, 44, 60.00
2026/09/14 16:22:39.973, 13.34, 210, 0, 44, 60.00
2026/09/14 16:22:39.989, 13.34, 210, 0, 44, 60.00
2026/09/14 16:22:40.005, 13.35, 210, 0, 44, 60.00
2026/09/14 16:22:40.021, 13.35, 210, 0, 44, 60.00
2026/09/14 16:22:40.037, 13.35, 210, 0, 44, 60.00
2026/09/14 16:22:40.052, 13.35, 210, 0, 44, 60.00
2026/09/14 16:22:40.069, 13.35, 210, 0, 44, 60.00
2026/09/14 16:22:40.084, 13.35, 210, 0, 44, 60.00
2026/09/14 16:22:40.099, 13.41, 210, 0, 44, 60.00
2026/09/14 16:22:40.115, 13.41, 210, 1, 44, 60.00
2026/09/14 16:22:40.131, 13.41, 210, 1, 44, 60.00
2026/09/14 16:22:40.146, 13.41, 210, 1, 44, 60.00
2026/09/14 16:22:40.162, 13.41, 210, 1, 44, 60.00
2026/09/14 16:22:40.178, 13.41, 210, 1, 44, 60.00
2026/09/14 16:22:40.194, 13.41, 210, 1, 44, 60.00
2026/09/14 16:22:40.210, 13.47, 210, 1, 44, 60.00
2026/09/14 16:22:40.226, 13.47, 210, 1, 44, 60.00
2026/09/14 16:22:40.241, 13.47, 210, 1, 44, 60.00
2026/09/14 16:22:40.257, 13.47, 210, 1, 44, 60.00
2026/09/14 16:22:40.273, 13.47, 210, 1, 44, 60.00
2026/09/14 16:22:40.289, 13.47, 210, 1, 44, 60.00
2026/09/14 16:22:40.305, 13.57, 210, 2, 44, 60.00
2026/09/14 16:22:40.321, 13.57, 210, 2, 44, 60.00
2026/09/14 16:22:40.337, 13.57, 210, 2, 44, 60.00
2026/09/14 16:22:40.353, 13.57, 210, 2, 44, 60.00
2026/09/14 16:22:40.386, 13.57, 210, 2, 44, 60.00
2026/09/14 16:22:40.402, 13.57, 210, 2, 44, 60.00
2026/09/14 16:22:40.433, 13.64, 210, 2, 44, 60.00
2026/09/14 16:22:40.464, 13.64, 210, 2, 44, 60.00
2026/09/14 16:22:40.479, 13.64, 210, 2, 44, 60.00
2026/09/14 16:22:40.494, 13.64, 210, 2, 44, 60.00
2026/09/14 16:22:40.510, 13.65, 210, 3, 44, 60.00
2026/09/14 16:22:40.526, 13.65, 210, 3, 44, 60.00
2026/09/14 16:22:40.541, 13.65, 210, 3, 44, 60.00
2026/09/14 16:22:40.557, 13.65, 210, 3, 44, 60.00
2026/09/14 16:22:40.572, 13.65, 210, 3, 44, 60.00
2026/09/14 16:22:40.588, 13.65, 210, 3, 44, 60.00
2026/09/14 16:22:40.603, 13.74, 210, 3, 44, 60.00
2026/09/14 16:22:40.619, 13.74, 210, 3, 44, 60.00
2026/09/14 16:22:40.635, 13.74, 210, 3, 44, 60.00
2026/09/14 16:22:40.650, 13.74, 210, 3, 44, 60.00
2026/09/14 16:22:40.666, 13.74, 210, 3, 44, 60.00
2026/09/14 16:22:40.681, 13.74, 210, 3, 44, 60.00
2026/09/14 16:22:40.696, 13.74, 210, 3, 44, 60.00
2026/09/14 16:22:40.712, 13.73, 210, 3, 44, 60.00
2026/09/14 16:22:40.727, 13.73, 210, 3, 44, 60.00
2026/09/14 16:22:40.743, 13.73, 210, 3, 44, 60.00
2026/09/14 16:22:40.759, 13.73, 210, 3, 44, 60.00
2026/09/14 16:22:40.774, 13.73, 210, 3, 44, 60.00
2026/09/14 16:22:40.790, 13.73, 210, 3, 44, 60.00
2026/09/14 16:22:40.806, 13.76, 210, 3, 44, 60.00
2026/09/14 16:22:40.837, 13.76, 210, 3, 44, 60.00
2026/09/14 16:22:40.852, 13.76, 210, 3, 44, 60.00
2026/09/14 16:22:40.869, 13.76, 210, 3, 44, 60.00
2026/09/14 16:22:40.884, 13.76, 210, 3, 44, 60.00
2026/09/14 16:22:40.899, 13.80, 210, 3, 44, 60.00
2026/09/14 16:22:40.915, 13.80, 210, 1, 44, 60.00
2026/09/14 16:22:40.930, 13.80, 210, 1, 44, 60.00
2026/09/14 16:22:40.945, 13.80, 210, 1, 44, 60.00
2026/09/14 16:22:40.961, 13.80, 210, 1, 44, 60.00
2026/09/14 16:22:40.976, 13.80, 210, 1, 44, 60.00
2026/09/14 16:22:40.991, 13.80, 210, 1, 44, 60.00
2026/09/14 16:22:41.007, 13.80, 210, 1, 44, 60.00
2026/09/14 16:22:41.023, 13.80, 210, 1, 44, 60.00
2026/09/14 16:22:41.039, 13.80, 210, 1, 44, 60.00
2026/09/14 16:22:41.055, 13.80, 210, 1, 44, 60.00
2026/09/14 16:22:41.071, 13.80, 210, 1, 44, 60.00
2026/09/14 16:22:41.086, 13.80, 210, 1, 44, 60.00
2026/09/14 16:22:41.102, 13.80, 210, 1, 44, 60.00
2026/09/14 16:22:41.118, 13.80, 210, 1, 44, 60.00
2026/09/14 16:22:41.133, 13.80, 210, 1, 44, 60.00
2026/09/14 16:22:41.149, 13.80, 210, 1, 44, 60.00
2026/09/14 16:22:41.165, 13.80, 210, 1, 44, 60.00
2026/09/14 16:22:41.181, 13.80, 210, 1, 44, 60.00
2026/09/14 16:22:41.197, 13.80, 210, 1, 44, 60.00
2026/09/14 16:22:41.213, 13.71, 210, 1, 44, 60.00
2026/09/14 16:22:41.229, 13.71, 210, 1, 44, 60.00
2026/09/14 16:22:41.244, 13.71, 210, 1, 44, 60.00
2026/09/14 16:22:41.260, 13.71, 210, 1, 44, 60.00
2026/09/14 16:22:41.292, 13.71, 210, 1, 44, 60.00
2026/09/14 16:22:41.308, 13.61, 210, 1, 44, 60.00
2026/09/14 16:22:41.324, 13.61, 210, 1, 44, 60.00
2026/09/14 16:22:41.339, 13.61, 210, 1, 44, 60.00
2026/09/14 16:22:41.355, 13.61, 210, 1, 44, 60.00
2026/09/14 16:22:41.371, 13.61, 210, 1, 44, 60.00
2026/09/14 16:22:41.387, 13.61, 210, 1, 44, 60.00
2026/09/14 16:22:41.402, 13.59, 210, 1, 44, 60.00
2026/09/14 16:22:41.418, 13.59, 210, 1, 44, 60.00
2026/09/14 16:22:41.433, 13.59, 210, 1, 44, 60.00
2026/09/14 16:22:41.449, 13.59, 210, 1, 44, 60.00
2026/09/14 16:22:41.465, 13.59, 210, 1, 44, 60.00
2026/09/14 16:22:41.480, 13.59, 210, 1, 44, 60.00
2026/09/14 16:22:41.496, 13.59, 210, 1, 44, 60.00
2026/09/14 16:22:41.511, 13.51, 210, 0, 44, 60.00
2026/09/14 16:22:41.526, 13.51, 210, 0, 44, 60.00
2026/09/14 16:22:41.541, 13.51, 210, 0, 44, 60.00
2026/09/14 16:22:41.557, 13.51, 210, 0, 44, 60.00
2026/09/14 16:22:41.573, 13.51, 210, 0, 44, 60.00
2026/09/14 16:22:41.588, 13.51, 210, 0, 44, 60.00
2026/09/14 16:22:41.604, 13.49, 210, 0, 44, 60.00
2026/09/14 16:22:41.620, 13.49, 210, 0, 44, 60.00
2026/09/14 16:22:41.636, 13.49, 210, 0, 44, 60.00
2026/09/14 16:22:41.652, 13.49, 210, 0, 44, 60.00
2026/09/14 16:22:41.667, 13.49, 210, 0, 44, 60.00
2026/09/14 16:22:41.682, 13.49, 210, 0, 44, 60.00
2026/09/14 16:22:41.698, 13.39, 210, 0, 44, 60.00
2026/09/14 16:22:41.713, 13.39, 210, 1, 44, 60.00
2026/09/14 16:22:41.744, 13.39, 210, 1, 44, 60.00
2026/09/14 16:22:41.760, 13.39, 210, 1, 44, 60.00
2026/09/14 16:22:41.776, 13.39, 210, 1, 44, 60.00
2026/09/14 16:22:41.791, 13.39, 210, 1, 44, 60.00
2026/09/14 16:22:41.806, 13.37, 210, 1, 44, 60.00
2026/09/14 16:22:41.822, 13.37, 210, 1, 44, 60.00
2026/09/14 16:22:41.853, 13.37, 210, 1, 44, 60.00
2026/09/14 16:22:41.868, 13.37, 210, 1, 44, 60.00
2026/09/14 16:22:41.883, 13.37, 210, 1, 44, 60.00
2026/09/14 16:22:41.898, 13.33, 210, 1, 44, 60.00
2026/09/14 16:22:41.914, 13.33, 210, 1, 44, 60.00
2026/09/14 16:22:41.930, 13.33, 210, 1, 44, 60.00
2026/09/14 16:22:41.945, 13.33, 210, 1, 44, 60.00
2026/09/14 16:22:41.960, 13.33, 210, 1, 44, 60.00
2026/09/14 16:22:41.976, 13.33, 210, 1, 44, 60.00
2026/09/14 16:22:41.992, 13.33, 210, 1, 44, 60.00
2026/09/14 16:22:42.008, 13.32, 210, 1, 44, 60.00
2026/09/14 16:22:42.024, 13.32, 210, 1, 44, 60.00
2026/09/14 16:22:42.039, 13.32, 210, 1, 44, 60.00
2026/09/14 16:22:42.055, 13.32, 210, 1, 44, 60.00
2026/09/14 16:22:42.071, 13.32, 210, 1, 44, 60.00
2026/09/14 16:22:42.086, 13.32, 210, 1, 44, 60.00
2026/09/14 16:22:42.102, 13.30, 210, 0, 44, 60.00
2026/09/14 16:22:42.118, 13.30, 210, 0, 44, 60.00
2026/09/14 16:22:42.133, 13.30, 210, 0, 44, 60.00
2026/09/14 16:22:42.164, 13.30, 210, 0, 44, 60.00
2026/09/14 16:22:42.195, 13.30, 210, 0, 44, 60.00
2026/09/14 16:22:42.210, 13.29, 210, 0, 44, 60.00
2026/09/14 16:22:42.226, 13.29, 210, 0, 44, 60.00
2026/09/14 16:22:42.242, 13.29, 210, 0, 44, 60.00
2026/09/14 16:22:42.258, 13.29, 210, 0, 44, 60.00
2026/09/14 16:22:42.274, 13.29, 210, 0, 44, 60.00
2026/09/14 16:22:42.290, 13.29, 210, 0, 44, 60.00
2026/09/14 16:22:42.306, 13.28, 210, 1, 44, 60.00
2026/09/14 16:22:42.321, 13.28, 210, 1, 44, 60.00
2026/09/14 16:22:42.337, 13.28, 210, 1, 44, 60.00
2026/09/14 16:22:42.352, 13.28, 210, 1, 44, 60.00
2026/09/14 16:22:42.368, 13.28, 210, 1, 44, 60.00
2026/09/14 16:22:42.384, 13.28, 210, 1, 44, 60.00
2026/09/14 16:22:42.400, 13.28, 210, 1, 44, 60.00
2026/09/14 16:22:42.415, 13.28, 210, 1, 44, 60.00
2026/09/14 16:22:42.430, 13.28, 210, 1, 44, 60.00
2026/09/14 16:22:42.446, 13.28, 210, 1, 44, 60.00
2026/09/14 16:22:42.462, 13.28, 210, 1, 44, 60.00
2026/09/14 16:22:42.477, 13.28, 210, 1, 44, 60.00
2026/09/14 16:22:42.492, 13.28, 210, 1, 44, 60.00
2026/09/14 16:22:42.508, 13.26, 210, 1, 44, 60.00
2026/09/14 16:22:42.524, 13.26, 210, 1, 44, 60.00
2026/09/14 16:22:42.540, 13.26, 210, 1, 44, 60.00
2026/09/14 16:22:42.555, 13.26, 210, 1, 44, 60.00
2026/09/14 16:22:42.570, 13.26, 210, 1, 44, 60.00
2026/09/14 16:22:42.586, 13.26, 210, 1, 44, 60.00
2026/09/14 16:22:42.617, 13.28, 210, 1, 44, 60.00
2026/09/14 16:22:42.648, 13.28, 210, 1, 44, 60.00
2026/09/14 16:22:42.663, 13.28, 210, 1, 44, 60.00
2026/09/14 16:22:42.679, 13.28, 210, 1, 44, 60.00
2026/09/14 16:22:42.695, 13.28, 210, 1, 44, 60.00
2026/09/14 16:22:42.710, 13.23, 210, 1, 44, 60.00
2026/09/14 16:22:42.725, 13.23, 210, 1, 44, 60.00
2026/09/14 16:22:42.741, 13.23, 210, 1, 44, 60.00
2026/09/14 16:22:42.756, 13.23, 210, 1, 44, 60.00
2026/09/14 16:22:42.772, 13.23, 210, 1, 44, 60.00
2026/09/14 16:22:42.787, 13.23, 210, 1, 44, 60.00
2026/09/14 16:22:42.802, 13.26, 210, 1, 44, 60.00
2026/09/14 16:22:42.817, 13.26, 210, 1, 44, 60.00
2026/09/14 16:22:42.833, 13.26, 210, 1, 44, 60.00
2026/09/14 16:22:42.849, 13.26, 210, 1, 44, 60.00
2026/09/14 16:22:42.864, 13.26, 210, 1, 44, 60.00
2026/09/14 16:22:42.880, 13.26, 210, 1, 44, 60.00
2026/09/14 16:22:42.896, 13.26, 210, 1, 44, 60.00
2026/09/14 16:22:42.912, 13.27, 210, 1, 44, 60.00
2026/09/14 16:22:42.928, 13.27, 210, 1, 44, 60.00
2026/09/14 16:22:42.944, 13.27, 210, 1, 44, 60.00
2026/09/14 16:22:42.959, 13.27, 210, 1, 44, 60.00
2026/09/14 16:22:42.975, 13.27, 210, 1, 44, 60.00
2026/09/14 16:22:42.990, 13.27, 210, 1, 44, 60.00
2026/09/14 16:22:43.006, 13.25, 210, 1, 44, 60.00
2026/09/14 16:22:43.021, 13.25, 210, 1, 44, 60.00
2026/09/14 16:22:43.037, 13.25, 210, 1, 44, 60.00
2026/09/14 16:22:43.053, 13.25, 210, 1, 44, 60.00
2026/09/14 16:22:43.069, 13.25, 210, 1, 44, 60.00
2026/09/14 16:22:43.101, 13.22, 210, 0, 44, 60.00
2026/09/14 16:22:43.116, 13.22, 210, 0, 44, 60.00
2026/09/14 16:22:43.131, 13.22, 210, 0, 44, 60.00
2026/09/14 16:22:43.147, 13.22, 210, 0, 44, 60.00
2026/09/14 16:22:43.162, 13.22, 210, 0, 44, 60.00
2026/09/14 16:22:43.177, 13.22, 210, 0, 44, 60.00
2026/09/14 16:22:43.193, 13.22, 210, 0, 44, 60.00
2026/09/14 16:22:43.208, 13.22, 210, 0, 44, 60.00
2026/09/14 16:22:43.223, 13.22, 210, 0, 44, 60.00
2026/09/14 16:22:43.239, 13.22, 210, 0, 44, 60.00
2026/09/14 16:22:43.254, 13.22, 210, 0, 44, 60.00
2026/09/14 16:22:43.270, 13.22, 210, 0, 44, 60.00
2026/09/14 16:22:43.286, 13.22, 210, 0, 44, 60.00
2026/09/14 16:22:43.301, 13.19, 210, 0, 44, 60.00
2026/09/14 16:22:43.317, 13.19, 210, 0, 44, 60.00
2026/09/14 16:22:43.333, 13.19, 210, 0, 44, 60.00
2026/09/14 16:22:43.348, 13.19, 210, 0, 44, 60.00
2026/09/14 16:22:43.363, 13.19, 210, 0, 44, 60.00
2026/09/14 16:22:43.379, 13.19, 210, 0, 44, 60.00
2026/09/14 16:22:43.395, 13.19, 210, 0, 44, 60.00
2026/09/14 16:22:43.411, 13.19, 210, 0, 44, 60.00
2026/09/14 16:22:43.442, 13.19, 210, 0, 44, 60.00
2026/09/14 16:22:43.458, 13.19, 210, 0, 44, 60.00
2026/09/14 16:22:43.475, 13.19, 210, 0, 44, 60.00
2026/09/14 16:22:43.490, 13.19, 210, 0, 44, 60.00
2026/09/14 16:22:43.506, 13.19, 210, 1, 44, 60.00
2026/09/14 16:22:43.521, 13.19, 210, 1, 44, 60.00
2026/09/14 16:22:43.553, 13.19, 210, 1, 44, 60.00
2026/09/14 16:22:43.568, 13.19, 210, 1, 44, 60.00
2026/09/14 16:22:43.584, 13.19, 210, 1, 44, 60.00
2026/09/14 16:22:43.616, 13.24, 210, 1, 44, 60.00
2026/09/14 16:22:43.631, 13.24, 210, 1, 44, 60.00
2026/09/14 16:22:43.647, 13.24, 210, 1, 44, 60.00
2026/09/14 16:22:43.663, 13.24, 210, 1, 44, 60.00
2026/09/14 16:22:43.678, 13.24, 210, 1, 44, 60.00
2026/09/14 16:22:43.694, 13.24, 210, 1, 44, 60.00
2026/09/14 16:22:43.709, 13.20, 210, 1, 44, 60.00
2026/09/14 16:22:43.725, 13.20, 210, 1, 44, 60.00
2026/09/14 16:22:43.741, 13.20, 210, 1, 44, 60.00
2026/09/14 16:22:43.757, 13.20, 210, 1, 44, 60.00
2026/09/14 16:22:43.773, 13.20, 210, 1, 44, 60.00
2026/09/14 16:22:43.789, 13.20, 210, 1, 44, 60.00
2026/09/14 16:22:43.804, 13.26, 210, 1, 44, 60.00
2026/09/14 16:22:43.820, 13.26, 210, 1, 44, 60.00
2026/09/14 16:22:43.835, 13.26, 210, 1, 44, 60.00
2026/09/14 16:22:43.851, 13.26, 210, 1, 44, 60.00
2026/09/14 16:22:43.867, 13.26, 210, 1, 44, 60.00
2026/09/14 16:22:43.882, 13.26, 210, 1, 44, 60.00
2026/09/14 16:22:43.898, 13.23, 210, 1, 44, 60.00
2026/09/14 16:22:43.913, 13.23, 210, 1, 44, 60.00
2026/09/14 16:22:43.929, 13.23, 210, 1, 44, 60.00
2026/09/14 16:22:43.945, 13.23, 210, 1, 44, 60.00
2026/09/14 16:22:43.960, 13.23, 210, 1, 44, 60.00
2026/09/14 16:22:43.977, 13.23, 210, 1, 44, 60.00
2026/09/14 16:22:44.008, 13.25, 210, 1, 44, 60.00
2026/09/14 16:22:44.024, 13.25, 210, 1, 44, 60.00
2026/09/14 16:22:44.039, 13.25, 210, 1, 44, 60.00
2026/09/14 16:22:44.055, 13.25, 210, 1, 44, 60.00
2026/09/14 16:22:44.071, 13.25, 210, 1, 44, 60.00
2026/09/14 16:22:44.086, 13.25, 210, 1, 44, 60.00
2026/09/14 16:22:44.101, 13.25, 210, 1, 44, 60.00
2026/09/14 16:22:44.117, 13.25, 210, 1, 44, 60.00
2026/09/14 16:22:44.132, 13.25, 210, 1, 44, 60.00
2026/09/14 16:22:44.147, 13.25, 210, 1, 44, 60.00
2026/09/14 16:22:44.164, 13.25, 210, 1, 44, 60.00
2026/09/14 16:22:44.179, 13.25, 210, 1, 44, 60.00
2026/09/14 16:22:44.194, 13.25, 210, 1, 44, 60.00
2026/09/14 16:22:44.209, 13.24, 210, 1, 44, 60.00
2026/09/14 16:22:44.225, 13.24, 210, 1, 44, 60.00
2026/09/14 16:22:44.242, 13.24, 210, 1, 44, 60.00
2026/09/14 16:22:44.259, 13.24, 210, 1, 44, 60.00
2026/09/14 16:22:44.274, 13.24, 210, 1, 44, 60.00
2026/09/14 16:22:44.290, 13.24, 210, 1, 44, 60.00
2026/09/14 16:22:44.305, 13.26, 210, 0, 44, 60.00
2026/09/14 16:22:44.321, 13.26, 210, 0, 44, 60.00
2026/09/14 16:22:44.337, 13.26, 210, 0, 44, 60.00
2026/09/14 16:22:44.353, 13.26, 210, 0, 44, 60.00
2026/09/14 16:22:44.369, 13.26, 210, 0, 44, 60.00
2026/09/14 16:22:44.385, 13.26, 210, 0, 44, 60.00
2026/09/14 16:22:44.400, 13.27, 210, 0, 44, 60.00
2026/09/14 16:22:44.416, 13.27, 210, 0, 44, 60.00
2026/09/14 16:22:44.431, 13.27, 210, 0, 44, 60.00
2026/09/14 16:22:44.463, 13.27, 210, 0, 44, 60.00
2026/09/14 16:22:44.479, 13.27, 210, 0, 44, 60.00
2026/09/14 16:22:44.494, 13.27, 210, 0, 44, 60.00
2026/09/14 16:22:44.509, 13.31, 210, 1, 44, 60.00
2026/09/14 16:22:44.525, 13.31, 210, 1, 44, 60.00
2026/09/14 16:22:44.541, 13.31, 210, 1, 44, 60.00
2026/09/14 16:22:44.557, 13.31, 210, 1, 44, 60.00
2026/09/14 16:22:44.573, 13.31, 210, 1, 44, 60.00
2026/09/14 16:22:44.588, 13.31, 210, 1, 44, 60.00
2026/09/14 16:22:44.605, 13.33, 210, 1, 44, 60.00
2026/09/14 16:22:44.620, 13.33, 210, 1, 44, 60.00
2026/09/14 16:22:44.636, 13.33, 210, 1, 44, 60.00
2026/09/14 16:22:44.651, 13.33, 210, 1, 44, 60.00
2026/09/14 16:22:44.667, 13.33, 210, 1, 44, 60.00
2026/09/14 16:22:44.683, 13.33, 210, 1, 44, 60.00
2026/09/14 16:22:44.699, 13.27, 210, 1, 44, 60.00
2026/09/14 16:22:44.714, 13.27, 210, 1, 44, 60.00
2026/09/14 16:22:44.730, 13.27, 210, 1, 44, 60.00
2026/09/14 16:22:44.746, 13.27, 210, 1, 44, 60.00
2026/09/14 16:22:44.762, 13.27, 210, 1, 44, 60.00
2026/09/14 16:22:44.778, 13.27, 210, 1, 44, 60.00
2026/09/14 16:22:44.794, 13.27, 210, 1, 44, 60.00
2026/09/14 16:22:44.809, 13.29, 210, 1, 44, 60.00
2026/09/14 16:22:44.825, 13.29, 210, 1, 44, 60.00
2026/09/14 16:22:44.841, 13.29, 210, 1, 44, 60.00
2026/09/14 16:22:44.856, 13.29, 210, 1, 44, 60.00
2026/09/14 16:22:44.872, 13.29, 210, 1, 44, 60.00
2026/09/14 16:22:44.888, 13.29, 210, 1, 44, 60.00
2026/09/14 16:22:44.919, 13.31, 210, 0, 44, 60.00
2026/09/14 16:22:44.935, 13.31, 210, 0, 44, 60.00
2026/09/14 16:22:44.951, 13.31, 210, 0, 44, 60.00
2026/09/14 16:22:44.982, 13.31, 210, 0, 44, 60.00
2026/09/14 16:22:44.998, 13.31, 210, 0, 44, 60.00
2026/09/14 16:22:45.029, 13.31, 210, 0, 44, 60.00
2026/09/14 16:22:45.045, 13.31, 210, 0, 44, 60.00
2026/09/14 16:22:45.061, 13.31, 210, 0, 44, 60.00
2026/09/14 16:22:45.076, 13.31, 210, 0, 44, 60.00
2026/09/14 16:22:45.092, 13.31, 210, 0, 44, 60.00
2026/09/14 16:22:45.108, 13.36, 210, 2, 44, 60.00
2026/09/14 16:22:45.139, 13.36, 210, 2, 44, 60.00
2026/09/14 16:22:45.155, 13.36, 210, 2, 44, 60.00
2026/09/14 16:22:45.170, 13.36, 210, 2, 44, 60.00
2026/09/14 16:22:45.185, 13.36, 210, 2, 44, 60.00
2026/09/14 16:22:45.200, 13.45, 210, 2, 44, 60.00
2026/09/14 16:22:45.216, 13.45, 210, 2, 44, 60.00
2026/09/14 16:22:45.232, 13.45, 210, 2, 44, 60.00
2026/09/14 16:22:45.247, 13.45, 210, 2, 44, 60.00
2026/09/14 16:22:45.262, 13.45, 210, 2, 44, 60.00
2026/09/14 16:22:45.278, 13.45, 210, 2, 44, 60.00
2026/09/14 16:22:45.294, 13.45, 210, 2, 44, 60.00
2026/09/14 16:22:45.309, 13.48, 210, 1, 44, 60.00
2026/09/14 16:22:45.325, 13.48, 210, 1, 44, 60.00
2026/09/14 16:22:45.340, 13.48, 210, 1, 44, 60.00
2026/09/14 16:22:45.371, 13.48, 210, 1, 44, 60.00
2026/09/14 16:22:45.387, 13.48, 210, 1, 44, 60.00
2026/09/14 16:22:45.403, 13.55, 210, 1, 44, 60.00
2026/09/14 16:22:45.419, 13.55, 210, 1, 44, 60.00
2026/09/14 16:22:45.434, 13.55, 210, 1, 44, 60.00
2026/09/14 16:22:45.450, 13.55, 210, 1, 44, 60.00
2026/09/14 16:22:45.465, 13.55, 210, 1, 44, 60.00
2026/09/14 16:22:45.481, 13.55, 210, 1, 44, 60.00
2026/09/14 16:22:45.496, 13.55, 210, 1, 44, 60.00
2026/09/14 16:22:45.511, 13.59, 210, 3, 44, 60.00
2026/09/14 16:22:45.527, 13.59, 210, 3, 44, 60.00
2026/09/14 16:22:45.542, 13.59, 210, 3, 44, 60.00
2026/09/14 16:22:45.557, 13.59, 210, 3, 44, 60.00
2026/09/14 16:22:45.573, 13.59, 210, 3, 44, 60.00
2026/09/14 16:22:45.588, 13.59, 210, 3, 44, 60.00
2026/09/14 16:22:45.603, 13.65, 210, 3, 44, 60.00
2026/09/14 16:22:45.619, 13.65, 210, 3, 44, 60.00
2026/09/14 16:22:45.634, 13.65, 210, 3, 44, 60.00
2026/09/14 16:22:45.649, 13.65, 210, 3, 44, 60.00
2026/09/14 16:22:45.665, 13.65, 210, 3, 44, 60.00
2026/09/14 16:22:45.681, 13.65, 210, 3, 44, 60.00
2026/09/14 16:22:45.696, 13.65, 210, 3, 44, 60.00
2026/09/14 16:22:45.727, 13.69, 210, 6, 44, 60.00
2026/09/14 16:22:45.742, 13.69, 210, 6, 44, 60.00
2026/09/14 16:22:45.758, 13.69, 210, 6, 44, 60.00
2026/09/14 16:22:45.774, 13.69, 210, 6, 44, 60.00
2026/09/14 16:22:45.790, 13.69, 210, 6, 44, 60.00
2026/09/14 16:22:45.805, 13.74, 210, 6, 44, 60.00
2026/09/14 16:22:45.837, 13.74, 210, 6, 44, 60.00
2026/09/14 16:22:45.852, 13.74, 210, 6, 44, 60.00
2026/09/14 16:22:45.867, 13.74, 210, 6, 44, 60.00
2026/09/14 16:22:45.883, 13.74, 210, 6, 44, 60.00
2026/09/14 16:22:45.898, 13.76, 210, 6, 44, 60.00
2026/09/14 16:22:45.914, 13.76, 210, 1, 44, 60.00
2026/09/14 16:22:45.929, 13.76, 210, 1, 44, 60.00
2026/09/14 16:22:45.945, 13.76, 210, 1, 44, 60.00
2026/09/14 16:22:45.961, 13.76, 210, 1, 44, 60.00
2026/09/14 16:22:45.976, 13.76, 210, 1, 44, 60.00
2026/09/14 16:22:45.992, 13.76, 210, 1, 44, 60.00
2026/09/14 16:22:46.007, 13.72, 210, 1, 44, 60.00
2026/09/14 16:22:46.022, 13.72, 210, 1, 44, 60.00
2026/09/14 16:22:46.038, 13.72, 210, 1, 44, 60.00
2026/09/14 16:22:46.054, 13.72, 210, 1, 44, 60.00
2026/09/14 16:22:46.084, 13.72, 210, 1, 44, 60.00
2026/09/14 16:22:46.100, 13.71, 210, 1, 44, 60.00
2026/09/14 16:22:46.116, 13.71, 210, 1, 44, 60.00
2026/09/14 16:22:46.132, 13.71, 210, 1, 44, 60.00
2026/09/14 16:22:46.147, 13.71, 210, 1, 44, 60.00
2026/09/14 16:22:46.162, 13.71, 210, 1, 44, 60.00
2026/09/14 16:22:46.178, 13.71, 210, 1, 44, 60.00
2026/09/14 16:22:46.194, 13.71, 210, 1, 44, 60.00
2026/09/14 16:22:46.211, 13.63, 210, 1, 44, 60.00
2026/09/14 16:22:46.227, 13.63, 210, 1, 44, 60.00
2026/09/14 16:22:46.242, 13.63, 210, 1, 44, 60.00
2026/09/14 16:22:46.258, 13.63, 210, 1, 44, 60.00
2026/09/14 16:22:46.290, 13.63, 210, 1, 44, 60.00
2026/09/14 16:22:46.306, 13.59, 210, 0, 44, 60.00
2026/09/14 16:22:46.321, 13.59, 210, 0, 44, 60.00
2026/09/14 16:22:46.338, 13.59, 210, 0, 44, 60.00
2026/09/14 16:22:46.354, 13.59, 210, 0, 44, 60.00
2026/09/14 16:22:46.369, 13.59, 210, 0, 44, 60.00
2026/09/14 16:22:46.385, 13.59, 210, 0, 44, 60.00
2026/09/14 16:22:46.417, 13.56, 210, 0, 44, 60.00
2026/09/14 16:22:46.432, 13.56, 210, 0, 44, 60.00
2026/09/14 16:22:46.447, 13.56, 210, 0, 44, 60.00
2026/09/14 16:22:46.462, 13.56, 210, 0, 44, 60.00
2026/09/14 16:22:46.478, 13.56, 210, 0, 44, 60.00
2026/09/14 16:22:46.493, 13.56, 210, 0, 44, 60.00
2026/09/14 16:22:46.509, 13.48, 210, 1, 44, 60.00
2026/09/14 16:22:46.525, 13.48, 210, 1, 44, 60.00
2026/09/14 16:22:46.541, 13.48, 210, 1, 44, 60.00
2026/09/14 16:22:46.556, 13.48, 210, 1, 44, 60.00
2026/09/14 16:22:46.572, 13.48, 210, 1, 44, 60.00
2026/09/14 16:22:46.589, 13.48, 210, 1, 44, 60.00
2026/09/14 16:22:46.620, 13.38, 210, 1, 44, 60.00
2026/09/14 16:22:46.636, 13.38, 210, 1, 44, 60.00
2026/09/14 16:22:46.651, 13.38, 210, 1, 44, 60.00
2026/09/14 16:22:46.667, 13.38, 210, 1, 44, 60.00
2026/09/14 16:22:46.683, 13.38, 210, 1, 44, 60.00
2026/09/14 16:22:46.699, 13.39, 210, 1, 44, 60.00
2026/09/14 16:22:46.715, 13.39, 210, 2, 44, 60.00
2026/09/14 16:22:46.746, 13.39, 210, 2, 44, 60.00
2026/09/14 16:22:46.761, 13.39, 210, 2, 44, 60.00
2026/09/14 16:22:46.777, 13.39, 210, 2, 44, 60.00
2026/09/14 16:22:46.793, 13.39, 210, 2, 44, 60.00
2026/09/14 16:22:46.808, 13.31, 210, 2, 44, 60.00
2026/09/14 16:22:46.825, 13.31, 210, 2, 44, 60.00
2026/09/14 16:22:46.840, 13.31, 210, 2, 44, 60.00
2026/09/14 16:22:46.856, 13.31, 210, 2, 44, 60.00
2026/09/14 16:22:46.872, 13.31, 210, 2, 44, 60.00
2026/09/14 16:22:46.888, 13.31, 210, 2, 44, 60.00
2026/09/14 16:22:46.903, 13.26, 210, 0, 44, 60.00
2026/09/14 16:22:46.918, 13.26, 210, 0, 44, 60.00
2026/09/14 16:22:46.934, 13.26, 210, 0, 44, 60.00
2026/09/14 16:22:46.950, 13.26, 210, 0, 44, 60.00
2026/09/14 16:22:46.965, 13.26, 210, 0, 44, 60.00
2026/09/14 16:22:46.980, 13.26, 210, 0, 44, 60.00
2026/09/14 16:22:46.997, 13.25, 210, 0, 44, 60.00
2026/09/14 16:22:47.012, 13.25, 210, 0, 44, 60.00
2026/09/14 16:22:47.028, 13.25, 210, 0, 44, 60.00
2026/09/14 16:22:47.044, 13.25, 210, 0, 44, 60.00
2026/09/14 16:22:47.059, 13.25, 210, 0, 44, 60.00
2026/09/14 16:22:47.076, 13.25, 210, 0, 44, 60.00
2026/09/14 16:22:47.091, 13.25, 210, 0, 44, 60.00
2026/09/14 16:22:47.106, 13.28, 210, 1, 44, 60.00
2026/09/14 16:22:47.122, 13.28, 210, 1, 44, 60.00
2026/09/14 16:22:47.138, 13.28, 210, 1, 44, 60.00
2026/09/14 16:22:47.153, 13.28, 210, 1, 44, 60.00
2026/09/14 16:22:47.170, 13.28, 210, 1, 44, 60.00
2026/09/14 16:22:47.201, 13.31, 210, 1, 44, 60.00
2026/09/14 16:22:47.217, 13.31, 210, 1, 44, 60.00
2026/09/14 16:22:47.233, 13.31, 210, 1, 44, 60.00
2026/09/14 16:22:47.248, 13.31, 210, 1, 44, 60.00
2026/09/14 16:22:47.264, 13.31, 210, 1, 44, 60.00
2026/09/14 16:22:47.279, 13.31, 210, 1, 44, 60.00
2026/09/14 16:22:47.294, 13.31, 210, 1, 44, 60.00
2026/09/14 16:22:47.310, 13.31, 210, 1, 44, 60.00
2026/09/14 16:22:47.326, 13.31, 210, 1, 44, 60.00
2026/09/14 16:22:47.342, 13.31, 210, 1, 44, 60.00
2026/09/14 16:22:47.357, 13.31, 210, 1, 44, 60.00
2026/09/14 16:22:47.373, 13.31, 210, 1, 44, 60.00
2026/09/14 16:22:47.388, 13.31, 210, 1, 44, 60.00
2026/09/14 16:22:47.404, 13.30, 210, 1, 44, 60.00
2026/09/14 16:22:47.419, 13.30, 210, 1, 44, 60.00
2026/09/14 16:22:47.435, 13.30, 210, 1, 44, 60.00
2026/09/14 16:22:47.452, 13.30, 210, 1, 44, 60.00
2026/09/14 16:22:47.467, 13.30, 210, 1, 44, 60.00
2026/09/14 16:22:47.482, 13.30, 210, 1, 44, 60.00
2026/09/14 16:22:47.499, 13.27, 210, 1, 44, 60.00
2026/09/14 16:22:47.515, 13.27, 210, 0, 44, 60.00
2026/09/14 16:22:47.530, 13.27, 210, 0, 44, 60.00
2026/09/14 16:22:47.545, 13.27, 210, 0, 44, 60.00
2026/09/14 16:22:47.562, 13.27, 210, 0, 44, 60.00
2026/09/14 16:22:47.578, 13.27, 210, 0, 44, 60.00
2026/09/14 16:22:47.594, 13.27, 210, 0, 44, 60.00
2026/09/14 16:22:47.609, 13.28, 210, 0, 44, 60.00
2026/09/14 16:22:47.626, 13.28, 210, 0, 43, 60.00
2026/09/14 16:22:47.657, 13.28, 210, 0, 43, 60.00
2026/09/14 16:22:47.672, 13.28, 210, 0, 43, 60.00
2026/09/14 16:22:47.687, 13.28, 210, 0, 43, 60.00
2026/09/14 16:22:47.703, 13.35, 210, 2, 43, 60.00
2026/09/14 16:22:47.718, 13.35, 210, 2, 43, 60.00
2026/09/14 16:22:47.734, 13.35, 210, 2, 43, 60.00
2026/09/14 16:22:47.750, 13.35, 210, 2, 43, 60.00
2026/09/14 16:22:47.766, 13.35, 210, 2, 43, 60.00
2026/09/14 16:22:47.781, 13.35, 210, 2, 43, 60.00
2026/09/14 16:22:47.797, 13.30, 210, 2, 43, 60.00
2026/09/14 16:22:47.812, 13.30, 210, 2, 43, 60.00
2026/09/14 16:22:47.828, 13.30, 210, 2, 43, 60.00
2026/09/14 16:22:47.843, 13.30, 210, 2, 43, 60.00
2026/09/14 16:22:47.860, 13.30, 210, 2, 43, 60.00
2026/09/14 16:22:47.875, 13.30, 210, 2, 43, 60.00
2026/09/14 16:22:47.890, 13.30, 210, 2, 43, 60.00
2026/09/14 16:22:47.906, 13.33, 210, 0, 43, 60.00
2026/09/14 16:22:47.922, 13.33, 210, 0, 43, 60.00
2026/09/14 16:22:47.938, 13.33, 210, 0, 43, 60.00
2026/09/14 16:22:47.953, 13.33, 210, 0, 43, 60.00
2026/09/14 16:22:47.969, 13.33, 210, 0, 43, 60.00
2026/09/14 16:22:47.984, 13.33, 210, 0, 43, 60.00
2026/09/14 16:22:47.999, 13.34, 210, 0, 43, 60.00
2026/09/14 16:22:48.015, 13.34, 210, 0, 43, 60.00
2026/09/14 16:22:48.030, 13.34, 210, 0, 43, 60.00
2026/09/14 16:22:48.046, 13.34, 210, 0, 43, 60.00
2026/09/14 16:22:48.060, 13.34, 210, 0, 43, 60.00
2026/09/14 16:22:48.076, 13.34, 210, 0, 43, 60.00
2026/09/14 16:22:48.091, 13.33, 210, 0, 44, 60.00
2026/09/14 16:22:48.123, 13.33, 210, 0, 44, 60.00
2026/09/14 16:22:48.139, 13.33, 210, 0, 44, 60.00
2026/09/14 16:22:48.154, 13.33, 210, 0, 44, 60.00
2026/09/14 16:22:48.170, 13.33, 210, 0, 44, 60.00
2026/09/14 16:22:48.186, 13.33, 210, 0, 44, 60.00
2026/09/14 16:22:48.201, 13.35, 210, 0, 44, 60.00
2026/09/14 16:22:48.216, 13.35, 210, 0, 44, 60.00
2026/09/14 16:22:48.232, 13.35, 210, 0, 44, 60.00
2026/09/14 16:22:48.247, 13.35, 210, 0, 44, 60.00
2026/09/14 16:22:48.262, 13.35, 210, 0, 44, 60.00
2026/09/14 16:22:48.278, 13.35, 210, 0, 44, 60.00
2026/09/14 16:22:48.293, 13.35, 210, 0, 44, 60.00
2026/09/14 16:22:48.309, 13.31, 210, 1, 44, 60.00
2026/09/14 16:22:48.325, 13.31, 210, 1, 44, 60.00
2026/09/14 16:22:48.341, 13.31, 210, 1, 44, 60.00
2026/09/14 16:22:48.356, 13.31, 210, 1, 44, 60.00
2026/09/14 16:22:48.372, 13.31, 210, 1, 44, 60.00
2026/09/14 16:22:48.387, 13.31, 210, 1, 44, 60.00
2026/09/14 16:22:48.403, 13.33, 210, 1, 44, 60.00
2026/09/14 16:22:48.420, 13.33, 210, 1, 44, 60.00
2026/09/14 16:22:48.435, 13.33, 210, 1, 44, 60.00
2026/09/14 16:22:48.451, 13.33, 210, 1, 44, 60.00
2026/09/14 16:22:48.467, 13.33, 210, 1, 44, 60.00
2026/09/14 16:22:48.482, 13.33, 210, 1, 44, 60.00
2026/09/14 16:22:48.497, 13.32, 210, 1, 44, 60.00
2026/09/14 16:22:48.513, 13.32, 210, 0, 44, 60.00
2026/09/14 16:22:48.528, 13.32, 210, 0, 44, 60.00
2026/09/14 16:22:48.544, 13.32, 210, 0, 43, 60.00
2026/09/14 16:22:48.576, 13.32, 210, 0, 43, 60.00
2026/09/14 16:22:48.592, 13.32, 210, 0, 43, 60.00
2026/09/14 16:22:48.608, 13.34, 210, 0, 43, 60.00
2026/09/14 16:22:48.623, 13.34, 210, 0, 43, 60.00
2026/09/14 16:22:48.640, 13.34, 210, 0, 43, 60.00
2026/09/14 16:22:48.655, 13.34, 210, 0, 43, 60.00
2026/09/14 16:22:48.670, 13.34, 210, 0, 43, 60.00
2026/09/14 16:22:48.686, 13.34, 210, 0, 43, 60.00
2026/09/14 16:22:48.702, 13.41, 210, 2, 43, 60.00
2026/09/14 16:22:48.718, 13.41, 210, 2, 43, 60.00
2026/09/14 16:22:48.734, 13.41, 210, 2, 43, 60.00
2026/09/14 16:22:48.749, 13.41, 210, 2, 43, 60.00
2026/09/14 16:22:48.780, 13.41, 210, 2, 43, 60.00
2026/09/14 16:22:48.795, 13.36, 210, 2, 43, 60.00
2026/09/14 16:22:48.811, 13.36, 210, 2, 43, 60.00
2026/09/14 16:22:48.827, 13.36, 210, 2, 43, 60.00
2026/09/14 16:22:48.842, 13.36, 210, 2, 43, 60.00
2026/09/14 16:22:48.857, 13.36, 210, 2, 43, 60.00
2026/09/14 16:22:48.872, 13.36, 210, 2, 43, 60.00
2026/09/14 16:22:48.888, 13.36, 210, 2, 43, 60.00
2026/09/14 16:22:48.904, 13.39, 210, 1, 43, 60.00
2026/09/14 16:22:48.919, 13.39, 210, 1, 43, 60.00
2026/09/14 16:22:48.935, 13.39, 210, 1, 43, 60.00
2026/09/14 16:22:48.951, 13.39, 210, 1, 43, 60.00
2026/09/14 16:22:48.966, 13.39, 210, 1, 43, 60.00
2026/09/14 16:22:48.982, 13.39, 210, 1, 43, 60.00
2026/09/14 16:22:48.999, 13.36, 210, 1, 43, 60.00
2026/09/14 16:22:49.030, 13.36, 210, 1, 43, 60.00
2026/09/14 16:22:49.046, 13.36, 210, 1, 43, 60.00
2026/09/14 16:22:49.062, 13.36, 210, 1, 43, 60.00
2026/09/14 16:22:49.078, 13.36, 210, 1, 43, 60.00
2026/09/14 16:22:49.093, 13.36, 210, 1, 43, 60.00
2026/09/14 16:22:49.108, 13.38, 210, 0, 43, 60.00
2026/09/14 16:22:49.123, 13.38, 210, 0, 43, 60.00
2026/09/14 16:22:49.139, 13.38, 210, 0, 43, 60.00
2026/09/14 16:22:49.154, 13.38, 210, 0, 43, 60.00
2026/09/14 16:22:49.169, 13.38, 210, 0, 43, 60.00
2026/09/14 16:22:49.185, 13.38, 210, 0, 43, 60.00
2026/09/14 16:22:49.201, 13.39, 210, 0, 43, 60.00
2026/09/14 16:22:49.217, 13.39, 210, 0, 43, 60.00
2026/09/14 16:22:49.232, 13.39, 210, 0, 43, 60.00
2026/09/14 16:22:49.248, 13.39, 210, 0, 43, 60.00
2026/09/14 16:22:49.264, 13.39, 210, 0, 43, 60.00
2026/09/14 16:22:49.281, 13.39, 210, 0, 43, 60.00
2026/09/14 16:22:49.296, 13.36, 210, 0, 43, 60.00
2026/09/14 16:22:49.312, 13.36, 210, 1, 43, 60.00
2026/09/14 16:22:49.327, 13.36, 210, 1, 43, 60.00
2026/09/14 16:22:49.343, 13.36, 210, 1, 43, 60.00
2026/09/14 16:22:49.360, 13.36, 210, 1, 43, 60.00
2026/09/14 16:22:49.375, 13.36, 210, 1, 43, 60.00
2026/09/14 16:22:49.390, 13.36, 210, 1, 43, 60.00
2026/09/14 16:22:49.407, 13.39, 210, 1, 43, 60.00
2026/09/14 16:22:49.422, 13.39, 210, 1, 43, 60.00
2026/09/14 16:22:49.437, 13.39, 210, 1, 43, 60.00
2026/09/14 16:22:49.453, 13.39, 210, 1, 43, 60.00
2026/09/14 16:22:49.483, 13.39, 210, 1, 43, 60.00
2026/09/14 16:22:49.499, 13.39, 210, 1, 43, 60.00
2026/09/14 16:22:49.515, 13.39, 210, 0, 43, 60.00
2026/09/14 16:22:49.531, 13.39, 210, 0, 43, 60.00
2026/09/14 16:22:49.547, 13.39, 210, 0, 43, 60.00
2026/09/14 16:22:49.562, 13.39, 210, 0, 43, 60.00
2026/09/14 16:22:49.577, 13.39, 210, 0, 43, 60.00
2026/09/14 16:22:49.592, 13.39, 210, 0, 43, 60.00
2026/09/14 16:22:49.608, 13.40, 210, 0, 43, 60.00
2026/09/14 16:22:49.624, 13.40, 210, 0, 43, 60.00
2026/09/14 16:22:49.639, 13.40, 210, 0, 43, 60.00
2026/09/14 16:22:49.654, 13.40, 210, 0, 43, 60.00
2026/09/14 16:22:49.670, 13.40, 210, 0, 43, 60.00
2026/09/14 16:22:49.686, 13.40, 210, 0, 43, 60.00
2026/09/14 16:22:49.701, 13.42, 210, 1, 43, 60.00
2026/09/14 16:22:49.717, 13.42, 210, 1, 43, 60.00
2026/09/14 16:22:49.733, 13.42, 210, 1, 43, 60.00
2026/09/14 16:22:49.749, 13.42, 210, 1, 43, 60.00
2026/09/14 16:22:49.765, 13.42, 210, 1, 43, 60.00
2026/09/14 16:22:49.795, 13.38, 210, 1, 43, 60.00
2026/09/14 16:22:49.825, 13.38, 210, 1, 43, 60.00
2026/09/14 16:22:49.842, 13.38, 210, 1, 43, 60.00
2026/09/14 16:22:49.857, 13.38, 210, 1, 43, 60.00
2026/09/14 16:22:49.873, 13.38, 210, 1, 43, 60.00
2026/09/14 16:22:49.889, 13.38, 210, 1, 43, 60.00
2026/09/14 16:22:49.905, 13.36, 210, 1, 43, 60.00
2026/09/14 16:22:49.936, 13.36, 210, 1, 43, 60.00
2026/09/14 16:22:49.951, 13.36, 210, 1, 43, 60.00
2026/09/14 16:22:49.966, 13.36, 210, 1, 43, 60.00
2026/09/14 16:22:49.982, 13.36, 210, 1, 43, 60.00
2026/09/14 16:22:49.997, 13.40, 210, 1, 43, 60.00
2026/09/14 16:22:50.013, 13.40, 210, 1, 43, 60.00
2026/09/14 16:22:50.028, 13.40, 210, 1, 43, 60.00
2026/09/14 16:22:50.044, 13.40, 210, 1, 43, 60.00
2026/09/14 16:22:50.059, 13.40, 210, 1, 43, 60.00
2026/09/14 16:22:50.075, 13.40, 210, 1, 43, 60.00
2026/09/14 16:22:50.091, 13.40, 210, 1, 43, 60.00
2026/09/14 16:22:50.106, 13.45, 210, 1, 43, 60.00
2026/09/14 16:22:50.122, 13.45, 210, 1, 43, 60.00
2026/09/14 16:22:50.138, 13.45, 210, 1, 43, 60.00
2026/09/14 16:22:50.154, 13.45, 210, 1, 43, 60.00
2026/09/14 16:22:50.169, 13.45, 210, 1, 43, 60.00
2026/09/14 16:22:50.185, 13.45, 210, 1, 43, 60.00
2026/09/14 16:22:50.201, 13.50, 210, 1, 43, 60.00
2026/09/14 16:22:50.216, 13.50, 210, 1, 43, 60.00
2026/09/14 16:22:50.231, 13.50, 210, 1, 43, 60.00
2026/09/14 16:22:50.247, 13.50, 210, 1, 43, 60.00
2026/09/14 16:22:50.278, 13.50, 210, 1, 43, 60.00
2026/09/14 16:22:50.293, 13.50, 210, 1, 43, 60.00
2026/09/14 16:22:50.308, 13.52, 210, 2, 43, 60.00
2026/09/14 16:22:50.340, 13.52, 210, 2, 43, 60.00
2026/09/14 16:22:50.370, 13.52, 210, 2, 43, 60.00
2026/09/14 16:22:50.402, 13.60, 210, 2, 43, 60.00
2026/09/14 16:22:50.419, 13.60, 210, 2, 43, 60.00
2026/09/14 16:22:50.434, 13.60, 210, 2, 43, 60.00
2026/09/14 16:22:50.449, 13.60, 210, 2, 43, 60.00
2026/09/14 16:22:50.464, 13.60, 210, 2, 43, 60.00
2026/09/14 16:22:50.480, 13.60, 210, 2, 43, 60.00
2026/09/14 16:22:50.495, 13.65, 210, 2, 43, 60.00
2026/09/14 16:22:50.511, 13.65, 210, 2, 43, 60.00
2026/09/14 16:22:50.527, 13.65, 210, 2, 43, 60.00
2026/09/14 16:22:50.543, 13.65, 210, 2, 43, 60.00
2026/09/14 16:22:50.558, 13.65, 210, 2, 43, 60.00
2026/09/14 16:22:50.574, 13.65, 210, 2, 43, 60.00
2026/09/14 16:22:50.589, 13.65, 210, 2, 43, 60.00
2026/09/14 16:22:50.605, 13.74, 210, 2, 43, 60.00
2026/09/14 16:22:50.620, 13.74, 210, 2, 43, 60.00
2026/09/14 16:22:50.651, 13.74, 210, 2, 43, 60.00
2026/09/14 16:22:50.666, 13.74, 210, 2, 43, 60.00
2026/09/14 16:22:50.682, 13.74, 210, 2, 43, 60.00
2026/09/14 16:22:50.698, 13.74, 210, 2, 43, 60.00
2026/09/14 16:22:50.714, 13.74, 210, 2, 43, 60.00
2026/09/14 16:22:50.730, 13.74, 210, 2, 43, 60.00
2026/09/14 16:22:50.745, 13.74, 210, 2, 43, 60.00
2026/09/14 16:22:50.760, 13.74, 210, 2, 43, 60.00
2026/09/14 16:22:50.777, 13.74, 210, 2, 43, 60.00
2026/09/14 16:22:50.793, 13.74, 210, 2, 43, 60.00
2026/09/14 16:22:50.808, 13.73, 210, 2, 43, 60.00
2026/09/14 16:22:50.824, 13.73, 210, 2, 43, 60.00
2026/09/14 16:22:50.856, 13.73, 210, 2, 43, 60.00
2026/09/14 16:22:50.871, 13.73, 210, 2, 43, 60.00
2026/09/14 16:22:50.887, 13.73, 210, 2, 43, 60.00
2026/09/14 16:22:50.903, 13.76, 210, 1, 43, 60.00
2026/09/14 16:22:50.919, 13.76, 210, 1, 43, 60.00
2026/09/14 16:22:50.934, 13.76, 210, 1, 43, 60.00
2026/09/14 16:22:50.949, 13.76, 210, 1, 43, 60.00
2026/09/14 16:22:50.965, 13.76, 210, 1, 43, 60.00
2026/09/14 16:22:50.980, 13.76, 210, 1, 43, 60.00
2026/09/14 16:22:50.996, 13.75, 210, 1, 43, 60.00
2026/09/14 16:22:51.012, 13.75, 210, 1, 43, 60.00
2026/09/14 16:22:51.028, 13.75, 210, 1, 43, 60.00
2026/09/14 16:22:51.044, 13.75, 210, 1, 43, 60.00
2026/09/14 16:22:51.059, 13.75, 210, 1, 43, 60.00
2026/09/14 16:22:51.074, 13.75, 210, 1, 43, 60.00
2026/09/14 16:22:51.090, 13.75, 210, 1, 43, 60.00
2026/09/14 16:22:51.106, 13.70, 210, 0, 43, 60.00
2026/09/14 16:22:51.121, 13.70, 210, 0, 43, 60.00
2026/09/14 16:22:51.138, 13.70, 210, 0, 43, 60.00
2026/09/14 16:22:51.153, 13.70, 210, 0, 43, 60.00
2026/09/14 16:22:51.169, 13.70, 210, 0, 43, 60.00
2026/09/14 16:22:51.184, 13.70, 210, 0, 43, 60.00
2026/09/14 16:22:51.199, 13.65, 210, 0, 43, 60.00
2026/09/14 16:22:51.214, 13.65, 210, 0, 43, 60.00
2026/09/14 16:22:51.230, 13.65, 210, 0, 43, 60.00
2026/09/14 16:22:51.246, 13.65, 210, 0, 43, 60.00
2026/09/14 16:22:51.262, 13.65, 210, 0, 43, 60.00
2026/09/14 16:22:51.277, 13.65, 210, 0, 43, 60.00
2026/09/14 16:22:51.309, 13.60, 210, 0, 43, 60.00
2026/09/14 16:22:51.325, 13.60, 210, 0, 43, 60.00
2026/09/14 16:22:51.341, 13.60, 210, 0, 43, 60.00
2026/09/14 16:22:51.356, 13.60, 210, 0, 43, 60.00
2026/09/14 16:22:51.387, 13.60, 210, 0, 43, 60.00
2026/09/14 16:22:51.417, 13.53, 210, 0, 43, 60.00
2026/09/14 16:22:51.433, 13.53, 210, 0, 43, 60.00
2026/09/14 16:22:51.449, 13.53, 210, 0, 43, 60.00
2026/09/14 16:22:51.464, 13.53, 210, 0, 43, 60.00
2026/09/14 16:22:51.480, 13.53, 210, 0, 43, 60.00
2026/09/14 16:22:51.496, 13.48, 210, 0, 43, 60.00
2026/09/14 16:22:51.510, 13.48, 210, 1, 43, 60.00
2026/09/14 16:22:51.526, 13.48, 210, 1, 43, 60.00
2026/09/14 16:22:51.541, 13.48, 210, 1, 43, 60.00
2026/09/14 16:22:51.556, 13.48, 210, 1, 43, 60.00
2026/09/14 16:22:51.572, 13.48, 210, 1, 43, 60.00
2026/09/14 16:22:51.588, 13.48, 210, 1, 43, 60.00
2026/09/14 16:22:51.604, 13.43, 210, 1, 43, 60.00
2026/09/14 16:22:51.620, 13.43, 210, 1, 43, 60.00
2026/09/14 16:22:51.635, 13.43, 210, 1, 43, 60.00
2026/09/14 16:22:51.651, 13.43, 210, 1, 43, 60.00
2026/09/14 16:22:51.666, 13.43, 210, 1, 43, 60.00
2026/09/14 16:22:51.681, 13.43, 210, 1, 43, 60.00
2026/09/14 16:22:51.697, 13.38, 210, 1, 43, 60.00
2026/09/14 16:22:51.713, 13.38, 210, 1, 43, 60.00
2026/09/14 16:22:51.729, 13.38, 210, 1, 43, 60.00
2026/09/14 16:22:51.760, 13.38, 210, 1, 43, 60.00
2026/09/14 16:22:51.776, 13.38, 210, 1, 43, 60.00
2026/09/14 16:22:51.792, 13.38, 210, 1, 43, 60.00
2026/09/14 16:22:51.807, 13.34, 210, 1, 43, 60.00
2026/09/14 16:22:51.823, 13.34, 210, 1, 43, 60.00
2026/09/14 16:22:51.839, 13.34, 210, 1, 43, 60.00
2026/09/14 16:22:51.854, 13.34, 210, 1, 43, 60.00
2026/09/14 16:22:51.870, 13.34, 210, 1, 43, 60.00
2026/09/14 16:22:51.885, 13.34, 210, 1, 43, 60.00
2026/09/14 16:22:51.916, 13.27, 210, 1, 43, 60.00
2026/09/14 16:22:51.932, 13.27, 210, 1, 43, 60.00
2026/09/14 16:22:51.947, 13.27, 210, 1, 43, 60.00
2026/09/14 16:22:51.962, 13.27, 210, 1, 43, 60.00
2026/09/14 16:22:51.993, 13.27, 210, 1, 43, 60.00
2026/09/14 16:22:52.009, 13.31, 210, 1, 43, 60.00
2026/09/14 16:22:52.025, 13.31, 210, 1, 43, 60.00
2026/09/14 16:22:52.040, 13.31, 210, 1, 43, 60.00
2026/09/14 16:22:52.055, 13.31, 210, 1, 43, 60.00
2026/09/14 16:22:52.071, 13.31, 210, 1, 43, 60.00
2026/09/14 16:22:52.087, 13.31, 210, 1, 43, 60.00
2026/09/14 16:22:52.102, 13.32, 210, 1, 43, 60.00
2026/09/14 16:22:52.117, 13.32, 210, 1, 43, 60.00
2026/09/14 16:22:52.133, 13.32, 210, 1, 43, 60.00
2026/09/14 16:22:52.148, 13.32, 210, 1, 43, 60.00
2026/09/14 16:22:52.164, 13.32, 210, 1, 43, 60.00
2026/09/14 16:22:52.179, 13.32, 210, 1, 43, 60.00
2026/09/14 16:22:52.211, 13.34, 210, 1, 43, 60.00
2026/09/14 16:22:52.227, 13.34, 210, 1, 43, 60.00
2026/09/14 16:22:52.242, 13.34, 210, 1, 43, 60.00
2026/09/14 16:22:52.258, 13.34, 210, 1, 43, 60.00
2026/09/14 16:22:52.273, 13.34, 210, 1, 43, 60.00
2026/09/14 16:22:52.289, 13.34, 210, 1, 43, 60.00
2026/09/14 16:22:52.305, 13.35, 210, 0, 43, 60.00
2026/09/14 16:22:52.320, 13.35, 210, 0, 43, 60.00
2026/09/14 16:22:52.336, 13.35, 210, 0, 43, 60.00
2026/09/14 16:22:52.352, 13.35, 210, 0, 43, 60.00
2026/09/14 16:22:52.366, 13.35, 210, 0, 43, 60.00
2026/09/14 16:22:52.382, 13.35, 210, 0, 43, 60.00
2026/09/14 16:22:52.398, 13.35, 210, 0, 43, 60.00
2026/09/14 16:22:52.413, 13.35, 210, 0, 43, 60.00
2026/09/14 16:22:52.429, 13.35, 210, 0, 43, 60.00
2026/09/14 16:22:52.444, 13.35, 210, 0, 43, 60.00
2026/09/14 16:22:52.460, 13.35, 210, 0, 43, 60.00
2026/09/14 16:22:52.475, 13.35, 210, 0, 43, 60.00
2026/09/14 16:22:52.491, 13.35, 210, 0, 43, 60.00
2026/09/14 16:22:52.506, 13.34, 210, 1, 43, 60.00
2026/09/14 16:22:52.521, 13.34, 210, 1, 43, 60.00
2026/09/14 16:22:52.536, 13.34, 210, 1, 43, 60.00
2026/09/14 16:22:52.552, 13.34, 210, 1, 43, 60.00
2026/09/14 16:22:52.567, 13.34, 210, 1, 43, 60.00
2026/09/14 16:22:52.582, 13.34, 210, 1, 43, 60.00
2026/09/14 16:22:52.598, 13.35, 210, 1, 43, 60.00
2026/09/14 16:22:52.614, 13.35, 210, 1, 43, 60.00
2026/09/14 16:22:52.629, 13.35, 210, 1, 43, 60.00
2026/09/14 16:22:52.660, 13.35, 210, 1, 43, 60.00
2026/09/14 16:22:52.675, 13.35, 210, 1, 43, 60.00
2026/09/14 16:22:52.690, 13.35, 210, 1, 43, 60.00
2026/09/14 16:22:52.706, 13.38, 210, 1, 43, 60.00
2026/09/14 16:22:52.721, 13.38, 210, 1, 43, 60.00
2026/09/14 16:22:52.736, 13.38, 210, 1, 43, 60.00
2026/09/14 16:22:52.752, 13.38, 210, 1, 43, 60.00
2026/09/14 16:22:52.768, 13.38, 210, 1, 43, 60.00
2026/09/14 16:22:52.784, 13.38, 210, 1, 43, 60.00
2026/09/14 16:22:52.801, 13.37, 210, 1, 43, 60.00
2026/09/14 16:22:52.817, 13.37, 210, 1, 43, 60.00
2026/09/14 16:22:52.833, 13.37, 210, 1, 43, 60.00
2026/09/14 16:22:52.848, 13.37, 210, 1, 43, 60.00
2026/09/14 16:22:52.864, 13.37, 210, 1, 43, 60.00
2026/09/14 16:22:52.879, 13.37, 210, 1, 43, 60.00
2026/09/14 16:22:52.895, 13.37, 210, 1, 43, 60.00
2026/09/14 16:22:52.910, 13.37, 210, 0, 43, 60.00
2026/09/14 16:22:52.927, 13.37, 210, 0, 43, 60.00
2026/09/14 16:22:52.942, 13.37, 210, 0, 43, 60.00
2026/09/14 16:22:52.973, 13.37, 210, 0, 43, 60.00
2026/09/14 16:22:52.989, 13.37, 210, 0, 43, 60.00
2026/09/14 16:22:53.004, 13.40, 210, 0, 43, 60.00
2026/09/14 16:22:53.020, 13.40, 210, 0, 43, 60.00
2026/09/14 16:22:53.036, 13.40, 210, 0, 43, 60.00
2026/09/14 16:22:53.052, 13.40, 210, 0, 43, 60.00
2026/09/14 16:22:53.067, 13.40, 210, 0, 43, 60.00
2026/09/14 16:22:53.083, 13.40, 210, 0, 43, 60.00
2026/09/14 16:22:53.115, 13.35, 210, 1, 43, 60.00
2026/09/14 16:22:53.130, 13.35, 210, 1, 43, 60.00
2026/09/14 16:22:53.146, 13.35, 210, 1, 43, 60.00
2026/09/14 16:22:53.162, 13.35, 210, 1, 43, 60.00
2026/09/14 16:22:53.179, 13.35, 210, 1, 43, 60.00
2026/09/14 16:22:53.194, 13.34, 210, 1, 43, 60.00
2026/09/14 16:22:53.210, 13.34, 210, 1, 43, 60.00
2026/09/14 16:22:53.226, 13.34, 210, 1, 43, 60.00
2026/09/14 16:22:53.242, 13.34, 210, 1, 43, 60.00
2026/09/14 16:22:53.257, 13.34, 210, 1, 43, 60.00
2026/09/14 16:22:53.272, 13.34, 210, 1, 43, 60.00
2026/09/14 16:22:53.288, 13.34, 210, 1, 43, 60.00
2026/09/14 16:22:53.304, 13.33, 210, 0, 43, 60.00
2026/09/14 16:22:53.319, 13.33, 210, 0, 43, 60.00
2026/09/14 16:22:53.335, 13.33, 210, 0, 43, 60.00
2026/09/14 16:22:53.350, 13.33, 210, 0, 43, 60.00
2026/09/14 16:22:53.366, 13.33, 210, 0, 43, 60.00
2026/09/14 16:22:53.381, 13.33, 210, 0, 43, 60.00
2026/09/14 16:22:53.397, 13.32, 210, 0, 43, 60.00
2026/09/14 16:22:53.412, 13.32, 210, 0, 43, 60.00
2026/09/14 16:22:53.427, 13.32, 210, 0, 43, 60.00
2026/09/14 16:22:53.443, 13.32, 210, 0, 43, 60.00
2026/09/14 16:22:53.458, 13.32, 210, 0, 43, 60.00
2026/09/14 16:22:53.475, 13.32, 210, 0, 43, 60.00
2026/09/14 16:22:53.506, 13.35, 210, 1, 43, 60.00
2026/09/14 16:22:53.521, 13.35, 210, 1, 43, 60.00
2026/09/14 16:22:53.537, 13.35, 210, 1, 43, 60.00
2026/09/14 16:22:53.569, 13.35, 210, 1, 43, 60.00
2026/09/14 16:22:53.584, 13.35, 210, 1, 43, 60.00
2026/09/14 16:22:53.600, 13.37, 210, 1, 43, 60.00
2026/09/14 16:22:53.615, 13.37, 210, 1, 43, 60.00
2026/09/14 16:22:53.631, 13.37, 210, 1, 43, 60.00
2026/09/14 16:22:53.647, 13.37, 210, 1, 43, 60.00
2026/09/14 16:22:53.663, 13.37, 210, 1, 43, 60.00
2026/09/14 16:22:53.679, 13.37, 210, 1, 43, 60.00
2026/09/14 16:22:53.694, 13.43, 210, 1, 43, 60.00
2026/09/14 16:22:53.710, 13.43, 210, 3, 43, 60.00
2026/09/14 16:22:53.725, 13.43, 210, 3, 43, 60.00
2026/09/14 16:22:53.740, 13.43, 210, 3, 43, 60.00
2026/09/14 16:22:53.756, 13.43, 210, 3, 43, 60.00
2026/09/14 16:22:53.773, 13.43, 210, 3, 43, 60.00
2026/09/14 16:22:53.789, 13.43, 210, 3, 43, 60.00
2026/09/14 16:22:53.805, 13.40, 210, 3, 43, 60.00
2026/09/14 16:22:53.820, 13.40, 210, 3, 43, 60.00
2026/09/14 16:22:53.836, 13.40, 210, 3, 43, 60.00
2026/09/14 16:22:53.852, 13.40, 210, 3, 43, 60.00
2026/09/14 16:22:53.868, 13.40, 210, 3, 43, 60.00
2026/09/14 16:22:53.885, 13.40, 210, 3, 43, 60.00
2026/09/14 16:22:53.901, 13.40, 210, 0, 43, 60.00
2026/09/14 16:22:53.917, 13.40, 210, 0, 43, 60.00
2026/09/14 16:22:53.933, 13.40, 210, 0, 43, 60.00
2026/09/14 16:22:53.949, 13.40, 210, 0, 43, 60.00
2026/09/14 16:22:53.964, 13.40, 210, 0, 43, 60.00
2026/09/14 16:22:53.980, 13.40, 210, 0, 43, 60.00
2026/09/14 16:22:53.995, 13.39, 210, 0, 43, 60.00
2026/09/14 16:22:54.026, 13.39, 210, 0, 43, 60.00
2026/09/14 16:22:54.041, 13.39, 210, 0, 43, 60.00
2026/09/14 16:22:54.057, 13.39, 210, 0, 43, 60.00
2026/09/14 16:22:54.072, 13.39, 210, 0, 43, 60.00
2026/09/14 16:22:54.088, 13.39, 210, 0, 43, 60.00
2026/09/14 16:22:54.104, 13.40, 210, 1, 43, 60.00
2026/09/14 16:22:54.119, 13.40, 210, 1, 43, 60.00
2026/09/14 16:22:54.134, 13.40, 210, 1, 43, 60.00
2026/09/14 16:22:54.150, 13.40, 210, 1, 43, 60.00
2026/09/14 16:22:54.166, 13.40, 210, 1, 43, 60.00
2026/09/14 16:22:54.181, 13.40, 210, 1, 43, 60.00
2026/09/14 16:22:54.197, 13.40, 210, 1, 43, 60.00
2026/09/14 16:22:54.213, 13.40, 210, 1, 43, 60.00
2026/09/14 16:22:54.229, 13.40, 210, 1, 43, 60.00
2026/09/14 16:22:54.244, 13.40, 210, 1, 43, 60.00
2026/09/14 16:22:54.260, 13.40, 210, 1, 43, 60.00
2026/09/14 16:22:54.275, 13.40, 210, 1, 43, 60.00
2026/09/14 16:22:54.291, 13.40, 210, 1, 43, 60.00
2026/09/14 16:22:54.306, 13.43, 210, 0, 43, 60.00
2026/09/14 16:22:54.322, 13.43, 210, 0, 43, 60.00
2026/09/14 16:22:54.338, 13.43, 210, 0, 43, 60.00
2026/09/14 16:22:54.354, 13.43, 210, 0, 43, 60.00
2026/09/14 16:22:54.369, 13.43, 210, 0, 43, 60.00
2026/09/14 16:22:54.384, 13.43, 210, 0, 43, 60.00
2026/09/14 16:22:54.399, 13.41, 210, 0, 43, 60.00
2026/09/14 16:22:54.415, 13.41, 210, 0, 43, 60.00
2026/09/14 16:22:54.430, 13.41, 210, 0, 43, 60.00
2026/09/14 16:22:54.446, 13.41, 210, 0, 43, 60.00
2026/09/14 16:22:54.477, 13.41, 210, 0, 43, 60.00
2026/09/14 16:22:54.493, 13.41, 210, 0, 43, 60.00
2026/09/14 16:22:54.509, 13.41, 210, 0, 43, 60.00
2026/09/14 16:22:54.525, 13.41, 210, 0, 43, 60.00
2026/09/14 16:22:54.541, 13.41, 210, 0, 43, 60.00
2026/09/14 16:22:54.573, 13.41, 210, 0, 43, 60.00
2026/09/14 16:22:54.588, 13.41, 210, 0, 43, 60.00
2026/09/14 16:22:54.604, 13.42, 210, 0, 43, 60.00
2026/09/14 16:22:54.619, 13.42, 210, 0, 43, 60.00
2026/09/14 16:22:54.634, 13.42, 210, 0, 43, 60.00
2026/09/14 16:22:54.650, 13.42, 210, 0, 43, 60.00
2026/09/14 16:22:54.666, 13.42, 210, 0, 43, 60.00
2026/09/14 16:22:54.682, 13.42, 210, 0, 43, 60.00
2026/09/14 16:22:54.698, 13.43, 210, 2, 43, 60.00
2026/09/14 16:22:54.713, 13.43, 210, 2, 43, 60.00
2026/09/14 16:22:54.729, 13.43, 210, 2, 43, 60.00
2026/09/14 16:22:54.744, 13.43, 210, 2, 43, 60.00
2026/09/14 16:22:54.760, 13.43, 210, 2, 43, 60.00
2026/09/14 16:22:54.776, 13.43, 210, 2, 43, 60.00
2026/09/14 16:22:54.791, 13.43, 210, 2, 43, 60.00
2026/09/14 16:22:54.806, 13.35, 210, 2, 43, 60.00
2026/09/14 16:22:54.822, 13.35, 210, 2, 43, 60.00
2026/09/14 16:22:54.838, 13.35, 210, 2, 43, 60.00
2026/09/14 16:22:54.853, 13.35, 210, 2, 43, 60.00
2026/09/14 16:22:54.868, 13.35, 210, 2, 43, 60.00
2026/09/14 16:22:54.884, 13.35, 210, 2, 43, 60.00
2026/09/14 16:22:54.899, 13.32, 210, 0, 43, 60.00
2026/09/14 16:22:54.930, 13.32, 210, 0, 43, 60.00
2026/09/14 16:22:54.946, 13.32, 210, 0, 43, 60.00
2026/09/14 16:22:54.962, 13.32, 210, 0, 43, 60.00
2026/09/14 16:22:54.977, 13.32, 210, 0, 43, 60.00
2026/09/14 16:22:54.993, 13.32, 210, 0, 43, 60.00
2026/09/14 16:22:55.008, 13.39, 210, 0, 43, 60.00
2026/09/14 16:22:55.024, 13.39, 210, 0, 43, 60.00
2026/09/14 16:22:55.041, 13.39, 210, 0, 43, 60.00
2026/09/14 16:22:55.056, 13.39, 210, 0, 43, 60.00
2026/09/14 16:22:55.072, 13.39, 210, 0, 43, 60.00
2026/09/14 16:22:55.102, 13.42, 210, 2, 43, 60.00
2026/09/14 16:22:55.118, 13.42, 210, 2, 43, 60.00
2026/09/14 16:22:55.134, 13.42, 210, 2, 43, 60.00
2026/09/14 16:22:55.150, 13.42, 210, 2, 43, 60.00
2026/09/14 16:22:55.166, 13.42, 210, 2, 43, 60.00
2026/09/14 16:22:55.182, 13.42, 210, 2, 43, 60.00
2026/09/14 16:22:55.198, 13.41, 210, 2, 43, 60.00
2026/09/14 16:22:55.213, 13.41, 210, 2, 43, 60.00
2026/09/14 16:22:55.228, 13.41, 210, 2, 43, 60.00
2026/09/14 16:22:55.260, 13.41, 210, 2, 43, 60.00
2026/09/14 16:22:55.276, 13.41, 210, 2, 43, 60.00
2026/09/14 16:22:55.292, 13.41, 210, 2, 43, 60.00
2026/09/14 16:22:55.308, 13.46, 210, 2, 43, 60.00
2026/09/14 16:22:55.324, 13.46, 210, 2, 43, 60.00
2026/09/14 16:22:55.340, 13.46, 210, 2, 43, 60.00
2026/09/14 16:22:55.355, 13.46, 210, 2, 43, 60.00
2026/09/14 16:22:55.387, 13.46, 210, 2, 43, 60.00
2026/09/14 16:22:55.402, 13.49, 210, 2, 43, 60.00
2026/09/14 16:22:55.418, 13.49, 210, 2, 43, 60.00
2026/09/14 16:22:55.434, 13.49, 210, 2, 43, 60.00
2026/09/14 16:22:55.449, 13.49, 210, 2, 43, 60.00
2026/09/14 16:22:55.465, 13.49, 210, 2, 43, 60.00
2026/09/14 16:22:55.480, 13.49, 210, 2, 43, 60.00
2026/09/14 16:22:55.496, 13.49, 210, 2, 43, 60.00
2026/09/14 16:22:55.512, 13.60, 210, 1, 43, 60.00
2026/09/14 16:22:55.527, 13.60, 210, 1, 43, 60.00
2026/09/14 16:22:55.543, 13.60, 210, 1, 43, 60.00
2026/09/14 16:22:55.558, 13.60, 210, 1, 43, 60.00
2026/09/14 16:22:55.574, 13.60, 210, 1, 43, 60.00
2026/09/14 16:22:55.590, 13.60, 210, 1, 43, 60.00
2026/09/14 16:22:55.605, 13.62, 210, 1, 43, 60.00
2026/09/14 16:22:55.621, 13.62, 210, 1, 43, 60.00
2026/09/14 16:22:55.651, 13.62, 210, 1, 43, 60.00
2026/09/14 16:22:55.667, 13.62, 210, 1, 43, 60.00
2026/09/14 16:22:55.683, 13.62, 210, 1, 43, 60.00
2026/09/14 16:22:55.698, 13.65, 210, 2, 43, 60.00
2026/09/14 16:22:55.713, 13.65, 210, 2, 43, 60.00
2026/09/14 16:22:55.744, 13.65, 210, 2, 43, 60.00
2026/09/14 16:22:55.760, 13.65, 210, 2, 43, 60.00
2026/09/14 16:22:55.776, 13.65, 210, 2, 43, 60.00
2026/09/14 16:22:55.791, 13.65, 210, 2, 43, 60.00
2026/09/14 16:22:55.806, 13.62, 210, 2, 43, 60.00
2026/09/14 16:22:55.838, 13.62, 210, 2, 43, 60.00
2026/09/14 16:22:55.853, 13.62, 210, 2, 43, 60.00
2026/09/14 16:22:55.869, 13.62, 210, 2, 43, 60.00
2026/09/14 16:22:55.884, 13.62, 210, 2, 43, 60.00
2026/09/14 16:22:55.900, 13.65, 210, 1, 43, 60.00
2026/09/14 16:22:55.916, 13.65, 210, 1, 43, 60.00
2026/09/14 16:22:55.932, 13.65, 210, 1, 43, 60.00
2026/09/14 16:22:55.948, 13.65, 210, 1, 43, 60.00
2026/09/14 16:22:55.964, 13.65, 210, 1, 43, 60.00
2026/09/14 16:22:55.979, 13.65, 210, 1, 43, 60.00
2026/09/14 16:22:55.995, 13.66, 210, 1, 43, 60.00
2026/09/14 16:22:56.010, 13.66, 210, 1, 43, 60.00
2026/09/14 16:22:56.026, 13.66, 210, 1, 43, 60.00
2026/09/14 16:22:56.041, 13.66, 210, 1, 43, 60.00
2026/09/14 16:22:56.057, 13.66, 210, 1, 43, 60.00
2026/09/14 16:22:56.072, 13.66, 210, 1, 43, 60.00
2026/09/14 16:22:56.088, 13.66, 210, 1, 43, 60.00
2026/09/14 16:22:56.104, 13.62, 210, 0, 43, 60.00
2026/09/14 16:22:56.120, 13.62, 210, 0, 43, 60.00
2026/09/14 16:22:56.152, 13.62, 210, 0, 43, 60.00
2026/09/14 16:22:56.168, 13.62, 210, 0, 43, 60.00
2026/09/14 16:22:56.183, 13.62, 210, 0, 43, 60.00
2026/09/14 16:22:56.199, 13.62, 210, 0, 43, 60.00
2026/09/14 16:22:56.215, 13.62, 210, 0, 43, 60.00
2026/09/14 16:22:56.231, 13.62, 210, 0, 43, 60.00
2026/09/14 16:22:56.246, 13.62, 210, 0, 43, 60.00
2026/09/14 16:22:56.262, 13.62, 210, 0, 43, 60.00
2026/09/14 16:22:56.293, 13.58, 210, 0, 43, 60.00
2026/09/14 16:22:56.309, 13.58, 210, 1, 43, 60.00
2026/09/14 16:22:56.325, 13.58, 210, 1, 43, 60.00
2026/09/14 16:22:56.341, 13.58, 210, 1, 43, 60.00
2026/09/14 16:22:56.356, 13.58, 210, 1, 43, 60.00
2026/09/14 16:22:56.372, 13.58, 210, 1, 43, 60.00
2026/09/14 16:22:56.388, 13.58, 210, 1, 43, 60.00
2026/09/14 16:22:56.403, 13.53, 210, 1, 43, 60.00
2026/09/14 16:22:56.419, 13.53, 210, 1, 43, 60.00
2026/09/14 16:22:56.434, 13.53, 210, 1, 43, 60.00
2026/09/14 16:22:56.450, 13.53, 210, 1, 43, 60.00
2026/09/14 16:22:56.466, 13.53, 210, 1, 43, 60.00
2026/09/14 16:22:56.482, 13.53, 210, 1, 43, 60.00
2026/09/14 16:22:56.498, 13.48, 210, 0, 43, 60.00
2026/09/14 16:22:56.513, 13.48, 210, 0, 43, 60.00
2026/09/14 16:22:56.529, 13.48, 210, 0, 43, 60.00
2026/09/14 16:22:56.545, 13.48, 210, 0, 43, 60.00
2026/09/14 16:22:56.560, 13.48, 210, 0, 43, 60.00
2026/09/14 16:22:56.576, 13.48, 210, 0, 43, 60.00
2026/09/14 16:22:56.591, 13.48, 210, 0, 43, 60.00
2026/09/14 16:22:56.607, 13.40, 210, 0, 43, 60.00
2026/09/14 16:22:56.623, 13.40, 210, 0, 43, 60.00
2026/09/14 16:22:56.639, 13.40, 210, 0, 43, 60.00
2026/09/14 16:22:56.654, 13.40, 210, 0, 43, 60.00
2026/09/14 16:22:56.684, 13.40, 210, 0, 43, 60.00
2026/09/14 16:22:56.700, 13.39, 210, 2, 43, 60.00
2026/09/14 16:22:56.716, 13.39, 210, 2, 43, 60.00
2026/09/14 16:22:56.747, 13.39, 210, 2, 43, 60.00
2026/09/14 16:22:56.763, 13.39, 210, 2, 43, 60.00
2026/09/14 16:22:56.779, 13.39, 210, 2, 43, 60.00
2026/09/14 16:22:56.794, 13.32, 210, 2, 43, 60.00
2026/09/14 16:22:56.809, 13.32, 210, 2, 43, 60.00
2026/09/14 16:22:56.825, 13.32, 210, 2, 43, 60.00
2026/09/14 16:22:56.840, 13.32, 210, 2, 43, 60.00
2026/09/14 16:22:56.856, 13.32, 210, 2, 43, 60.00
2026/09/14 16:22:56.871, 13.32, 210, 2, 43, 60.00
2026/09/14 16:22:56.886, 13.32, 210, 2, 43, 60.00
2026/09/14 16:22:56.902, 13.31, 210, 0, 43, 60.00
2026/09/14 16:22:56.916, 13.31, 210, 0, 43, 60.00
2026/09/14 16:22:56.932, 13.31, 210, 0, 43, 60.00
2026/09/14 16:22:56.948, 13.31, 210, 0, 43, 60.00
2026/09/14 16:22:56.963, 13.31, 210, 0, 43, 60.00
2026/09/14 16:22:56.995, 13.34, 210, 0, 43, 60.00
2026/09/14 16:22:57.010, 13.34, 210, 0, 43, 60.00
2026/09/14 16:22:57.025, 13.34, 210, 0, 43, 60.00
2026/09/14 16:22:57.041, 13.34, 210, 0, 43, 60.00
2026/09/14 16:22:57.056, 13.34, 210, 0, 43, 60.00
2026/09/14 16:22:57.071, 13.34, 210, 0, 43, 60.00
2026/09/14 16:22:57.087, 13.34, 210, 0, 43, 60.00
2026/09/14 16:22:57.103, 13.34, 210, 1, 43, 60.00
2026/09/14 16:22:57.119, 13.34, 210, 1, 43, 60.00
2026/09/14 16:22:57.134, 13.34, 210, 1, 43, 60.00
2026/09/14 16:22:57.150, 13.34, 210, 1, 43, 60.00
2026/09/14 16:22:57.165, 13.34, 210, 1, 43, 60.00
2026/09/14 16:22:57.180, 13.39, 210, 1, 43, 60.00
2026/09/14 16:22:57.226, 13.39, 210, 1, 43, 60.00
2026/09/14 16:22:57.241, 13.39, 210, 1, 43, 60.00
2026/09/14 16:22:57.257, 13.39, 210, 1, 43, 60.00
2026/09/14 16:22:57.272, 13.39, 210, 1, 43, 60.00
2026/09/14 16:22:57.288, 13.39, 210, 1, 43, 60.00
2026/09/14 16:22:57.304, 13.36, 210, 1, 43, 60.00
2026/09/14 16:22:57.320, 13.36, 210, 1, 43, 60.00
2026/09/14 16:22:57.335, 13.36, 210, 1, 43, 60.00
2026/09/14 16:22:57.351, 13.36, 210, 1, 43, 60.00
2026/09/14 16:22:57.367, 13.36, 210, 1, 43, 60.00
2026/09/14 16:22:57.382, 13.36, 210, 1, 43, 60.00
2026/09/14 16:22:57.398, 13.37, 210, 1, 43, 60.00
2026/09/14 16:22:57.414, 13.37, 210, 1, 43, 60.00
2026/09/14 16:22:57.429, 13.37, 210, 1, 43, 60.00
2026/09/14 16:22:57.445, 13.37, 210, 1, 43, 60.00
2026/09/14 16:22:57.461, 13.37, 210, 1, 43, 60.00
2026/09/14 16:22:57.477, 13.37, 210, 1, 43, 60.00
2026/09/14 16:22:57.493, 13.37, 210, 1, 43, 60.00
2026/09/14 16:22:57.508, 13.37, 210, 0, 43, 60.00
2026/09/14 16:22:57.524, 13.37, 210, 0, 43, 60.00
2026/09/14 16:22:57.539, 13.37, 210, 0, 43, 60.00
2026/09/14 16:22:57.554, 13.37, 210, 0, 43, 60.00
2026/09/14 16:22:57.570, 13.37, 210, 0, 43, 60.00
2026/09/14 16:22:57.586, 13.37, 210, 0, 43, 60.00
2026/09/14 16:22:57.601, 13.40, 210, 0, 43, 60.00
2026/09/14 16:22:57.617, 13.40, 210, 0, 43, 60.00
2026/09/14 16:22:57.633, 13.40, 210, 0, 43, 60.00
2026/09/14 16:22:57.648, 13.40, 210, 0, 43, 60.00
2026/09/14 16:22:57.679, 13.40, 210, 0, 43, 60.00
2026/09/14 16:22:57.694, 13.43, 210, 0, 43, 60.00
2026/09/14 16:22:57.709, 13.43, 210, 1, 43, 60.00
2026/09/14 16:22:57.726, 13.43, 210, 1, 43, 60.00
2026/09/14 16:22:57.741, 13.43, 210, 1, 43, 60.00
2026/09/14 16:22:57.757, 13.43, 210, 1, 43, 60.00
2026/09/14 16:22:57.773, 13.43, 210, 1, 43, 60.00
2026/09/14 16:22:57.789, 13.43, 210, 1, 43, 60.00
2026/09/14 16:22:57.805, 13.42, 210, 1, 43, 60.00
2026/09/14 16:22:57.820, 13.42, 210, 1, 43, 60.00
2026/09/14 16:22:57.835, 13.42, 210, 1, 43, 60.00
2026/09/14 16:22:57.851, 13.42, 210, 1, 43, 60.00
2026/09/14 16:22:57.867, 13.42, 210, 1, 43, 60.00
2026/09/14 16:22:57.882, 13.42, 210, 1, 43, 60.00
2026/09/14 16:22:57.898, 13.41, 210, 1, 43, 60.00
2026/09/14 16:22:57.929, 13.41, 210, 1, 43, 60.00
2026/09/14 16:22:57.945, 13.41, 210, 1, 43, 60.00
2026/09/14 16:22:57.961, 13.41, 210, 1, 43, 60.00
2026/09/14 16:22:57.977, 13.41, 210, 1, 43, 60.00
2026/09/14 16:22:57.993, 13.43, 210, 1, 43, 60.00
2026/09/14 16:22:58.009, 13.43, 210, 1, 43, 60.00
2026/09/14 16:22:58.024, 13.43, 210, 1, 43, 60.00
2026/09/14 16:22:58.041, 13.43, 210, 1, 43, 60.00
2026/09/14 16:22:58.056, 13.43, 210, 1, 43, 60.00
2026/09/14 16:22:58.072, 13.43, 210, 1, 43, 60.00
2026/09/14 16:22:58.087, 13.43, 210, 1, 43, 60.00
2026/09/14 16:22:58.103, 13.36, 210, 0, 43, 60.00
2026/09/14 16:22:58.134, 13.36, 210, 0, 43, 60.00
2026/09/14 16:22:58.149, 13.36, 210, 0, 43, 60.00
2026/09/14 16:22:58.164, 13.36, 210, 0, 43, 60.00
2026/09/14 16:22:58.180, 13.36, 210, 0, 43, 60.00
2026/09/14 16:22:58.196, 13.37, 210, 0, 43, 60.00
2026/09/14 16:22:58.226, 13.37, 210, 0, 43, 60.00
2026/09/14 16:22:58.241, 13.37, 210, 0, 43, 60.00
2026/09/14 16:22:58.257, 13.37, 210, 0, 43, 60.00
2026/09/14 16:22:58.272, 13.37, 210, 0, 43, 60.00
2026/09/14 16:22:58.288, 13.37, 210, 0, 43, 60.00
2026/09/14 16:22:58.303, 13.36, 210, 1, 43, 60.00
2026/09/14 16:22:58.318, 13.36, 210, 1, 43, 60.00
2026/09/14 16:22:58.333, 13.36, 210, 1, 43, 60.00
2026/09/14 16:22:58.349, 13.36, 210, 1, 43, 60.00
2026/09/14 16:22:58.365, 13.36, 210, 1, 43, 60.00
2026/09/14 16:22:58.380, 13.36, 210, 1, 43, 60.00
2026/09/14 16:22:58.395, 13.35, 210, 1, 43, 60.00
2026/09/14 16:22:58.411, 13.35, 210, 1, 43, 60.00
2026/09/14 16:22:58.426, 13.35, 210, 1, 43, 60.00
2026/09/14 16:22:58.442, 13.35, 210, 1, 43, 60.00
2026/09/14 16:22:58.458, 13.35, 210, 1, 43, 60.00
2026/09/14 16:22:58.489, 13.35, 210, 1, 43, 60.00
2026/09/14 16:22:58.504, 13.35, 210, 1, 43, 60.00
2026/09/14 16:22:58.520, 13.35, 210, 1, 43, 60.00
2026/09/14 16:22:58.536, 13.35, 210, 1, 43, 60.00
2026/09/14 16:22:58.551, 13.35, 210, 1, 43, 60.00
2026/09/14 16:22:58.568, 13.35, 210, 1, 43, 60.00
2026/09/14 16:22:58.600, 13.40, 210, 1, 43, 60.00
2026/09/14 16:22:58.616, 13.40, 210, 1, 43, 60.00
2026/09/14 16:22:58.631, 13.40, 210, 1, 43, 60.00
2026/09/14 16:22:58.663, 13.40, 210, 1, 43, 60.00
2026/09/14 16:22:58.679, 13.40, 210, 1, 43, 60.00
2026/09/14 16:22:58.694, 13.45, 210, 1, 43, 60.00
2026/09/14 16:22:58.709, 13.45, 210, 2, 43, 60.00
2026/09/14 16:22:58.725, 13.45, 210, 2, 43, 60.00
2026/09/14 16:22:58.741, 13.45, 210, 2, 43, 60.00
2026/09/14 16:22:58.756, 13.45, 210, 2, 43, 60.00
2026/09/14 16:22:58.771, 13.45, 210, 2, 43, 60.00
2026/09/14 16:22:58.802, 13.43, 210, 2, 43, 60.00
2026/09/14 16:22:58.817, 13.43, 210, 2, 43, 60.00
2026/09/14 16:22:58.833, 13.43, 210, 2, 43, 60.00
2026/09/14 16:22:58.849, 13.43, 210, 2, 43, 60.00
2026/09/14 16:22:58.865, 13.43, 210, 2, 43, 60.00
2026/09/14 16:22:58.880, 13.43, 210, 2, 43, 60.00
2026/09/14 16:22:58.896, 13.41, 210, 1, 43, 60.00
2026/09/14 16:22:58.911, 13.41, 210, 1, 43, 60.00
2026/09/14 16:22:58.927, 13.41, 210, 1, 43, 60.00
2026/09/14 16:22:58.943, 13.41, 210, 1, 43, 60.00
2026/09/14 16:22:58.959, 13.41, 210, 1, 43, 60.00
2026/09/14 16:22:58.974, 13.41, 210, 1, 43, 60.00
2026/09/14 16:22:58.991, 13.41, 210, 1, 43, 60.00
2026/09/14 16:22:59.006, 13.40, 210, 1, 43, 60.00
2026/09/14 16:22:59.021, 13.40, 210, 1, 43, 60.00
2026/09/14 16:22:59.053, 13.40, 210, 1, 43, 60.00
2026/09/14 16:22:59.068, 13.40, 210, 1, 43, 60.00
2026/09/14 16:22:59.083, 13.40, 210, 1, 43, 60.00
2026/09/14 16:22:59.099, 13.40, 210, 0, 43, 60.00
2026/09/14 16:22:59.115, 13.40, 210, 0, 43, 60.00
2026/09/14 16:22:59.130, 13.40, 210, 0, 43, 60.00
2026/09/14 16:22:59.145, 13.40, 210, 0, 43, 60.00
2026/09/14 16:22:59.176, 13.40, 210, 0, 43, 60.00
2026/09/14 16:22:59.191, 13.40, 210, 0, 43, 60.00
2026/09/14 16:22:59.207, 13.40, 210, 0, 43, 60.00
2026/09/14 16:22:59.223, 13.40, 210, 0, 43, 60.00
2026/09/14 16:22:59.238, 13.40, 210, 0, 43, 60.00
2026/09/14 16:22:59.254, 13.40, 210, 0, 43, 60.00
2026/09/14 16:22:59.269, 13.40, 210, 0, 43, 60.00
2026/09/14 16:22:59.285, 13.40, 210, 0, 43, 60.00
2026/09/14 16:22:59.301, 13.40, 210, 0, 43, 60.00
2026/09/14 16:22:59.317, 13.40, 210, 0, 43, 60.00
2026/09/14 16:22:59.332, 13.40, 210, 0, 43, 60.00
2026/09/14 16:22:59.348, 13.40, 210, 0, 43, 60.00
2026/09/14 16:22:59.364, 13.40, 210, 0, 43, 60.00
2026/09/14 16:22:59.380, 13.40, 210, 0, 43, 60.00
2026/09/14 16:22:59.395, 13.42, 210, 0, 43, 60.00
2026/09/14 16:22:59.426, 13.42, 210, 0, 43, 60.00
2026/09/14 16:22:59.442, 13.42, 210, 0, 43, 60.00
2026/09/14 16:22:59.457, 13.42, 210, 0, 43, 60.00
2026/09/14 16:22:59.473, 13.42, 210, 0, 43, 60.00
2026/09/14 16:22:59.504, 13.40, 210, 1, 43, 60.00
2026/09/14 16:22:59.519, 13.40, 210, 1, 43, 60.00
2026/09/14 16:22:59.535, 13.40, 210, 1, 43, 60.00
2026/09/14 16:22:59.551, 13.40, 210, 1, 43, 60.00
2026/09/14 16:22:59.567, 13.40, 210, 1, 43, 60.00
2026/09/14 16:22:59.583, 13.40, 210, 1, 43, 60.00
2026/09/14 16:22:59.598, 13.41, 210, 1, 43, 60.00
2026/09/14 16:22:59.615, 13.41, 210, 1, 43, 60.00
2026/09/14 16:22:59.630, 13.41, 210, 1, 43, 60.00
2026/09/14 16:22:59.660, 13.41, 210, 1, 43, 60.00
2026/09/14 16:22:59.676, 13.41, 210, 1, 43, 60.00
2026/09/14 16:22:59.692, 13.41, 210, 1, 43, 60.00
2026/09/14 16:22:59.708, 13.38, 210, 1, 43, 60.00
2026/09/14 16:22:59.724, 13.38, 210, 1, 43, 60.00
2026/09/14 16:22:59.740, 13.38, 210, 1, 43, 60.00
2026/09/14 16:22:59.755, 13.38, 210, 1, 43, 60.00
2026/09/14 16:22:59.771, 13.38, 210, 1, 43, 60.00
2026/09/14 16:22:59.787, 13.38, 210, 1, 43, 60.00
2026/09/14 16:22:59.803, 13.35, 210, 1, 43, 60.00
2026/09/14 16:22:59.818, 13.35, 210, 1, 43, 60.00
2026/09/14 16:22:59.835, 13.35, 210, 1, 43, 60.00
2026/09/14 16:22:59.866, 13.35, 210, 1, 43, 60.00
2026/09/14 16:22:59.881, 13.35, 210, 1, 43, 60.00
2026/09/14 16:22:59.897, 13.35, 210, 1, 43, 60.00
2026/09/14 16:22:59.928, 13.35, 210, 1, 43, 60.00
2026/09/14 16:22:59.960, 13.35, 210, 1, 43, 60.00
2026/09/14 16:22:59.990, 13.35, 210, 1, 43, 60.00
2026/09/14 16:23:00.006, 13.36, 210, 1, 43, 60.00
2026/09/14 16:23:00.021, 13.36, 210, 1, 43, 60.00
2026/09/14 16:23:00.037, 13.36, 210, 1, 43, 60.00
2026/09/14 16:23:00.053, 13.36, 210, 1, 43, 60.00
2026/09/14 16:23:00.069, 13.36, 210, 1, 43, 60.00
2026/09/14 16:23:00.085, 13.36, 210, 1, 43, 60.00
2026/09/14 16:23:00.101, 13.44, 210, 1, 43, 60.00
2026/09/14 16:23:00.116, 13.44, 210, 1, 43, 60.00
2026/09/14 16:23:00.132, 13.44, 210, 1, 43, 60.00
2026/09/14 16:23:00.148, 13.44, 210, 1, 43, 60.00
2026/09/14 16:23:00.163, 13.44, 210, 1, 43, 60.00
2026/09/14 16:23:00.178, 13.44, 210, 1, 43, 60.00
2026/09/14 16:23:00.194, 13.49, 210, 1, 43, 60.00
2026/09/14 16:23:00.225, 13.49, 210, 1, 43, 60.00
2026/09/14 16:23:00.242, 13.49, 210, 1, 43, 60.00
2026/09/14 16:23:00.258, 13.49, 210, 1, 43, 60.00
2026/09/14 16:23:00.274, 13.49, 210, 1, 43, 60.00
2026/09/14 16:23:00.289, 13.49, 210, 1, 43, 60.00
2026/09/14 16:23:00.305, 13.52, 210, 2, 43, 60.00
2026/09/14 16:23:00.320, 13.52, 210, 2, 43, 60.00
2026/09/14 16:23:00.336, 13.52, 210, 2, 43, 60.00
2026/09/14 16:23:00.352, 13.52, 210, 2, 43, 60.00
2026/09/14 16:23:00.368, 13.52, 210, 2, 43, 60.00
2026/09/14 16:23:00.384, 13.52, 210, 2, 43, 60.00
2026/09/14 16:23:00.416, 13.61, 210, 2, 43, 60.00
2026/09/14 16:23:00.448, 13.61, 210, 2, 43, 60.00
2026/09/14 16:23:00.464, 13.61, 210, 2, 43, 60.00
2026/09/14 16:23:00.479, 13.61, 210, 2, 43, 60.00
2026/09/14 16:23:00.495, 13.60, 210, 2, 43, 60.00
2026/09/14 16:23:00.510, 13.60, 210, 2, 43, 60.00
2026/09/14 16:23:00.541, 13.60, 210, 2, 43, 60.00
2026/09/14 16:23:00.556, 13.60, 210, 2, 43, 60.00
2026/09/14 16:23:00.571, 13.60, 210, 2, 43, 60.00
2026/09/14 16:23:00.587, 13.60, 210, 2, 43, 60.00
2026/09/14 16:23:00.602, 13.65, 210, 2, 43, 60.00
2026/09/14 16:23:00.617, 13.65, 210, 2, 43, 60.00
2026/09/14 16:23:00.648, 13.65, 210, 2, 43, 60.00
2026/09/14 16:23:00.664, 13.65, 210, 2, 43, 60.00
2026/09/14 16:23:00.680, 13.65, 210, 2, 43, 60.00
2026/09/14 16:23:00.696, 13.67, 210, 2, 43, 60.00
2026/09/14 16:23:00.710, 13.67, 210, 2, 43, 60.00
2026/09/14 16:23:00.726, 13.67, 210, 2, 43, 60.00
2026/09/14 16:23:00.742, 13.67, 210, 2, 43, 60.00
2026/09/14 16:23:00.758, 13.67, 210, 2, 43, 60.00
2026/09/14 16:23:00.774, 13.67, 210, 2, 43, 60.00
2026/09/14 16:23:00.789, 13.67, 210, 2, 43, 60.00
2026/09/14 16:23:00.804, 13.66, 210, 2, 43, 60.00
2026/09/14 16:23:00.820, 13.66, 210, 2, 43, 60.00
2026/09/14 16:23:00.836, 13.66, 210, 2, 43, 60.00
2026/09/14 16:23:00.868, 13.66, 210, 2, 43, 60.00
2026/09/14 16:23:00.884, 13.66, 210, 2, 43, 60.00
2026/09/14 16:23:00.900, 13.68, 210, 2, 43, 60.00
2026/09/14 16:23:00.931, 13.68, 210, 2, 43, 60.00
2026/09/14 16:23:00.947, 13.68, 210, 2, 43, 60.00
2026/09/14 16:23:00.963, 13.68, 210, 2, 43, 60.00
2026/09/14 16:23:00.977, 13.68, 210, 2, 43, 60.00
2026/09/14 16:23:00.993, 13.68, 210, 2, 43, 60.00
2026/09/14 16:23:01.009, 13.68, 210, 2, 43, 60.00
2026/09/14 16:23:01.024, 13.68, 210, 2, 43, 60.00
2026/09/14 16:23:01.040, 13.68, 210, 2, 43, 60.00
2026/09/14 16:23:01.055, 13.68, 210, 2, 43, 60.00
2026/09/14 16:23:01.070, 13.68, 210, 2, 43, 60.00
2026/09/14 16:23:01.086, 13.68, 210, 2, 43, 60.00
2026/09/14 16:23:01.102, 13.65, 210, 1, 43, 60.00
2026/09/14 16:23:01.117, 13.65, 210, 1, 43, 60.00
2026/09/14 16:23:01.133, 13.65, 210, 1, 43, 60.00
2026/09/14 16:23:01.148, 13.65, 210, 1, 43, 60.00
2026/09/14 16:23:01.164, 13.65, 210, 1, 43, 60.00
2026/09/14 16:23:01.179, 13.65, 210, 1, 43, 60.00
2026/09/14 16:23:01.195, 13.60, 210, 1, 43, 60.00
2026/09/14 16:23:01.212, 13.60, 210, 1, 43, 60.00
2026/09/14 16:23:01.227, 13.60, 210, 1, 43, 60.00
2026/09/14 16:23:01.243, 13.60, 210, 1, 43, 60.00
2026/09/14 16:23:01.258, 13.60, 210, 1, 43, 60.00
2026/09/14 16:23:01.273, 13.60, 210, 1, 43, 60.00
2026/09/14 16:23:01.289, 13.55, 210, 1, 43, 60.00
2026/09/14 16:23:01.321, 13.55, 210, 1, 43, 60.00
2026/09/14 16:23:01.335, 13.55, 210, 1, 43, 60.00
2026/09/14 16:23:01.351, 13.55, 210, 1, 43, 60.00
2026/09/14 16:23:01.367, 13.55, 210, 1, 43, 60.00
2026/09/14 16:23:01.383, 13.55, 210, 1, 43, 60.00
2026/09/14 16:23:01.399, 13.51, 210, 1, 43, 60.00
2026/09/14 16:23:01.414, 13.51, 210, 1, 43, 60.00
2026/09/14 16:23:01.429, 13.51, 210, 1, 43, 60.00
2026/09/14 16:23:01.461, 13.51, 210, 1, 43, 60.00
2026/09/14 16:23:01.476, 13.51, 210, 1, 43, 60.00
2026/09/14 16:23:01.491, 13.51, 210, 1, 43, 60.00
2026/09/14 16:23:01.507, 13.41, 210, 1, 43, 60.00
2026/09/14 16:23:01.522, 13.41, 210, 1, 43, 60.00
2026/09/14 16:23:01.538, 13.41, 210, 1, 43, 60.00
2026/09/14 16:23:01.554, 13.41, 210, 1, 43, 60.00
2026/09/14 16:23:01.569, 13.41, 210, 1, 43, 60.00
2026/09/14 16:23:01.585, 13.41, 210, 1, 43, 60.00
2026/09/14 16:23:01.601, 13.43, 210, 1, 43, 60.00
2026/09/14 16:23:01.618, 13.43, 210, 1, 43, 60.00
2026/09/14 16:23:01.634, 13.43, 210, 1, 43, 60.00
2026/09/14 16:23:01.649, 13.43, 210, 1, 43, 60.00
2026/09/14 16:23:01.665, 13.43, 210, 1, 43, 60.00
2026/09/14 16:23:01.680, 13.43, 210, 1, 43, 60.00
2026/09/14 16:23:01.711, 13.40, 210, 2, 43, 60.00
2026/09/14 16:23:01.727, 13.40, 210, 2, 43, 60.00
2026/09/14 16:23:01.742, 13.40, 210, 2, 43, 60.00
2026/09/14 16:23:01.774, 13.40, 210, 2, 43, 60.00
2026/09/14 16:23:01.789, 13.40, 210, 2, 43, 60.00
2026/09/14 16:23:01.805, 13.35, 210, 2, 43, 60.00
2026/09/14 16:23:01.821, 13.35, 210, 2, 43, 60.00
2026/09/14 16:23:01.837, 13.35, 210, 2, 43, 60.00
2026/09/14 16:23:01.853, 13.35, 210, 2, 43, 60.00
2026/09/14 16:23:01.869, 13.35, 210, 2, 43, 60.00
2026/09/14 16:23:01.885, 13.35, 210, 2, 43, 60.00
2026/09/14 16:23:01.900, 13.34, 210, 0, 43, 60.00
2026/09/14 16:23:01.915, 13.34, 210, 0, 43, 60.00
2026/09/14 16:23:01.931, 13.34, 210, 0, 43, 60.00
2026/09/14 16:23:01.947, 13.34, 210, 0, 43, 60.00
2026/09/14 16:23:01.978, 13.34, 210, 0, 43, 60.00
2026/09/14 16:23:02.009, 13.33, 210, 0, 43, 60.00
2026/09/14 16:23:02.024, 13.33, 210, 0, 43, 60.00
2026/09/14 16:23:02.040, 13.33, 210, 0, 43, 60.00
2026/09/14 16:23:02.055, 13.33, 210, 0, 43, 60.00
2026/09/14 16:23:02.071, 13.33, 210, 0, 43, 60.00
2026/09/14 16:23:02.087, 13.33, 210, 0, 43, 60.00
2026/09/14 16:23:02.102, 13.33, 210, 1, 43, 60.00
2026/09/14 16:23:02.118, 13.33, 210, 1, 43, 60.00
2026/09/14 16:23:02.133, 13.33, 210, 1, 43, 60.00
2026/09/14 16:23:02.148, 13.33, 210, 1, 43, 60.00
2026/09/14 16:23:02.164, 13.33, 210, 1, 43, 60.00
2026/09/14 16:23:02.180, 13.33, 210, 1, 43, 60.00
2026/09/14 16:23:02.196, 13.33, 210, 1, 43, 60.00
2026/09/14 16:23:02.228, 13.33, 210, 1, 43, 60.00
2026/09/14 16:23:02.244, 13.33, 210, 1, 43, 60.00
2026/09/14 16:23:02.259, 13.33, 210, 1, 43, 60.00
2026/09/14 16:23:02.275, 13.33, 210, 1, 43, 60.00
2026/09/14 16:23:02.290, 13.33, 210, 1, 43, 60.00
2026/09/14 16:23:02.305, 13.32, 210, 1, 43, 60.00
2026/09/14 16:23:02.321, 13.32, 210, 1, 43, 60.00
2026/09/14 16:23:02.336, 13.32, 210, 1, 43, 60.00
2026/09/14 16:23:02.352, 13.32, 210, 1, 43, 60.00
2026/09/14 16:23:02.367, 13.32, 210, 1, 43, 60.00
2026/09/14 16:23:02.382, 13.32, 210, 1, 43, 60.00
2026/09/14 16:23:02.398, 13.33, 210, 1, 43, 60.00
2026/09/14 16:23:02.413, 13.33, 210, 1, 43, 60.00
2026/09/14 16:23:02.429, 13.33, 210, 1, 43, 60.00
2026/09/14 16:23:02.445, 13.33, 210, 1, 43, 60.00
2026/09/14 16:23:02.460, 13.33, 210, 1, 43, 60.00
2026/09/14 16:23:02.476, 13.33, 210, 1, 43, 60.00
2026/09/14 16:23:02.492, 13.33, 210, 1, 43, 60.00
2026/09/14 16:23:02.524, 13.33, 210, 1, 43, 60.00
2026/09/14 16:23:02.539, 13.33, 210, 1, 43, 60.00
2026/09/14 16:23:02.555, 13.33, 210, 1, 43, 60.00
2026/09/14 16:23:02.570, 13.33, 210, 1, 43, 60.00
2026/09/14 16:23:02.586, 13.33, 210, 1, 43, 60.00
2026/09/14 16:23:02.602, 13.38, 210, 1, 43, 60.00
2026/09/14 16:23:02.617, 13.38, 210, 1, 43, 60.00
2026/09/14 16:23:02.632, 13.38, 210, 1, 43, 60.00
2026/09/14 16:23:02.648, 13.38, 210, 1, 43, 60.00
2026/09/14 16:23:02.678, 13.38, 210, 1, 43, 60.00
2026/09/14 16:23:02.693, 13.35, 210, 1, 43, 60.00
2026/09/14 16:23:02.709, 13.35, 210, 1, 43, 60.00
2026/09/14 16:23:02.724, 13.35, 210, 1, 43, 60.00
2026/09/14 16:23:02.740, 13.35, 210, 1, 43, 60.00
2026/09/14 16:23:02.755, 13.35, 210, 1, 43, 60.00
2026/09/14 16:23:02.771, 13.35, 210, 1, 43, 60.00
2026/09/14 16:23:02.787, 13.35, 210, 1, 43, 60.00
2026/09/14 16:23:02.802, 13.35, 210, 1, 43, 60.00
2026/09/14 16:23:02.818, 13.35, 210, 1, 43, 60.00
2026/09/14 16:23:02.833, 13.35, 210, 1, 43, 60.00
2026/09/14 16:23:02.849, 13.35, 210, 1, 43, 60.00
2026/09/14 16:23:02.864, 13.35, 210, 1, 43, 60.00
2026/09/14 16:23:02.880, 13.35, 210, 1, 43, 60.00
2026/09/14 16:23:02.912, 13.39, 210, 1, 43, 60.00
2026/09/14 16:23:02.928, 13.39, 210, 1, 43, 60.00
2026/09/14 16:23:02.944, 13.39, 210, 1, 43, 60.00
2026/09/14 16:23:02.975, 13.39, 210, 1, 43, 60.00
2026/09/14 16:23:02.990, 13.39, 210, 1, 43, 60.00
2026/09/14 16:23:03.007, 13.35, 210, 1, 43, 60.00
2026/09/14 16:23:03.022, 13.35, 210, 1, 43, 60.00
2026/09/14 16:23:03.038, 13.35, 210, 1, 43, 60.00
2026/09/14 16:23:03.054, 13.35, 210, 1, 43, 60.00
2026/09/14 16:23:03.070, 13.35, 210, 1, 43, 60.00
2026/09/14 16:23:03.086, 13.35, 210, 1, 43, 60.00
2026/09/14 16:23:03.101, 13.36, 210, 1, 43, 60.00
2026/09/14 16:23:03.132, 13.36, 210, 1, 43, 60.00
2026/09/14 16:23:03.148, 13.36, 210, 1, 43, 60.00
2026/09/14 16:23:03.164, 13.36, 210, 1, 43, 60.00
2026/09/14 16:23:03.179, 13.36, 210, 1, 43, 60.00
2026/09/14 16:23:03.195, 13.35, 210, 1, 43, 60.00
2026/09/14 16:23:03.226, 13.35, 210, 1, 43, 60.00
2026/09/14 16:23:03.242, 13.35, 210, 1, 43, 60.00
2026/09/14 16:23:03.258, 13.35, 210, 1, 43, 60.00
2026/09/14 16:23:03.273, 13.35, 210, 1, 43, 60.00
2026/09/14 16:23:03.289, 13.35, 210, 1, 43, 60.00
2026/09/14 16:23:03.305, 13.36, 210, 1, 43, 60.00
2026/09/14 16:23:03.321, 13.36, 210, 1, 43, 60.00
2026/09/14 16:23:03.336, 13.36, 210, 1, 43, 60.00
2026/09/14 16:23:03.351, 13.36, 210, 1, 43, 60.00
2026/09/14 16:23:03.368, 13.36, 210, 1, 43, 60.00
2026/09/14 16:23:03.383, 13.36, 210, 1, 43, 60.00
2026/09/14 16:23:03.398, 13.35, 210, 1, 43, 60.00
2026/09/14 16:23:03.413, 13.35, 210, 1, 43, 60.00
2026/09/14 16:23:03.429, 13.35, 210, 1, 43, 60.00
2026/09/14 16:23:03.444, 13.35, 210, 1, 43, 60.00
2026/09/14 16:23:03.475, 13.35, 210, 1, 43, 60.00
2026/09/14 16:23:03.491, 13.35, 210, 1, 43, 60.00
2026/09/14 16:23:03.506, 13.32, 210, 0, 43, 60.00
2026/09/14 16:23:03.522, 13.32, 210, 0, 43, 60.00
2026/09/14 16:23:03.537, 13.32, 210, 0, 43, 60.00
2026/09/14 16:23:03.553, 13.32, 210, 0, 43, 60.00
2026/09/14 16:23:03.584, 13.32, 210, 0, 43, 60.00
2026/09/14 16:23:03.600, 13.38, 210, 0, 43, 60.00
2026/09/14 16:23:03.615, 13.38, 210, 0, 43, 60.00
2026/09/14 16:23:03.631, 13.38, 210, 0, 43, 60.00
2026/09/14 16:23:03.646, 13.38, 210, 0, 43, 60.00
2026/09/14 16:23:03.662, 13.38, 210, 0, 43, 60.00
2026/09/14 16:23:03.677, 13.38, 210, 0, 43, 60.00
2026/09/14 16:23:03.708, 13.35, 210, 2, 43, 60.00
2026/09/14 16:23:03.723, 13.35, 210, 2, 43, 60.00
2026/09/14 16:23:03.740, 13.35, 210, 2, 43, 60.00
2026/09/14 16:23:03.755, 13.35, 210, 2, 43, 60.00
2026/09/14 16:23:03.771, 13.35, 210, 2, 43, 60.00
2026/09/14 16:23:03.787, 13.35, 210, 2, 43, 60.00
2026/09/14 16:23:03.803, 13.34, 210, 2, 43, 60.00
2026/09/14 16:23:03.818, 13.34, 210, 2, 43, 60.00
2026/09/14 16:23:03.835, 13.34, 210, 2, 43, 60.00
2026/09/14 16:23:03.850, 13.34, 210, 2, 43, 60.00
2026/09/14 16:23:03.865, 13.34, 210, 2, 43, 60.00
2026/09/14 16:23:03.881, 13.34, 210, 2, 43, 60.00
2026/09/14 16:23:03.897, 13.33, 210, 0, 43, 60.00
2026/09/14 16:23:03.913, 13.33, 210, 0, 43, 60.00
2026/09/14 16:23:03.928, 13.33, 210, 0, 43, 60.00
2026/09/14 16:23:03.944, 13.33, 210, 0, 43, 60.00
2026/09/14 16:23:03.960, 13.33, 210, 0, 43, 60.00
2026/09/14 16:23:03.975, 13.33, 210, 0, 43, 60.00
2026/09/14 16:23:03.991, 13.35, 210, 0, 43, 60.00
2026/09/14 16:23:04.007, 13.35, 210, 0, 43, 60.00
2026/09/14 16:23:04.038, 13.35, 210, 0, 43, 60.00
2026/09/14 16:23:04.054, 13.35, 210, 0, 43, 60.00
2026/09/14 16:23:04.070, 13.35, 210, 0, 43, 60.00
2026/09/14 16:23:04.101, 13.36, 210, 1, 43, 60.00
2026/09/14 16:23:04.116, 13.36, 210, 1, 43, 60.00
2026/09/14 16:23:04.132, 13.36, 210, 1, 43, 60.00
2026/09/14 16:23:04.148, 13.36, 210, 1, 43, 60.00
2026/09/14 16:23:04.164, 13.36, 210, 1, 43, 60.00
2026/09/14 16:23:04.180, 13.36, 210, 1, 43, 60.00
2026/09/14 16:23:04.196, 13.31, 210, 1, 43, 60.00
2026/09/14 16:23:04.212, 13.31, 210, 1, 43, 60.00
2026/09/14 16:23:04.227, 13.31, 210, 1, 43, 60.00
2026/09/14 16:23:04.243, 13.31, 210, 1, 43, 60.00
2026/09/14 16:23:04.259, 13.31, 210, 1, 43, 60.00
2026/09/14 16:23:04.274, 13.31, 210, 1, 43, 60.00
2026/09/14 16:23:04.290, 13.31, 210, 1, 43, 60.00
2026/09/14 16:23:04.305, 13.30, 210, 0, 43, 60.00
2026/09/14 16:23:04.321, 13.30, 210, 0, 43, 60.00
2026/09/14 16:23:04.337, 13.30, 210, 0, 43, 60.00
2026/09/14 16:23:04.353, 13.30, 210, 0, 43, 60.00
2026/09/14 16:23:04.368, 13.30, 210, 0, 43, 60.00
2026/09/14 16:23:04.383, 13.30, 210, 0, 43, 60.00
2026/09/14 16:23:04.399, 13.30, 210, 0, 43, 60.00
2026/09/14 16:23:04.415, 13.30, 210, 0, 43, 60.00
2026/09/14 16:23:04.430, 13.30, 210, 0, 43, 60.00
2026/09/14 16:23:04.445, 13.30, 210, 0, 43, 60.00
2026/09/14 16:23:04.460, 13.30, 210, 0, 43, 60.00
2026/09/14 16:23:04.492, 13.29, 210, 0, 43, 60.00
2026/09/14 16:23:04.507, 13.29, 210, 0, 43, 60.00
2026/09/14 16:23:04.523, 13.29, 210, 0, 43, 60.00
2026/09/14 16:23:04.538, 13.29, 210, 0, 43, 60.00
2026/09/14 16:23:04.554, 13.29, 210, 0, 43, 60.00
2026/09/14 16:23:04.569, 13.29, 210, 0, 43, 60.00
2026/09/14 16:23:04.585, 13.29, 210, 0, 43, 60.00
2026/09/14 16:23:04.600, 13.34, 210, 0, 43, 60.00
2026/09/14 16:23:04.631, 13.34, 210, 0, 43, 60.00
2026/09/14 16:23:04.646, 13.34, 210, 0, 43, 60.00
2026/09/14 16:23:04.662, 13.34, 210, 0, 43, 60.00
2026/09/14 16:23:04.678, 13.34, 210, 0, 43, 60.00
2026/09/14 16:23:04.694, 13.34, 210, 1, 43, 60.00
2026/09/14 16:23:04.724, 13.34, 210, 1, 43, 60.00
2026/09/14 16:23:04.739, 13.34, 210, 1, 43, 60.00
2026/09/14 16:23:04.755, 13.34, 210, 1, 43, 60.00
2026/09/14 16:23:04.771, 13.34, 210, 1, 43, 60.00
2026/09/14 16:23:04.786, 13.34, 210, 1, 43, 60.00
2026/09/14 16:23:04.802, 13.35, 210, 1, 43, 60.00
2026/09/14 16:23:04.818, 13.35, 210, 1, 43, 60.00
2026/09/14 16:23:04.833, 13.35, 210, 1, 43, 60.00
2026/09/14 16:23:04.850, 13.35, 210, 1, 43, 60.00
2026/09/14 16:23:04.865, 13.35, 210, 1, 43, 60.00
2026/09/14 16:23:04.882, 13.35, 210, 1, 43, 60.00
2026/09/14 16:23:04.898, 13.35, 210, 1, 43, 60.00
2026/09/14 16:23:04.914, 13.35, 210, 1, 43, 60.00
2026/09/14 16:23:04.945, 13.35, 210, 1, 43, 60.00
2026/09/14 16:23:04.960, 13.35, 210, 1, 43, 60.00
2026/09/14 16:23:04.976, 13.35, 210, 1, 43, 60.00
2026/09/14 16:23:04.992, 13.38, 210, 1, 43, 60.00
2026/09/14 16:23:05.008, 13.38, 210, 1, 43, 60.00
2026/09/14 16:23:05.024, 13.38, 210, 1, 43, 60.00
2026/09/14 16:23:05.040, 13.38, 210, 1, 43, 60.00
2026/09/14 16:23:05.055, 13.38, 210, 1, 43, 60.00
2026/09/14 16:23:05.071, 13.38, 210, 1, 43, 60.00
2026/09/14 16:23:05.102, 13.45, 210, 1, 43, 60.00
2026/09/14 16:23:05.118, 13.45, 210, 1, 43, 60.00
2026/09/14 16:23:05.134, 13.45, 210, 1, 43, 60.00
2026/09/14 16:23:05.149, 13.45, 210, 1, 43, 60.00
2026/09/14 16:23:05.165, 13.45, 210, 1, 43, 60.00
2026/09/14 16:23:05.180, 13.45, 210, 1, 43, 60.00
2026/09/14 16:23:05.196, 13.52, 210, 1, 43, 60.00
2026/09/14 16:23:05.211, 13.52, 210, 1, 43, 60.00
2026/09/14 16:23:05.227, 13.52, 210, 1, 43, 60.00
2026/09/14 16:23:05.242, 13.52, 210, 1, 43, 60.00
2026/09/14 16:23:05.257, 13.52, 210, 1, 43, 60.00
2026/09/14 16:23:05.273, 13.52, 210, 1, 43, 60.00
2026/09/14 16:23:05.288, 13.52, 210, 1, 43, 60.00
2026/09/14 16:23:05.304, 13.58, 210, 2, 43, 60.00
2026/09/14 16:23:05.319, 13.58, 210, 2, 43, 60.00
2026/09/14 16:23:05.335, 13.58, 210, 2, 43, 60.00
2026/09/14 16:23:05.351, 13.58, 210, 2, 43, 60.00
2026/09/14 16:23:05.367, 13.58, 210, 2, 43, 60.00
2026/09/14 16:23:05.398, 13.67, 210, 2, 43, 60.00
2026/09/14 16:23:05.414, 13.67, 210, 2, 43, 60.00
2026/09/14 16:23:05.430, 13.67, 210, 2, 43, 60.00
2026/09/14 16:23:05.445, 13.67, 210, 2, 43, 60.00
2026/09/14 16:23:05.461, 13.67, 210, 2, 43, 60.00
2026/09/14 16:23:05.476, 13.67, 210, 2, 43, 60.00
2026/09/14 16:23:05.492, 13.71, 210, 2, 43, 60.00
2026/09/14 16:23:05.507, 13.71, 210, 1, 43, 60.00
2026/09/14 16:23:05.522, 13.71, 210, 1, 43, 60.00
2026/09/14 16:23:05.538, 13.71, 210, 1, 43, 60.00
2026/09/14 16:23:05.553, 13.71, 210, 1, 43, 60.00
2026/09/14 16:23:05.569, 13.71, 210, 1, 43, 60.00
2026/09/14 16:23:05.585, 13.71, 210, 1, 43, 60.00
2026/09/14 16:23:05.601, 13.78, 210, 1, 43, 60.00
2026/09/14 16:23:05.616, 13.78, 210, 1, 43, 60.00
2026/09/14 16:23:05.632, 13.78, 210, 1, 43, 60.00
2026/09/14 16:23:05.648, 13.78, 210, 1, 43, 60.00
2026/09/14 16:23:05.663, 13.78, 210, 1, 43, 60.00
2026/09/14 16:23:05.695, 13.81, 210, 3, 43, 60.00
2026/09/14 16:23:05.726, 13.81, 210, 3, 43, 60.00
2026/09/14 16:23:05.742, 13.81, 210, 3, 43, 60.00
2026/09/14 16:23:05.756, 13.81, 210, 3, 43, 60.00
2026/09/14 16:23:05.772, 13.81, 210, 3, 43, 60.00
2026/09/14 16:23:05.789, 13.81, 210, 3, 43, 60.00
2026/09/14 16:23:05.805, 13.80, 210, 3, 43, 60.00
2026/09/14 16:23:05.820, 13.80, 210, 3, 43, 60.00
2026/09/14 16:23:05.851, 13.80, 210, 3, 43, 60.00
2026/09/14 16:23:05.867, 13.80, 210, 3, 43, 60.00
2026/09/14 16:23:05.882, 13.80, 210, 3, 43, 60.00
2026/09/14 16:23:05.898, 13.82, 210, 1, 43, 60.00
2026/09/14 16:23:05.913, 13.82, 210, 1, 43, 60.00
2026/09/14 16:23:05.929, 13.82, 210, 1, 43, 60.00
2026/09/14 16:23:05.944, 13.82, 210, 1, 43, 60.00
2026/09/14 16:23:05.960, 13.82, 210, 1, 43, 60.00
2026/09/14 16:23:05.976, 13.82, 210, 1, 43, 60.00
2026/09/14 16:23:05.991, 13.81, 210, 1, 43, 60.00
2026/09/14 16:23:06.007, 13.81, 210, 1, 43, 60.00
2026/09/14 16:23:06.023, 13.81, 210, 1, 43, 60.00
2026/09/14 16:23:06.040, 13.81, 210, 1, 43, 60.00
2026/09/14 16:23:06.056, 13.81, 210, 1, 43, 60.00
2026/09/14 16:23:06.071, 13.81, 210, 1, 43, 60.00
2026/09/14 16:23:06.087, 13.81, 210, 1, 43, 60.00
2026/09/14 16:23:06.102, 13.78, 210, 0, 43, 60.00
2026/09/14 16:23:06.117, 13.78, 210, 0, 43, 60.00
2026/09/14 16:23:06.133, 13.78, 210, 0, 43, 60.00
2026/09/14 16:23:06.149, 13.78, 210, 0, 43, 60.00
2026/09/14 16:23:06.164, 13.78, 210, 0, 43, 60.00
2026/09/14 16:23:06.181, 13.78, 210, 0, 43, 60.00
2026/09/14 16:23:06.197, 13.71, 210, 0, 43, 60.00
2026/09/14 16:23:06.229, 13.71, 210, 0, 43, 60.00
2026/09/14 16:23:06.245, 13.71, 210, 0, 43, 60.00
2026/09/14 16:23:06.261, 13.71, 210, 0, 43, 60.00
2026/09/14 16:23:06.276, 13.71, 210, 0, 43, 60.00
2026/09/14 16:23:06.307, 13.66, 210, 2, 43, 60.00
2026/09/14 16:23:06.322, 13.66, 210, 2, 43, 60.00
2026/09/14 16:23:06.337, 13.66, 210, 2, 43, 60.00
2026/09/14 16:23:06.353, 13.66, 210, 2, 43, 60.00
2026/09/14 16:23:06.369, 13.66, 210, 2, 43, 60.00
2026/09/14 16:23:06.385, 13.66, 210, 2, 43, 60.00
2026/09/14 16:23:06.401, 13.63, 210, 2, 43, 60.00
2026/09/14 16:23:06.417, 13.63, 210, 2, 43, 60.00
2026/09/14 16:23:06.448, 13.63, 210, 2, 43, 60.00
2026/09/14 16:23:06.463, 13.63, 210, 2, 43, 60.00
2026/09/14 16:23:06.479, 13.63, 210, 2, 43, 60.00
2026/09/14 16:23:06.495, 13.57, 210, 2, 43, 60.00
2026/09/14 16:23:06.511, 13.57, 210, 2, 43, 60.00
2026/09/14 16:23:06.527, 13.57, 210, 2, 43, 60.00
2026/09/14 16:23:06.543, 13.57, 210, 2, 43, 60.00
2026/09/14 16:23:06.558, 13.57, 210, 2, 43, 60.00
2026/09/14 16:23:06.574, 13.57, 210, 2, 43, 60.00
2026/09/14 16:23:06.590, 13.52, 210, 2, 43, 60.00
2026/09/14 16:23:06.621, 13.52, 210, 2, 43, 60.00
2026/09/14 16:23:06.636, 13.52, 210, 2, 43, 60.00
2026/09/14 16:23:06.651, 13.52, 210, 2, 43, 60.00
2026/09/14 16:23:06.667, 13.52, 210, 2, 43, 60.00
2026/09/14 16:23:06.683, 13.52, 210, 2, 43, 60.00
2026/09/14 16:23:06.699, 13.46, 210, 2, 43, 60.00
2026/09/14 16:23:06.729, 13.46, 210, 2, 43, 60.00
2026/09/14 16:23:06.760, 13.46, 210, 2, 43, 60.00
2026/09/14 16:23:06.776, 13.46, 210, 2, 43, 60.00
2026/09/14 16:23:06.792, 13.50, 210, 2, 43, 60.00
2026/09/14 16:23:06.807, 13.50, 210, 2, 43, 60.00
2026/09/14 16:23:06.837, 13.50, 210, 2, 43, 60.00
2026/09/14 16:23:06.852, 13.50, 210, 2, 43, 60.00
2026/09/14 16:23:06.869, 13.50, 210, 2, 43, 60.00
2026/09/14 16:23:06.884, 13.50, 210, 2, 43, 60.00
2026/09/14 16:23:06.901, 13.48, 210, 1, 43, 60.00
2026/09/14 16:23:06.917, 13.48, 210, 1, 43, 60.00
2026/09/14 16:23:06.932, 13.48, 210, 1, 43, 60.00
2026/09/14 16:23:06.948, 13.48, 210, 1, 43, 60.00
2026/09/14 16:23:06.964, 13.48, 210, 1, 43, 60.00
2026/09/14 16:23:06.994, 13.43, 210, 1, 43, 60.00
2026/09/14 16:23:07.010, 13.43, 210, 1, 43, 60.00
2026/09/14 16:23:07.025, 13.43, 210, 1, 43, 60.00
2026/09/14 16:23:07.041, 13.43, 210, 1, 43, 60.00
2026/09/14 16:23:07.057, 13.43, 210, 1, 43, 60.00
2026/09/14 16:23:07.073, 13.43, 210, 1, 43, 60.00
2026/09/14 16:23:07.088, 13.43, 210, 1, 43, 60.00
2026/09/14 16:23:07.105, 13.44, 210, 0, 43, 60.00
2026/09/14 16:23:07.120, 13.44, 210, 0, 43, 60.00
2026/09/14 16:23:07.136, 13.44, 210, 0, 43, 60.00
2026/09/14 16:23:07.152, 13.44, 210, 0, 43, 60.00
2026/09/14 16:23:07.167, 13.44, 210, 0, 43, 60.00
2026/09/14 16:23:07.183, 13.44, 210, 0, 43, 60.00
2026/09/14 16:23:07.214, 13.48, 210, 0, 43, 60.00
2026/09/14 16:23:07.229, 13.48, 210, 0, 43, 60.00
2026/09/14 16:23:07.245, 13.48, 210, 0, 43, 60.00
2026/09/14 16:23:07.261, 13.48, 210, 0, 43, 60.00
2026/09/14 16:23:07.293, 13.49, 210, 1, 43, 60.00
2026/09/14 16:23:07.324, 13.49, 210, 1, 43, 60.00
2026/09/14 16:23:07.339, 13.49, 210, 1, 43, 60.00
2026/09/14 16:23:07.355, 13.49, 210, 1, 43, 60.00
2026/09/14 16:23:07.370, 13.49, 210, 1, 43, 60.00
2026/09/14 16:23:07.386, 13.49, 210, 1, 43, 60.00
2026/09/14 16:23:07.401, 13.47, 210, 1, 43, 60.00
2026/09/14 16:23:07.416, 13.47, 210, 1, 43, 60.00
2026/09/14 16:23:07.432, 13.47, 210, 1, 43, 60.00
2026/09/14 16:23:07.447, 13.47, 210, 1, 43, 60.00
2026/09/14 16:23:07.462, 13.47, 210, 1, 43, 60.00
2026/09/14 16:23:07.477, 13.47, 210, 1, 43, 60.00
2026/09/14 16:23:07.493, 13.43, 210, 1, 43, 60.00
2026/09/14 16:23:07.508, 13.43, 210, 0, 43, 60.00
2026/09/14 16:23:07.524, 13.43, 210, 0, 43, 60.00
2026/09/14 16:23:07.539, 13.43, 210, 0, 43, 60.00
2026/09/14 16:23:07.555, 13.43, 210, 0, 43, 60.00
2026/09/14 16:23:07.570, 13.43, 210, 0, 43, 60.00
2026/09/14 16:23:07.587, 13.43, 210, 0, 43, 60.00
2026/09/14 16:23:07.602, 13.42, 210, 0, 43, 60.00
2026/09/14 16:23:07.618, 13.42, 210, 0, 43, 60.00
2026/09/14 16:23:07.633, 13.42, 210, 0, 43, 60.00
2026/09/14 16:23:07.666, 13.42, 210, 0, 43, 60.00
2026/09/14 16:23:07.681, 13.42, 210, 0, 43, 60.00
2026/09/14 16:23:07.697, 13.46, 210, 1, 43, 60.00
2026/09/14 16:23:07.729, 13.46, 210, 1, 43, 60.00
2026/09/14 16:23:07.745, 13.46, 210, 1, 43, 60.00
2026/09/14 16:23:07.760, 13.46, 210, 1, 43, 60.00
2026/09/14 16:23:07.776, 13.46, 210, 1, 43, 60.00
2026/09/14 16:23:07.792, 13.45, 210, 1, 43, 60.00
2026/09/14 16:23:07.823, 13.45, 210, 1, 43, 60.00
2026/09/14 16:23:07.839, 13.45, 210, 1, 43, 60.00
2026/09/14 16:23:07.855, 13.45, 210, 1, 43, 60.00
2026/09/14 16:23:07.871, 13.45, 210, 1, 43, 60.00
2026/09/14 16:23:07.886, 13.45, 210, 1, 43, 60.00
2026/09/14 16:23:07.901, 13.42, 210, 1, 43, 60.00
2026/09/14 16:23:07.932, 13.42, 210, 1, 43, 60.00
2026/09/14 16:23:07.948, 13.42, 210, 1, 43, 60.00
2026/09/14 16:23:07.963, 13.42, 210, 1, 43, 60.00
2026/09/14 16:23:07.979, 13.42, 210, 1, 43, 60.00
2026/09/14 16:23:07.995, 13.47, 210, 1, 43, 60.00
2026/09/14 16:23:08.011, 13.47, 210, 1, 43, 60.00
2026/09/14 16:23:08.027, 13.47, 210, 1, 43, 60.00
2026/09/14 16:23:08.043, 13.47, 210, 1, 43, 60.00
2026/09/14 16:23:08.073, 13.47, 210, 1, 43, 60.00
2026/09/14 16:23:08.089, 13.46, 210, 1, 43, 60.00
2026/09/14 16:23:08.121, 13.46, 210, 2, 43, 60.00
2026/09/14 16:23:08.137, 13.46, 210, 2, 43, 60.00
2026/09/14 16:23:08.152, 13.46, 210, 2, 43, 60.00
2026/09/14 16:23:08.168, 13.46, 210, 2, 43, 60.00
2026/09/14 16:23:08.183, 13.46, 210, 2, 43, 60.00
2026/09/14 16:23:08.198, 13.47, 210, 2, 43, 60.00
2026/09/14 16:23:08.214, 13.47, 210, 2, 43, 60.00
2026/09/14 16:23:08.229, 13.47, 210, 2, 43, 60.00
2026/09/14 16:23:08.244, 13.47, 210, 2, 43, 60.00
2026/09/14 16:23:08.260, 13.47, 210, 2, 43, 60.00
2026/09/14 16:23:08.275, 13.47, 210, 2, 43, 60.00
2026/09/14 16:23:08.290, 13.44, 210, 2, 43, 60.00
2026/09/14 16:23:08.306, 13.44, 210, 0, 43, 60.00
2026/09/14 16:23:08.321, 13.44, 210, 0, 43, 60.00
2026/09/14 16:23:08.353, 13.44, 210, 0, 43, 60.00
2026/09/14 16:23:08.368, 13.44, 210, 0, 43, 60.00
2026/09/14 16:23:08.384, 13.44, 210, 0, 43, 60.00
2026/09/14 16:23:08.400, 13.49, 210, 0, 43, 60.00
2026/09/14 16:23:08.416, 13.49, 210, 0, 43, 60.00
